aeid	kind	name	confidence	vr	vr_offset	sse_1_5_97	sse_route	flags	db_name	site
11437	pointer	GetDefaultStringManager	curated-verified	0x1401150c0	0x1150c0	0x140104ad0	both		FixedStrings* FixedStrings::GetSingleton()	Code/client/Games/Skyrim/DefaultStringManager.cpp:9
11612	pointer	setWornData	auto-diff	0x14011e470	0x11e470	0x14010de90	addr-match			Code/client/Games/Skyrim/ExtraData/ExtraDataList.cpp:112
11616	pointer	setHealth	auto-diff	0x14011ea00	0x11ea00	0x14010e420	addr-match			Code/client/Games/Skyrim/ExtraData/ExtraDataList.cpp:126
11619	pointer	setChargeData	auto-diff	0x14011ede0	0x11ede0	0x14010e800	addr-match			Code/client/Games/Skyrim/ExtraData/ExtraDataList.cpp:104
11620	pointer	setSoulData	curated-verified	0x14011ef40	0x11ef40	0x14010e960	addr-match		RE::BSExtraDataList::SetSoul	Code/client/Games/Skyrim/ExtraData/ExtraDataList.cpp:97
11806	pointer	realSetLevelMod	auto-diff	0x140129a30	0x129a30	0x140119450	both			Code/client/Games/Skyrim/Actor.cpp:219
11822	pointer	setPoison	auto-diff	0x14012a640	0x12a640	0x14011a060	addr-match			Code/client/Games/Skyrim/ExtraData/ExtraDataList.cpp:119
12052	pointer	s_hasQuestObjectAlias	curated-identical	0x140136c30	0x136c30	0x140126650	both		bool ExtraDataList::HasQuestObjectAlias (BSExtraDataList * a_this)	Code/client/Games/Skyrim/ExtraData/ExtraDataList.cpp:140
12060	pointer	setEnchantmentData	curated-identical	0x1401372b0	0x1372b0	0x140126cd0	addr-match		void ExtraDataList::SetEnchantment(EnchantmentItem* a_enchantment	Code/client/Games/Skyrim/ExtraData/ExtraDataList.cpp:133
12401	pointer	realSetLock	auto-diff	0x1401454a0	0x1454a0	0x140134af0	addr-match			Code/client/Games/Misc/Lock.cpp:6
13631	pointer	s_start	curated-verified	0x140175a10	0x175a10	0x1401652d0	addr-match		void UIMessageQueue::AddMessage (UIMessageQueue * a_this	Code/client/Games/Skyrim/Interface/UI.cpp:148
13718	pointer	getCell	auto-diff	0x14017c4e0	0x17c4e0	0x14016bac0	addr-match			Code/client/Games/ModManager.cpp:68
13723	pointer	s_realSpawnNewREFR	curated-verified	0x14017cc30	0x17cc30	0x14016c210	both		ObjectRefHandle TESDataHandler::CreateReferenceAtLocation(TESBoundObject* a_base	Code/client/Games/ModManager.cpp:76
13878	pointer	skyGet	curated-verified	0x1401876a0	0x1876a0	0x140177790	both		RE::Sky::GetSingleton	Code/client/Games/Skyrim/Sky/Sky.cpp:13
13894	pointer	GetDefaultObjectManager	curated-verified	0x1401077c0	0x1077c0	0x1400f7210	id-map		BGSDefaultObjectManager* BGSDefaultObjectManager::GetSingleton()	Code/client/Games/Skyrim/DefaultObjectManager.cpp:9
14298	pointer	s_getEventDispatcherManager	curated-verified	0x1401964c0	0x1964c0	0x140186790	both		ScriptEventSourceHolder* ScriptEventSourceHolder::GetSingleton()	Code/client/Games/Skyrim/Events/EventDispacther.cpp:42
14375	pointer	s_SetLeveledNpc	auto-diff	0x14019c0c0	0x19c0c0	0x14018c390	addr-match			Code/client/Games/Skyrim/Forms/TESNPC.cpp:18
14529	pointer	s_getItemCount	auto-diff	0x14019f970	0x19f970	0x14018fc40	addr-match			Code/client/Games/Skyrim/Components/TESContainer.cpp:7
14617	pointer	getFormById	curated-identical	0x1401a3f60	0x1a3f60	0x140194230	both		static TESForm * TESForm::LookupFormById_140194230 (int a_formid)	Code/client/Games/Forms.cpp:15
14774	hook	getGenerator	auto-diff	0x1401a8cd0	0x1a8cd0	0x140198fa0	addr-match			Code/client/Games/Skyrim/BSRandom/BSRandom.cpp:20
14953	pointer	s_constructor	UNMAPPED				none			Code/client/Games/Skyrim/Components/TESTexture.cpp:9
15002	pointer	sub_1401A2220	override	0x1401b1f00	0x1b1f00		none		sub_1401A2220 - 1.5.97 address taken from the symbol name, mapped through sse_vr.csv	Code/client/Games/Skyrim/AnimationExperiments.cpp:376
15006	pointer	sub_1401A1D50	override	0x1401b1a30	0x1b1a30		none		sub_1401A1D50 - 1.5.97 address taken from the symbol name, mapped through sse_vr.csv	Code/client/Games/Skyrim/AnimationExperiments.cpp:407
16005	pointer	s_isQuestObject	curated-verified	0x1401e7740	0x1e7740	0x1401d6ba0	both		bool InventoryEntryData::IsQuestObject()	Code/client/Games/Skyrim/ExtraData/ExtraContainerChanges.cpp:33
16040	pointer	s_getContainerChangs	curated-verified	0x1401e99e0	0x1e99e0	0x1401d8e40	both		InventoryChanges* TESObjectREFR::MakeInventoryChanges()	Code/client/Games/Skyrim/TESObjectREFR.cpp:413
16113	pointer	s_getArmor	UNMAPPED			0x1401e7570	both			Code/client/Games/Skyrim/ExtraData/ExtraContainerChanges.cpp:78
16142	pointer	s_save	auto-diff	0x1401fce80	0x1fce80	0x1401ec310	addr-match			Code/client/Games/Skyrim/ExtraData/ExtraContainerChanges.cpp:15
16143	pointer	s_load	auto-diff	0x1401fcfb0	0x1fcfb0	0x1401ec440	addr-match			Code/client/Games/Skyrim/ExtraData/ExtraContainerChanges.cpp:24
17201	pointer	s_getRefrByHandle	auto-diff	0x140224a70	0x224a70	0x1402130f0	addr-match			Code/client/Games/Skyrim/TESObjectREFR.cpp:110
18518	pointer	getModifiedDistance	auto-diff	0x14025b7c0	0x25b7c0	0x14024a0e0	addr-match			Code/client/Services/Debug/Views/CombatView.cpp:84
18563	pointer	s_clearImageSpaceModifier	auto-diff	0x14025da30	0x25da30	0x14024c340	addr-match			Code/client/Games/Skyrim/NetImmerse/ImageSpaceModifierInstance.h:24
18573	pointer	s_clearImageSpaceModifier	curated-identical	0x14025e3c0	0x25e3c0	0x14024ccd0	both		void ImageSpaceModifierInstanceForm::Stop(TESImageSpaceModifier* a_imod)	Code/client/Games/Skyrim/Forms/ImageSpaceModifierInstanceForm.h:12
19075	pointer	s_getCOCPlacementInfo	auto-diff	0x14027a4c0	0x27a4c0	0x140268ef0	addr-match			Code/client/Games/Skyrim/Forms/TESObjectCELL.cpp:30
19364	pointer	s_pushEvent	UNMAPPED				none			Code/client/Games/Skyrim/Events/EventDispacther.cpp:32
19512	pointer	s_lockChange	auto-diff	0x140297310	0x297310	0x140285be0	addr-match			Code/client/Games/Skyrim/TESObjectREFR.cpp:1102
19689	pointer	s_removeInventoryItem	auto-diff	0x14029f110	0x29f110	0x14028d9e0	addr-match			Code/client/Games/Skyrim/TESObjectREFR.cpp:1108
19702	pointer	s_getContainer	auto-diff	0x14029fac0	0x29fac0	0x14028e390	addr-match			Code/client/Games/Skyrim/TESObjectREFR.cpp:433
19708	pointer	s_addInventoryItem	auto-diff	0x14029fdb0	0x29fdb0	0x14028e680	addr-match			Code/client/Games/Skyrim/TESObjectREFR.cpp:1107
19742	pointer	s_SpawnActorInWorld	auto-diff	0x1402a5710	0x2a5710	0x140294000	both			Code/client/Games/Skyrim/Actor.cpp:1278
19784	pointer	refrGetWorldLocation	auto-diff	0x1402a7ba0	0x2a7ba0	0x1402964a0	addr-match			Code/client/Services/Debug/Views/CombatView.cpp:77
19787	pointer	s_rotateX	auto-diff	0x1402a7d80	0x2a7d80	0x140296680	both			Code/client/Games/Skyrim/TESObjectREFR.cpp:1103
19788	pointer	s_rotateY	auto-diff	0x1402a7e40	0x2a7e40	0x140296740	both			Code/client/Games/Skyrim/TESObjectREFR.cpp:1104
19789	pointer	s_rotateZ	auto-diff	0x1402a7f00	0x2a7f00	0x140296800	both			Code/client/Games/Skyrim/TESObjectREFR.cpp:1105
19790	pointer	s_setPosition	curated-verified	0x1402a8010	0x2a8010	0x140296910	both		void TESObjectREFR::SetPosition(const NiPoint3& a_pos)	Code/client/Games/Skyrim/Actor.cpp:1271
19796	pointer	s_activate	curated-identical	0x1402a8300	0x2a8300	0x140296c00	addr-match		bool TESObjectREFR::ActivateRef(TESObjectREFR* a_activator	Code/client/Games/Skyrim/TESObjectREFR.cpp:1106
19800	pointer	s_enable	curated-identical	0x1402a9890	0x2a9890	0x140298190	both		void TESObjectREFR::Enable(bool a_resetInventory)	Code/client/Games/Skyrim/TESObjectREFR.cpp:908
19812	pointer	s_GetActorLocation	curated-verified	0x1402aabf0	0x2aabf0	0x1402994f0	both		BGSLocation* TESObjectREFR::GetCurrentLocation()	Code/client/Games/Skyrim/Actor.cpp:1276
19846	pointer	s_getHandle	auto-diff	0x1402ad090	0x2ad090	0x14029b980	addr-match			Code/client/Games/Skyrim/TESObjectREFR.cpp:123
20203	pointer	getLocationEncounterZone	auto-diff	0x1402b8480	0x2b8480	0x1402a6d10	addr-match			Code/client/Services/Debug/Views/CombatView.cpp:36
20221	pointer	realCreateLock	curated-verified	0x1402b89e0	0x2b89e0	0x1402a7270	addr-match		REFR_LOCK* TESObjectREFR::AddLock()	Code/client/Games/Skyrim/TESObjectREFR.cpp:384
20223	pointer	realGetLock	curated-verified	0x1402b8c30	0x2b8c30	0x1402a74c0	addr-match		RE::TESObjectREFR::GetLock	Code/client/Games/Skyrim/TESObjectREFR.cpp:376
20460	pointer	s_loadCell	curated-identical	0x1402c3850	0x2c3850	0x1402b20e0	addr-match		TESWorldSpace * TESWorldSpace::sub_1402B20E0 (TESWorldSpace * a_this)	Code/client/Games/Skyrim/Forms/TESWorldSpace.cpp:6
21600	pointer	isFirstPerson	auto-diff	0x1402ed9a0	0x2ed9a0	0x1402dc490	addr-match			Code/client/Games/Skyrim/Camera/PlayerCamera.cpp:15
21622	pointer	hasPerk	auto-diff	0x1402ee440	0x2ee440	0x1402dcf30	addr-match			Code/client/Games/Skyrim/Magic/MagicTarget.cpp:234
23231	pointer	CompleteAll	auto-diff	0x140332a90	0x332a90	0x1403232e0	addr-match			Code/client/Games/Skyrim/Forms/TESQuest.cpp:43
24568	pointer	GetSomeIdleProperty	auto-diff	0x140367980	0x367980	0x1403580c0	addr-match			Code/client/Games/Skyrim/AnimationExperiments.cpp:255
24987	pointer	SetStopped	auto-diff	0x14037f980	0x37f980	0x14036ffe0	addr-match			Code/client/Games/Skyrim/Forms/TESQuest.cpp:69
24991	pointer	SetCompleted	curated-verified	0x14037fc30	0x37fc30	0x140370290	both		TESQuest::CompleteQuest	Code/client/Games/Skyrim/Forms/TESQuest.cpp:36
25003	pointer	SetRunning	curated-verified	0x1403802b0	0x3802b0	0x140370910	both		RE::TESQuest::EnsureQuestStarted	Code/client/Games/Skyrim/Forms/TESQuest.cpp:87
25004	pointer	SetStage	auto-diff	0x1403803d0	0x3803d0	0x140370a30	addr-match			Code/client/Games/Skyrim/Forms/TESQuest.cpp:96
25066	pointer	getAliasedRef	curated-verified	0x140388110	0x388110	0x140378760	both		RE::TESQuest::CreateRefHandleByAliasID	Code/client/Games/Skyrim/Forms/TESQuest.cpp:10
26231	pointer	updateWeather	curated-weak	0x1403c1a20	0x3c1a20	0x1403b1c80	both		papyrus_extender::events::game::weatherevent::target_0x416	Code/client/Games/Skyrim/Sky/Sky.cpp:93
26241	pointer	setWeather	curated-identical	0x1403c47c0	0x3c47c0	0x1403b49a0	addr-match		RE::Sky::SetWeather	Code/client/Games/Skyrim/Sky/Sky.cpp:91
26242	pointer	resetWeather	curated-identical	0x1403c4840	0x3c4840	0x1403b4a20	addr-match		RE::Sky::ResetWeather	Code/client/Games/Skyrim/Sky/Sky.cpp:41
26243	pointer	forceWeather	curated-identical	0x1403c48c0	0x3c48c0	0x1403b4aa0	addr-match		RE::Sky::ForceWeather	Code/client/Games/Skyrim/Sky/Sky.cpp:92
26244	pointer	releaseWeatherOverride	auto-diff	0x1403c4970	0x3c4970	0x1403b4b50	addr-match			Code/client/Games/Skyrim/Sky/Sky.cpp:33
26503	pointer	s_getDifficultyMultiplier	curated-identical	0x1403d0a80	0x3d0a80	0x1403c1200	addr-match		float GetDifficultyMultiplier(uint32_t a_difficulty	Code/client/Games/References.cpp:56
27040	pointer	CreateTints	curated-weak	0x1403eada0	0x3eada0	0x1403db420	addr-match		ApplyMasksToRenderTargets	Code/client/Systems/FaceGenSystem.cpp:64
27244	pointer	s_calculateExperience	auto-diff	0x1403f2ff0	0x3f2ff0	0x1403e3640	addr-match			Code/client/Games/Skyrim/PlayerCharacter.cpp:251
32802	pointer	sub_1404ECF50	auto-diff	0x1404fd1c0	0x4fd1c0	0x1404ecf50	addr-match			Code/client/Games/Skyrim/AnimationExperiments.cpp:338
32803	pointer	sub_1404ED090	auto-diff	0x1404fd300	0x4fd300	0x1404ed090	addr-match			Code/client/Games/Skyrim/AnimationExperiments.cpp:375
32883	pointer	InternalRevertAnimationGraphManager	auto-diff	0x140500890	0x500890	0x1404f0620	addr-match			Code/client/Games/IAnimationGraphManagerHolder.cpp:34
32885	pointer	InternalSetBoolVariable	curated-verified	0x140500950	0x500950	0x1404f06e0	both		bool IAnimationGraphManagerHolder::SetGraphVariableBool(const BSFixedString& a_variableName	Code/client/Games/IAnimationGraphManagerHolder.cpp:26
32886	pointer	InternalSetIntVariable	curated-verified	0x140500970	0x500970	0x1404f0700	both		bool IAnimationGraphManagerHolder::SetGraphVariableInt(const BSFixedString& a_variableName	Code/client/Games/IAnimationGraphManagerHolder.cpp:18
32887	pointer	InternalSetFloatVariable	curated-verified	0x140500990	0x500990	0x1404f0720	both		bool IAnimationGraphManagerHolder::SetGraphVariableFloat(const BSFixedString& a_variableName	Code/client/Games/IAnimationGraphManagerHolder.cpp:10
33235	pointer	setTarget	auto-diff	0x14050e480	0x50e480	0x1404fdfe0	addr-match			Code/client/Games/Skyrim/Combat/CombatController.cpp:73
33236	pointer	s_updateTarget	auto-diff	0x14050e7a0	0x50e7a0	0x1404fe300	addr-match			Code/client/Games/Skyrim/Combat/CombatController.cpp:81
33261	pointer	checkMovement	auto-diff	0x14050ff00	0x50ff00	0x1404ffa60	addr-match			Code/client/Services/Debug/Views/CombatView.cpp:97
33282	pointer	sortTargetSelectors	auto-diff	0x140510b20	0x510b20	0x140500680	both			Code/client/Games/Skyrim/Combat/CombatController.cpp:11
33285	pointer	arrayQuickSort	auto-diff	0x140510c90	0x510c90	0x1405007f0	addr-match			Code/client/Games/Skyrim/Combat/CombatController.cpp:8
34053	pointer	adjustForPerks	auto-diff	0x140540cc0	0x540cc0	0x14053df40	addr-match			Code/client/Games/Skyrim/Magic/MagicTarget.cpp:233
34140	pointer	s_interruptCast	auto-diff	0x140545640	0x545640	0x140541d90	addr-match			Code/client/Games/Skyrim/Magic/ActorMagicCaster.cpp:63
34144	pointer	s_spellCast	auto-diff	0x140546260	0x546260	0x140542470	both			Code/client/Games/Skyrim/Magic/ActorMagicCaster.cpp:62
34370	pointer	s_finish	auto-diff	0x14054f500	0x54f500	0x14054b2f0	addr-match			Code/client/Games/Skyrim/Effects/InvisibilityEffect.cpp:27
34401	pointer	s_castSpell	override	0x140550540	0x550540		none		MagicCaster::CastSpell - call graph, four-argument spill matches SE 0x1405BB720	Code/client/Games/Skyrim/Magic/MagicCaster.cpp:7
34408	pointer	s_interruptCast	curated-identical	0x140550d40	0x550d40	0x14054cb70	addr-match		void MagicCaster::InterruptCast(bool a_refund) src\RE\M/MagicCaster.cpp:40	Code/client/Games/Skyrim/Magic/MagicCaster.cpp:16
34410	pointer	findTargets	curated-verified	0x140550ec0	0x550ec0	0x14054cd10	addr-match		bool MagicCaster::FindTargets(float a_effectivenessMult	Code/client/Games/Skyrim/Magic/MagicTarget.cpp:232
34452	hook	hookLoc	curated-verified	0x140554980	0x554980	0x1405506c0	addr-match		MagicCaster::LaunchSpell	Code/client/Games/Skyrim/Projectiles/Projectile.cpp:123
34512	pointer	dispelAllSpells	addrlib	0x140557070	0x557070	0x140552e10	addr-match			Code/client/Games/Skyrim/Magic/MagicTarget.cpp:41
34525	pointer	checkAddEffectTargetData	curated-verified	0x140557830	0x557830	0x1405535c0	addr-match		bool MagicTarget::AddTargetData::CheckAddEffect(MagicTarget::AddTargetData* a_this	Code/client/Games/Skyrim/Magic/MagicTarget.cpp:231
34526	pointer	addTarget	curated-weak	0x1405579c0	0x5579c0	0x140553750	id-map		papyrus_extender::events::game::magictargetapply_0x1e8	Code/client/Games/Skyrim/Magic/MagicTarget.cpp:230
34529	pointer	getTargetAsActor	auto-diff	0x140557f80	0x557f80	0x140553e90	addr-match			Code/client/Games/Skyrim/Magic/MagicTarget.cpp:77
34989	pointer	s_start	auto-diff	0x140569920	0x569920	0x1405636b0	addr-match			Code/client/Games/Skyrim/Effects/SummonCreatureEffect.h:30
35086	pointer	s_applyActorEffect	auto-diff	0x14056e070	0x56e070	0x140567a80	addr-match			Code/client/Games/Skyrim/Actor.cpp:1280
35269	pointer	s_playDialogueOption	auto-diff	0x140574bf0	0x574bf0	0x14056e5f0	addr-match			Code/client/Games/Misc/MenuTopicManager.cpp:40
35503	pointer	internalGetChangeFlags	override	0x14057f650	0x57f650	0x140577ef0	addr-match		internalGetChangeFlags - six call sites pair one for one with SE 0x140600930	Code/client/Games/Forms.cpp:102
35993	pointer	ctor	UNMAPPED				none			Code/client/Games/SaveLoad.cpp:49
36000	pointer	s_readFormId	auto-diff	0x14059f160	0x59f160	0x140597aa0	addr-match			Code/client/Games/SaveLoad.cpp:119
36035	pointer	ctor	auto-diff	0x1405a0b00	0x5a0b00	0x140599440	both			Code/client/Games/SaveLoad.cpp:20
36047	pointer	s_writeId	auto-diff	0x1405a0ff0	0x5a0ff0	0x140599930	both			Code/client/Games/SaveLoad.cpp:121
36048	pointer	s_writeFormId	auto-diff	0x1405a1070	0x5a1070	0x1405999b0	addr-match			Code/client/Games/SaveLoad.cpp:120
36165	pointer	addWeaponEnchantment	curated-identical	0x1405a67b0	0x5a67b0	0x14059f0f0	addr-match		EnchantmentItem* BGSCreatedObjectManager::AddWeaponEnchantment(BSTArray<Effect>& a_effects)	Code/client/Games/Skyrim/Forms/EnchantmentItem.cpp:11
36166	pointer	addArmorEnchantment	curated-identical	0x1405a6850	0x5a6850	0x14059f190	addr-match		EnchantmentItem* BGSCreatedObjectManager::AddArmorEnchantment(BSTArray<Effect>& a_effects)	Code/client/Games/Skyrim/Forms/EnchantmentItem.cpp:13
36291	pointer	s_SimulateTime	curated-identical	0x1405ad8f0	0x5ad8f0	0x1405a6230	addr-match		void Calendar::Update_1405a6230 (Calendar * a_this	Code/client/Games/TimeManager.cpp:25
36544	pointer	winMain	override	0x1405b4290	0x5b4290		none		winMain - target of the CRT invoke_main call sequence in SkyrimVR.exe	Code/client/TiltedOnlineApp.cpp:49
36548	hook	MainInit	override	0x1405b65e0	0x5b65e0		none		MainInit - second call out of WinMain, prologue identical to SE 0x140641190	Code/client/Games/Skyrim/Interface/UI.cpp:139
36564	pointer	cMainLoop	override	0x1405bab10	0x5bab10		none		cMainLoop - callee of the Sleep(50) main-loop block in SkyrimVR.exe	Code/client/SkyrimVM64.cpp:48
37147	pointer	sub_1405CCB20	auto-diff	0x1405d5120	0x5d5120	0x1405ccb20	addr-match			Code/client/Games/Skyrim/AnimationExperiments.cpp:337
37175	pointer	s_characterDtor	auto-diff	0x1405d63a0	0x5d63a0	0x1405cdda0	addr-match			Code/client/Games/Skyrim/Actor.cpp:1275
37198	pointer	addDeathItems	curated-identical	0x1405d80a0	0x5d80a0	0x1405cfac0	addr-match		void Actor::AddDeathItems()	Code/client/Games/Skyrim/Actor.cpp:1290
37313	pointer	s_ForceState	auto-diff	0x1405dc650	0x5dc650	0x1405d4090	addr-match			Code/client/Games/Skyrim/Actor.cpp:1277
37334	pointer	s_getLevel	curated-verified	0x1405de910	0x5de910	0x1405d62e0	addr-match		RE::Actor::GetLevel	Code/client/Games/Skyrim/Actor.cpp:149
37335	pointer	s_damageActor	curated-verified	0x1405de930	0x5de930	0x1405d6300	addr-match		Actor::DamageHealth	Code/client/Games/Skyrim/Actor.cpp:1279
37356	pointer	s_actorProcess	auto-diff	0x1405e0e20	0x5e0e20	0x1405d87f0	addr-match			Code/client/Games/Skyrim/Actor.cpp:1270
37448	pointer	s_regenAttributes	curated-verified	0x1405e9b60	0x5e9b60	0x1405e1510	addr-match		float TESObjectREFR::GetSubmergeLevel_1405E1510 (TESObjectREFR * a_this	Code/client/Games/Skyrim/Actor.cpp:1281
37511	pointer	s_payGoldToContainer	auto-diff	0x1405ee4f0	0x5ee4f0	0x1405e5dd0	addr-match			Code/client/Games/Skyrim/TESObjectREFR.cpp:369
37521	pointer	s_pickUpObject	auto-diff	0x1405eeca0	0x5eeca0	0x1405e6580	addr-match			Code/client/Games/Skyrim/Actor.cpp:1283
37525	pointer	s_addInventoryItem	auto-diff	0x1405ef640	0x5ef640	0x1405e6f20	addr-match			Code/client/Games/Skyrim/Actor.cpp:1282
37527	pointer	s_getGoldAmount	auto-diff	0x1405efa10	0x5efa10	0x1405e72f0	addr-match			Code/client/Games/Skyrim/Actor.cpp:679
37542	pointer	s_speakSoundFunction	curated-verified	0x1405f0e20	0x5f0e20	0x1405e8700	addr-match		po3tweaks::VoiceModulation::SetObjectToFollow	Code/client/Games/Skyrim/Actor.cpp:1289
37577	pointer	isFleeing	auto-diff	0x1405f5280	0x5f5280	0x1405ecb70	addr-match			Code/client/Games/Skyrim/Actor.cpp:1291
37677	pointer	s_setFactionRankInternal	auto-diff	0x140600220	0x600220	0x1405f7ab0	addr-match			Code/client/Games/Skyrim/Actor.cpp:768
37698	pointer	getPerkRank	curated-verified	0x1406025a0	0x6025a0	0x1405f9e30	addr-match		RE::Actor::HasPerk	Code/client/Games/Skyrim/Actor.cpp:381
37717	pointer	setPlayerTeammate	override	0x140602f40	0x602f40		none		Actor::SetPlayerTeammate - compares this against the player singleton exactly as SE 0x14068D690	Code/client/Games/Skyrim/Actor.cpp:776
37757	pointer	getDetectionState	auto-diff	0x140604f30	0x604f30	0x1405fc740	addr-match			Code/client/Services/Debug/Views/CombatView.cpp:51
37905	pointer	s_initiateMountPackage	auto-diff	0x14060e300	0x60e300	0x140605b10	addr-match			Code/client/Games/Skyrim/Actor.cpp:1287
37975	pointer	s_unequipObject	auto-diff	0x140612420	0x612420	0x140609860	both			Code/client/Games/Skyrim/Actor.cpp:1288
38533	pointer	s_setNoBleedoutRecovery	auto-diff	0x14062c950	0x62c950	0x140623ba0	addr-match			Code/client/Games/Skyrim/Actor.cpp:308
38717	pointer	s_removeSpell	curated-verified	0x1406385f0	0x6385f0	0x14062f720	both		bool Actor::RemoveSpell(SpellItem* a_spell)	Code/client/Games/Skyrim/Actor.cpp:1272
38757	pointer	s_interruptCast	curated-verified	0x14063ab50	0x63ab50	0x140631c80	both		void Actor::InterruptCast(bool a_restoreMagicka)	Code/client/Games/Skyrim/Actor.cpp:449
38894	pointer	s_equipFunc	curated-identical	0x140640a90	0x640a90	0x140637a80	addr-match		RE::ActorEquipManager::EquipObject	Code/client/Games/Skyrim/EquipManager.cpp:73
38896	pointer	s_equipFunc	auto-diff	0x140640c40	0x640c40	0x140637c30	addr-match			Code/client/Games/Skyrim/EquipManager.cpp:97
38897	pointer	s_equipFunc	curated-weak	0x140640cb0	0x640cb0	0x140637ca0	both		void ActorEquipManager::EquipShout(Actor* a_actor	Code/client/Games/Skyrim/EquipManager.cpp:117
38899	pointer	s_unequipAll	curated-identical	0x140640f30	0x640f30	0x140637f20	addr-match		void FUN_140637f20 (undefined8 param_1	Code/client/Games/Skyrim/EquipManager.cpp:137
38901	pointer	s_unequipFunc	curated-identical	0x1406411a0	0x6411a0	0x140638190	both		RE::ActorEquipManager::UnequipObject	Code/client/Games/Skyrim/EquipManager.cpp:85
38903	pointer	s_unequipFunc	auto-diff	0x1406413c0	0x6413c0	0x1406383b0	addr-match			Code/client/Games/Skyrim/EquipManager.cpp:107
38928	pointer	s_equipSpellFunc	auto-diff	0x140642b80	0x642b80	0x140639b70	addr-match			Code/client/Games/Skyrim/EquipManager.cpp:313
38929	pointer	s_equipFunc	auto-diff	0x140642e30	0x642e30	0x140639e20	addr-match			Code/client/Games/Skyrim/EquipManager.cpp:311
38930	pointer	s_equipShoutFunc	auto-diff	0x1406430e0	0x6430e0	0x14063a0d0	addr-match			Code/client/Games/Skyrim/EquipManager.cpp:315
38933	pointer	s_unequipSpellFunc	auto-diff	0x140643470	0x643470	0x14063a460	addr-match			Code/client/Games/Skyrim/EquipManager.cpp:314
38934	pointer	s_unequipFunc	auto-diff	0x1406436c0	0x6436c0	0x14063a6b0	addr-match			Code/client/Games/Skyrim/EquipManager.cpp:312
38935	pointer	s_unequipShoutFunc	auto-diff	0x140643910	0x643910	0x14063a900	addr-match			Code/client/Games/Skyrim/EquipManager.cpp:316
38949	pointer	performAction	override	0x140643f20	0x643f20		none		performAction - call graph, opening sequence identical to SE 0x1406CD0D0	Code/client/Games/Animation.cpp:186
38952	pointer	PerformIdleAction	addrlib	0x140644070	0x644070	0x14063b060	addr-match			Code/client/Games/Skyrim/AnimationExperiments.cpp:286
38953	pointer	PerformComplexAction	auto-diff	0x140644160	0x644160	0x14063b0f0	addr-match			Code/client/Games/Animation.cpp:111
38959	pointer	s_initFromPackage	auto-diff	0x140644510	0x644510	0x14063b4a0	addr-match			Code/client/Games/References.cpp:137
38979	pointer	setWeaponState	auto-diff	0x140645240	0x645240	0x14063c1d0	addr-match			Code/client/Games/Skyrim/Misc/ActorState.cpp:6
39002	pointer	sub_14063CAA0	auto-diff	0x140645b10	0x645b10	0x14063caa0	addr-match			Code/client/Games/Skyrim/AnimationExperiments.cpp:335
39004	pointer	ApplyAnimationVariables	curated-verified	0x140646160	0x646160	0x14063d0f0	addr-match		HandleAction	Code/client/Games/Animation.cpp:110
39114	pointer	s_checkForNewPackage	auto-diff	0x14064c170	0x64c170	0x140642e20	addr-match			Code/client/Games/References.cpp:136
39643	pointer	s_processResponse	auto-diff	0x14066dd50	0x66dd50	0x140664a00	addr-match			Code/client/Games/Skyrim/Actor.cpp:1286
39895	pointer	knockExplosion	curated-identical	0x140686920	0x686920	0x14067d4a0	addr-match		void AIProcess::KnockExplosion(Actor* a_actor	Code/client/Games/Skyrim/AI/AIProcess.cpp:6
40245	pointer	s_characterCtor	curated-identical	0x14069bec0	0x69bec0	0x1406928c0	addr-match		Character * Character::ctor (Character * a_this)	Code/client/Games/Skyrim/Actor.cpp:1273
40246	pointer	s_characterCtor2	auto-diff	0x14069bfc0	0x69bfc0	0x1406929c0	addr-match			Code/client/Games/Skyrim/Actor.cpp:1274
40255	pointer	QueueUpdate	curated-verified	0x14069c710	0x69c710	0x140693110	both		RE::Actor::DoReset3D	Code/client/Games/Skyrim/Actor.cpp:168
40412	pointer	cVMDestructor	addrlib	0x1406a3a30	0x6a3a30	0x140699df0	addr-match			Code/client/SkyrimVM64.cpp:50
40454	pointer	s_dropObject	auto-diff	0x1406c00f0	0x6c00f0	0x14069f910	addr-match			Code/client/Games/Skyrim/Actor.cpp:1284
40488	pointer	s_addSkillExperience	curated-verified	0x1406c30b0	0x6c30b0	0x1406a2540	addr-match		RE::PlayerCharacter::AddSkillExperience	Code/client/Games/Skyrim/PlayerCharacter.cpp:250
40533	pointer	s_pickUpObject	auto-diff	0x1406c6e00	0x6c6e00	0x1406a5300	addr-match			Code/client/Games/Skyrim/PlayerCharacter.cpp:248
40535	pointer	s_setWaypoint	auto-diff	0x1406c74d0	0x6c74d0	0x1406a59d0	addr-match			Code/client/Games/Skyrim/PlayerCharacter.cpp:252
40536	pointer	s_removeWaypoint	auto-diff	0x1406c7630	0x6c7630	0x1406a5b30	addr-match			Code/client/Games/Skyrim/PlayerCharacter.cpp:253
42345	pointer	setEnabled	curated-verified	0x14072c0a0	0x72c0a0	0x140705250	both		RE::PlayerControls::SetActivateHandlerBlocked	Code/client/Games/Skyrim/AI/Movement/PlayerControls.cpp:13
42704	pointer	s_updateDetectionState	auto-diff	0x140743170	0x743170	0x1407187d0	addr-match			Code/client/Games/Skyrim/Actor.cpp:1285
44108	pointer	s_launch	curated-verified	0x140776440	0x776440	0x14074b170	addr-match		BSPointerHandle<Projectile>* Projectile::Launch(BSPointerHandle<Projectile>* a_result	Code/client/Games/Skyrim/Projectiles/Projectile.cpp:117
47196	pointer	isValidTarget	auto-diff	0x1407e1ac0	0x7e1ac0	0x1407b6770	addr-match			Code/client/Services/Debug/Views/CombatView.cpp:44
47303	pointer	actorHasEquippedRangedWeapon_m	auto-diff	0x1407e7e90	0x7e7e90	0x1407bcb40	addr-match			Code/client/Services/Debug/Views/CombatView.cpp:70
47307	pointer	func	auto-diff	0x1407e8020	0x7e8020	0x1407bccd0	addr-match			Code/client/Services/Debug/Views/CombatView.cpp:104
50790	pointer	forceFirstPerson	curated-weak	0x140876550	0x876550	0x14084b200	both		void PlayerCamera::ForceFirstPerson()	Code/client/Games/Skyrim/Camera/PlayerCamera.cpp:37
50796	pointer	forceThirdPerson	curated-weak	0x140876610	0x876610	0x14084b350	both		void PlayerCamera::ForceThirdPerson()	Code/client/Games/Skyrim/Camera/PlayerCamera.cpp:44
51093	pointer	s_setCurrentPickREFR	curated-verified	0x1408864d0	0x8864d0	0x14085bb30	addr-match		RE::Console::SetSelectedRef	Code/client/Games/References.cpp:138
51538	hook	FavoritesCanProcess	auto-diff	0x1408a3ee0	0x8a3ee0	0x1408781c0	addr-match			Code/client/Games/Skyrim/Interface/UI.cpp:144
51925	pointer	s_requestLoadingText	auto-diff	0x1408c23e0	0x8c23e0	0x140894950	both			Code/client/Games/Skyrim/LoadingScreen.cpp:49
52510	hook	ProcessMessage	override	0x1408ec3e0	0x8ec3e0	0x1408bf360	addr-match		StatsMenu::ProcessMessage	Code/client/Games/Skyrim/Interface/Menus/SkillsMenu.cpp:26
52518	hook	controlPatch	override	0x1408ed870	0x8ed870	0x1408c0b80	addr-match		StatsMenu MenuEventHandler CanProcess - slot 1 of the secondary vtable in both builds	Code/client/Games/Skyrim/Interface/Menus/SkillsMenu.cpp:34
52626	pointer	s_showSubtitle	curated-identical	0x1408f9c60	0x8f9c60	0x1408ccbb0	addr-match		void SubtitleManager::ShowSubtitle(SubtitleManager *a_this	Code/client/Games/Misc/SubtitleManager.cpp:46
52627	pointer	s_hideSubtitle	auto-diff	0x1408f9ea0	0x8f9ea0	0x1408ccdf0	addr-match			Code/client/Games/Misc/SubtitleManager.cpp:28
52847	pointer	fadeOutGame	curated-verified	0x140903080	0x903080	0x1408d5530	addr-match		void FadeOutGame_1408d5530(undefined8 *param_1	Code/client/Games/References.cpp:77
52849	pointer	updateItemList	curated-verified	0x140903370	0x903370	0x1408d5710	addr-match		void SendUIMessage::SendInventoryUpdateMessage(TESObjectREFR* a_inventoryRef	Code/client/Games/Skyrim/TESObjectREFR.cpp:893
52933	pointer	s_showHudMessage	curated-verified	0x140908170	0x908170	0x1408da3d0	addr-match		RE::DebugNotification	Code/client/Utils.cpp:35
53112	hook	hookLoc	addrlib	0x140919330	0x919330	0x1408e6cf0	addr-match			Code/client/Games/Skyrim/Interface/Menus/MapMenu.cpp:12
53915	pointer	s_setSize	auto-diff	0x14095aa60	0x95aa60	0x140920360	both			Code/client/Games/Skyrim/Misc/BSScript.cpp:102
53926	pointer	cVMUpdate	curated-weak	0x14095c670	0x95c670	0x140921f10	addr-match		SkyrimVM::ProcessRegisteredUpdates(SkyrimVM* a_vm	Code/client/SkyrimVM64.cpp:49
54425	pointer	s_registerSink	auto-diff	0x140976690	0x976690	0x14093bff0	addr-match			Code/client/Games/Skyrim/Events/EventDispacther.cpp:12
54522	pointer	s_unregisterSink	auto-diff	0x14097bd00	0x97bd00	0x140941760	both			Code/client/Games/Skyrim/Events/EventDispacther.cpp:22
55497	pointer	s_setBeastForm	auto-diff	0x1409ad8a0	0x9ad8a0	0x140973a00	addr-match			Code/client/Games/Skyrim/PlayerCharacter.cpp:249
55739	pointer	s_bindEverythingToScript	curated-verified	0x1409baf10	0x9baf10	0x140980190	both		FDGE::BSScript::InitializeScriptTypes	Code/client/Games/Misc/BSScript.cpp:99
56205	pointer	s_playAnimation	auto-diff	0x1409d02a0	0x9d02a0	0x140995780	both			Code/client/Games/Skyrim/TESObjectREFR.cpp:1110
56206	pointer	s_playAnimationAndWait	auto-diff	0x1409d0320	0x9d0320	0x140995800	both			Code/client/Games/Skyrim/TESObjectREFR.cpp:1109
56626	pointer	s_internalMoveTo	curated-verified	0x1409e90e0	0x9e90e0	0x1409ae5c0	addr-match		RE::TESObjectREFR::MoveTo	Code/client/Games/Skyrim/TESObjectREFR.cpp:355
57185	pointer	sub_1409CA9D0	auto-diff	0x140a052c0	0xa052c0	0x1409ca770	addr-match			Code/client/Games/Skyrim/AnimationExperiments.cpp:82
57704	hook	createHavokThread	auto-diff	0x140a12230	0xa12230	0x1409d76e0	addr-match			Code/client/Games/Skyrim/BSSystem/BSThread.cpp:87
58377	pointer	HandleEvents	auto-diff	0x140a2e820	0xa2e820	0x1409f3cd0	addr-match			Code/client/Games/Skyrim/AnimationExperiments.cpp:44
58378	pointer	sub_1409F3EF0	auto-diff	0x140a2ea40	0xa2ea40	0x1409f3ef0	addr-match			Code/client/Games/Skyrim/AnimationExperiments.cpp:119
59310	pointer	sub_140A13150	auto-diff	0x140a4dca0	0xa4dca0	0x140a13150	addr-match			Code/client/Games/Skyrim/AnimationExperiments.cpp:96
60079	pointer	sub_140A4DFA0	auto-diff	0x140a88950	0xa88950	0x140a4dfa0	addr-match			Code/client/Games/Skyrim/AnimationExperiments.cpp:128
63362	pointer	BSSendEvent	auto-diff	0x140b1cfa0	0xb1cfa0	0x140ae24a0	addr-match			Code/client/Games/Skyrim/AnimationExperiments.cpp:240
63372	pointer	sub_140AE2DB0	auto-diff	0x140b1d8b0	0xb1d8b0	0x140ae2db0	addr-match			Code/client/Games/Skyrim/AnimationExperiments.cpp:227
63591	pointer	InternalSendEvent	auto-diff	0x140b2ac40	0xb2ac40	0x140aefeb0	addr-match			Code/client/Games/Skyrim/AnimationExperiments.cpp:207
68115	pointer	s_formAllocate	curated-identical	0x140c3d0e0	0xc3d0e0	0x140c02260	both		void* MemoryManager::Allocate(std::size_t a_size	Code/client/Games/Memory.cpp:72
68117	pointer	s_formFree	curated-identical	0x140c3d3e0	0xc3d3e0	0x140c02560	both		void MemoryManager::Deallocate(void* a_mem	Code/client/Games/Memory.cpp:138
68221	pointer	hash_stub	curated-verified	0x140c413f0	0xc413f0	0x140c06570	addr-match		RE::CRC32Calculator::SizeOf64	Code/client/Games/Skyrim/AnimationExperiments.cpp:165
68261	hook	threadInit	auto-diff	0x140c42c70	0xc42c70	0x140c07de0	addr-match			Code/client/Games/Skyrim/BSSystem/BSThread.cpp:78
68276	hook	unsignedInt	auto-diff	0x140c43030	0xc43030	0x140c081a0	addr-match			Code/client/Games/Skyrim/BSRandom/BSRandom.cpp:17
68545	pointer	setEnabled	curated-identical	0x140c4e600	0xc4e600	0x140c11c60	addr-match		void ControlMap::ToggleControls(UserEvents::USER_EVENT_FLAG a_flags	Code/client/Games/Skyrim/AI/Movement/PlayerControls.cpp:31
68617	hook	pollInputDevices	curated-verified	0x140c519e0	0xc519e0	0x140c150b0	addr-match		void BSInputDeviceManager::PollInputDevices_140c108 (float a_secsSinceLastFrame)	Code/client/Games/Skyrim/BSInput/BSInputDeviceManager.cpp:19
68781	hook	windowLoc	override	0x140c5e910	0xc5e910	0x140c1a060	addr-match		DirectInput SetCooperativeLevel caller - same GetActiveWindow sequence as SE 0x140CDDEE0	Code/client/Games/Skyrim/BSGraphics/BSGraphicsRenderer.cpp:103
69066	hook	setThreadName	auto-diff	0x140c6b170	0xc6b170	0x140c26240	addr-match			Code/client/Games/Skyrim/BSSystem/BSThread.cpp:83
69161	pointer	s_constructor	curated-verified	0x140c6db20	0xc6db20	0x140c28bf0	both		BSFixedString* BSFixedString::ctor8(const char* a_data)	Code/client/Games/Skyrim/Misc/BSFixedString.cpp:14
69165	pointer	s_set	auto-diff	0x140c6dc90	0xc6dc90	0x140c28d60	addr-match			Code/client/Games/Skyrim/Misc/BSFixedString.cpp:28
69192	pointer	s_release	curated-verified	0x140c6edb0	0xc6edb0	0x140c29e80	both		void Entry::release8(const char*& a_entry)	Code/client/Games/Skyrim/Misc/BSFixedString.cpp:37
69554	hook	getTaskletManagerInstance	curated-identical	0x140c7ea00	0xc7ea00	0x140c39950	addr-match		BSWin32TaskletManager* BSWin32TaskletManager::GetSingleton()	Code/client/Games/Skyrim/BSSystem/BSTaskletManager.cpp:39
70639	pointer	s_w2s	auto-diff	0x140cac090	0xcac090	0x140c66530	addr-match			Code/client/Games/Skyrim/NetImmerse/NiCamera.cpp:10
70640	pointer	s_w2s	curated-verified	0x140cac0e0	0xcac0e0	0x140c66580	addr-match		RE::NiCamera::WorldPtToScreenPt3	Code/client/Games/Skyrim/NetImmerse/NiCamera.cpp:23
70717	pointer	CreateTexture	auto-diff	0x140caef60	0xcaef60	0x140c68d20	addr-match			Code/client/Systems/FaceGenSystem.cpp:62
76207	pointer	GetObjectByName	auto-diff	0x140d8a900	0xd8a900	0x140d41970	addr-match			Code/client/Systems/FaceGenSystem.cpp:25
77226	hook	initWindowLoc	override	0x140dba850	0xdba850	0x140d68dd0	addr-match		void Renderer::Init(RendererInitOSData* a_data	Code/client/Games/Skyrim/BSGraphics/BSGraphicsRenderer.cpp:92
77246	hook	timerLoc	curated-verified	0x140dbbdd0	0xdbbdd0	0x140d6a2b0	addr-match		void BSGraphics::Renderer::End()	Code/client/Games/Skyrim/BSGraphics/BSGraphicsRenderer.cpp:110
77299	pointer	CreateResourceView	curated-verified	0x140dbf9b0	0xdbf9b0	0x140d6dbc0	both		NiTexture::RendererData* BSRenderManager::CreateRenderTexture(std::uint32_t a_width	Code/client/Systems/FaceGenSystem.cpp:63
82074	pointer	s_isMenuOpen	auto-diff	0x140f1a3b0	0xf1a3b0	0x140ebe150	addr-match			Code/client/Games/Skyrim/Interface/UI.cpp:23
82082	hook	ProcessHook	override	0x140f1a770	0xf1a770	0x140ebe630	addr-match		UI menu message pump - call sequence aligns with SE 0x140FA3FA0 throughout	Code/client/Games/Skyrim/Interface/UI.cpp:134
82088	pointer	s_CloseAll	addrlib	0x140f1bf10	0xf1bf10	0x140ebfb70	addr-match			Code/client/Games/Skyrim/Interface/UI.cpp:31
104247	pointer	s_getHandle	curated-verified	0x14126bbd0	0x126bbd0	0x141233720	id-map		VMHandle Object::GetHandle()	Code/client/Games/Skyrim/Misc/BSScript.cpp:7
104296	pointer	s_reset	UNMAPPED				none			Code/client/Games/Skyrim/Misc/BSScript.cpp:24
104359	pointer	s_signaturesMatch	auto-diff	0x1412751b0	0x12751b0	0x14123cd00	addr-match			Code/client/Games/Misc/BSScript.cpp:100
104483	pointer	getPageForFrame	auto-diff	0x14129a6c0	0x129a6c0	0x141244970	both			Code/client/Games/Skyrim/Misc/BSScript.h:122
104484	pointer	getStackFrameVariable	curated-verified	0x14129a720	0x129a720	0x1412449d0	both		RE::BSScript::Stack::GetStackFrameVariable	Code/client/Games/Skyrim/Misc/BSScript.h:129
104651	pointer	s_call	curated-verified	0x14129dd90	0x129dd90	0x1412507f0	addr-match		RE::BSScript::NF_util::NativeFunctionBase::Call	Code/client/Games/Skyrim/Misc/BSScript.cpp:195
104653	pointer	ctor	auto-diff	0x14129e220	0x129e220	0x141250c80	addr-match			Code/client/Games/Skyrim/Misc/BSScript.h:281
104655	pointer	dtor	auto-diff	0x14129e470	0x129e470	0x141250ed0	addr-match			Code/client/Games/Skyrim/Misc/BSScript.h:274
104788	pointer	s_registerPapyrusFunction	auto-diff	0x141278410	0x1278410	0x141258cb0	addr-match			Code/client/Games/Misc/BSScript.cpp:98
105220	pointer	s_compareVariables	auto-diff	0x1412b8250	0x12b8250	0x14127efe0	addr-match			Code/client/Games/Misc/BSScript.cpp:102
109689	hook	DynamicCast	curated-verified	0x14138baba	0x138baba	0x14134bdb0	both		RE::_CRT::RTDynamicCast	Code/client/Games/Skyrim/RTTI.cpp:3
188603	pointer	s_vtbl	curated-verified	0x1415bf5d8	0x15bf5d8	0x141548198	both		VTABLE_TESActionData_0	Code/client/Games/Animation.cpp:170
370892	pointer	s_greetDistance	auto-diff	0x141e96c58	0x1e96c58	0x141dd9988	addr-match			Code/client/Games/References.cpp:44
380768	pointer	bAlwaysActive	override	0x141eabf30	0x1eabf30	0x141deed10	addr-match		bAlwaysActive - rip target of the same comparison run SE reads at 0x14063EA73	Code/client/TiltedOnlineApp.cpp:92
381472	pointer	s_difficulty	auto-diff	0x141eaef68	0x1eaef68	0x141df0668	addr-match			Code/client/Games/References.cpp:38
382393	pointer	s_value	auto-diff	0x141eb1d08	0x1eb1d08	0x141df3058	addr-match			Code/client/Services/Debug/Views/CombatView.cpp:57
382400	pointer	s_value	auto-diff	0x141eb1d24	0x1eb1d24	0x141df3074	addr-match			Code/client/Services/Debug/Views/CombatView.cpp:63
392214	rtti	IFormFactory	curated-verified	0x141ed6cf8	0x1ed6cf8	0x141e10e08	addr-match		RE::RTTI_IFormFactory	Code/client/Games/Skyrim/RTTI.cpp:19
392215	rtti	BaseFormComponent	curated-verified	0x141ed6cd0	0x1ed6cd0	0x141e10de0	addr-match		RE::RTTI_BaseFormComponent	Code/client/Games/Skyrim/RTTI.cpp:21
392216	rtti	TESForm	curated-verified	0x141ed6d20	0x1ed6d20	0x141e10e30	addr-match		RE::RTTI_TESForm	Code/client/Games/Skyrim/RTTI.cpp:23
392217	rtti	SpellItem	curated-verified	0x141ed6d40	0x1ed6d40	0x141e10e50	addr-match		RE::RTTI_SpellItem	Code/client/Games/Skyrim/RTTI.cpp:25
392218	rtti	AlchemyItem	curated-verified	0x141ed6d60	0x1ed6d60	0x141e10e70	addr-match		RE::RTTI_AlchemyItem	Code/client/Games/Skyrim/RTTI.cpp:27
392219	rtti	MagicItem	curated-verified	0x141ed6d88	0x1ed6d88	0x141e10e98	addr-match		RE::RTTI_MagicItem	Code/client/Games/Skyrim/RTTI.cpp:29
392220	rtti	TESBoundObject	curated-verified	0x141ed6da8	0x1ed6da8	0x141e10eb8	addr-match		RE::RTTI_TESBoundObject	Code/client/Games/Skyrim/RTTI.cpp:31
392221	rtti	TESObject	curated-verified	0x141ed6dd0	0x1ed6dd0	0x141e10ee0	addr-match		RE::RTTI_TESObject	Code/client/Games/Skyrim/RTTI.cpp:33
392222	rtti	TESFullName	curated-verified	0x141ed6df0	0x1ed6df0	0x141e10f00	addr-match		RE::RTTI_TESFullName	Code/client/Games/Skyrim/RTTI.cpp:35
392223	rtti	BGSKeywordForm	curated-verified	0x141ed6e18	0x1ed6e18	0x141e10f28	addr-match		RE::RTTI_BGSKeywordForm	Code/client/Games/Skyrim/RTTI.cpp:37
392224	rtti	TESModelTextureSwap	curated-verified	0x141ed6e40	0x1ed6e40	0x141e10f50	addr-match		RE::RTTI_TESModelTextureSwap	Code/client/Games/Skyrim/RTTI.cpp:39
392225	rtti	TESModel	curated-verified	0x141ed6e70	0x1ed6e70	0x141e10f80	addr-match		RE::RTTI_TESModel	Code/client/Games/Skyrim/RTTI.cpp:41
392226	rtti	TESIcon	curated-verified	0x141ed6e90	0x1ed6e90	0x141e10fa0	addr-match		RE::RTTI_TESIcon	Code/client/Games/Skyrim/RTTI.cpp:43
392227	rtti	TESTexture	curated-verified	0x141ed6eb0	0x1ed6eb0	0x141e10fc0	addr-match		RE::RTTI_TESTexture	Code/client/Games/Skyrim/RTTI.cpp:45
392228	rtti	BGSMessageIcon	curated-verified	0x141ed6ed8	0x1ed6ed8	0x141e10fe8	addr-match		RE::RTTI_BGSMessageIcon	Code/client/Games/Skyrim/RTTI.cpp:47
392229	rtti	TESWeightForm	curated-verified	0x141ed6f00	0x1ed6f00	0x141e11010	addr-match		RE::RTTI_TESWeightForm	Code/client/Games/Skyrim/RTTI.cpp:49
392230	rtti	BGSEquipType	curated-verified	0x141ed6f28	0x1ed6f28	0x141e11038	addr-match		RE::RTTI_BGSEquipType	Code/client/Games/Skyrim/RTTI.cpp:51
392231	rtti	BGSDestructibleObjectForm	curated-verified	0x141ed6f50	0x1ed6f50	0x141e11060	addr-match		RE::RTTI_BGSDestructibleObjectForm	Code/client/Games/Skyrim/RTTI.cpp:53
392232	rtti	BGSPickupPutdownSounds	curated-verified	0x141ed6f80	0x1ed6f80	0x141e11090	addr-match		RE::RTTI_BGSPickupPutdownSounds	Code/client/Games/Skyrim/RTTI.cpp:55
392235	rtti	BGSImpactDataSet	curated-verified	0x141ed7040	0x1ed7040	0x141e11150	addr-match		RE::RTTI_BGSImpactDataSet	Code/client/Games/Skyrim/RTTI.cpp:57
392236	rtti	BGSArtObject	curated-verified	0x141ed7068	0x1ed7068	0x141e11178	addr-match		RE::RTTI_BGSArtObject	Code/client/Games/Skyrim/RTTI.cpp:59
392237	rtti	TESEffectShader	curated-verified	0x141ed7090	0x1ed7090	0x141e111a0	addr-match		RE::RTTI_TESEffectShader	Code/client/Games/Skyrim/RTTI.cpp:61
392238	rtti	BGSExplosion	curated-verified	0x141ed70b8	0x1ed70b8	0x141e111c8	addr-match		RE::RTTI_BGSExplosion	Code/client/Games/Skyrim/RTTI.cpp:63
392239	rtti	BGSProjectile	curated-verified	0x141ed70e0	0x1ed70e0	0x141e111f0	addr-match		RE::RTTI_BGSProjectile	Code/client/Games/Skyrim/RTTI.cpp:65
392240	rtti	BGSDualCastData	curated-verified	0x141ed7108	0x1ed7108	0x141e11218	addr-match		RE::RTTI_BGSDualCastData	Code/client/Games/Skyrim/RTTI.cpp:67
392242	rtti	Setting	curated-verified	0x141ed71d8	0x1ed71d8	0x141e112e8	addr-match		RE::RTTI_Setting	Code/client/Games/Skyrim/RTTI.cpp:69
392248	rtti	GameSettingCollection	curated-verified	0x141ed7378	0x1ed7378	0x141e11488	addr-match		RE::RTTI_GameSettingCollection	Code/client/Games/Skyrim/RTTI.cpp:71
392251	rtti	EffectSetting	curated-verified	0x141ed7418	0x1ed7418	0x141e11528	addr-match		RE::RTTI_EffectSetting	Code/client/Games/Skyrim/RTTI.cpp:73
392256	rtti	TESImageSpaceModifier	curated-verified	0x141ed7510	0x1ed7510	0x141e11620	addr-match		RE::RTTI_TESImageSpaceModifier	Code/client/Games/Skyrim/RTTI.cpp:75
392257	rtti	BGSPerk	curated-verified	0x141ed7540	0x1ed7540	0x141e11650	addr-match		RE::RTTI_BGSPerk	Code/client/Games/Skyrim/RTTI.cpp:77
392258	rtti	BGSReferenceEffect	curated-verified	0x141ed7560	0x1ed7560	0x141e11670	addr-match		RE::RTTI_BGSReferenceEffect	Code/client/Games/Skyrim/RTTI.cpp:79
392259	rtti	TESObjectLIGH	curated-verified	0x141ed7590	0x1ed7590	0x141e116a0	addr-match		RE::RTTI_TESObjectLIGH	Code/client/Games/Skyrim/RTTI.cpp:81
392260	rtti	BGSMenuDisplayObject	curated-verified	0x141ed75b8	0x1ed75b8	0x141e116c8	addr-match		RE::RTTI_BGSMenuDisplayObject	Code/client/Games/Skyrim/RTTI.cpp:83
392263	rtti	TESEnchantableForm	curated-verified	0x141ed7688	0x1ed7688	0x141e11798	addr-match		RE::RTTI_TESEnchantableForm	Code/client/Games/Skyrim/RTTI.cpp:85
392264	rtti	BGSListForm	curated-verified	0x141ed76b8	0x1ed76b8	0x141e117c8	addr-match		RE::RTTI_BGSListForm	Code/client/Games/Skyrim/RTTI.cpp:87
392265	rtti	EnchantmentItem	curated-verified	0x141ed76e0	0x1ed76e0	0x141e117f0	addr-match		RE::RTTI_EnchantmentItem	Code/client/Games/Skyrim/RTTI.cpp:89
392268	rtti	IngredientItem	curated-verified	0x141ed77b8	0x1ed77b8	0x141e118c8	addr-match		RE::RTTI_IngredientItem	Code/client/Games/Skyrim/RTTI.cpp:91
392269	rtti	TESValueForm	curated-verified	0x141ed77e0	0x1ed77e0	0x141e118f0	addr-match		RE::RTTI_TESValueForm	Code/client/Games/Skyrim/RTTI.cpp:93
392270	rtti	BSTask	curated-verified	0x141ed78a8	0x1ed78a8	0x141e119b8	addr-match		RE::RTTI_BSTask	Code/client/Games/Skyrim/RTTI.cpp:95
392271	rtti	IOTask	curated-verified	0x141ed78c8	0x1ed78c8	0x141e119d8	addr-match		RE::RTTI_IOTask	Code/client/Games/Skyrim/RTTI.cpp:97
392272	rtti	QueuedFile	curated-verified	0x141ed78e8	0x1ed78e8	0x141e119f8	addr-match		RE::RTTI_QueuedFile	Code/client/Games/Skyrim/RTTI.cpp:99
392275	rtti	BSQueuedResourceCollectionBase	curated-verified	0x141ed79a8	0x1ed79a8	0x141e11ab8	addr-match		RE::RTTI_BSQueuedResourceCollectionBase	Code/client/Games/Skyrim/RTTI.cpp:101
392279	rtti	MagicItemTraversalFunctor	curated-verified	0x141ed7b58	0x1ed7b58	0x141e11ba0	addr-match		RE::RTTI_MagicItemTraversalFunctor	Code/client/Games/Skyrim/RTTI.cpp:103
392280	rtti	MagicItemFindFunctor	curated-verified	0x141ed7b88	0x1ed7b88	0x141e11bd0	addr-match		RE::RTTI_MagicItemFindFunctor	Code/client/Games/Skyrim/RTTI.cpp:105
392281	rtti	MagicItemFindKeywordFunctor	curated-verified	0x141ed7bb8	0x1ed7bb8	0x141e11c00	addr-match		RE::RTTI_MagicItemFindKeywordFunctor	Code/client/Games/Skyrim/RTTI.cpp:107
392285	rtti	FindNonExcludedDeliveryFunctor	curated-verified	0x141ed7c28	0x1ed7c28	0x141e11d38	addr-match		RE::RTTI_FindNonExcludedDeliveryFunctor	Code/client/Games/Skyrim/RTTI.cpp:109
392288	rtti	FindEqualsFunctor	curated-verified	0x141ed7cd0	0x1ed7cd0	0x141e11de0	addr-match		RE::RTTI_FindEqualsFunctor	Code/client/Games/Skyrim/RTTI.cpp:111
392289	rtti	GetCostliestEffectFunctor	curated-verified	0x141ed7cf8	0x1ed7cf8	0x141e11e08	addr-match		RE::RTTI_GetCostliestEffectFunctor	Code/client/Games/Skyrim/RTTI.cpp:113
392290	rtti	LongestDurationFunctor	curated-verified	0x141ed7d28	0x1ed7d28	0x141e11e38	addr-match		RE::RTTI_LongestDurationFunctor	Code/client/Games/Skyrim/RTTI.cpp:115
392291	rtti	LargestAreaFunctor	curated-verified	0x141ed7d58	0x1ed7d58	0x141e11e68	addr-match		RE::RTTI_LargestAreaFunctor	Code/client/Games/Skyrim/RTTI.cpp:117
392292	rtti	GetMagicItemDescriptionFunctor	curated-verified	0x141ed7d88	0x1ed7d88	0x141e11e98	addr-match		RE::RTTI_GetMagicItemDescriptionFunctor	Code/client/Games/Skyrim/RTTI.cpp:119
392295	rtti	ScrollItem	curated-verified	0x141ed7dc0	0x1ed7dc0	0x141e11ed0	addr-match		RE::RTTI_ScrollItem	Code/client/Games/Skyrim/RTTI.cpp:121
392296	rtti	TESDescription	curated-verified	0x141ed7de8	0x1ed7de8	0x141e11ef8	addr-match		RE::RTTI_TESDescription	Code/client/Games/Skyrim/RTTI.cpp:123
392299	rtti	TESGlobal	curated-verified	0x141ed7f30	0x1ed7f30	0x141e12040	addr-match		RE::RTTI_TESGlobal	Code/client/Games/Skyrim/RTTI.cpp:125
392300	rtti	BSExtraData	curated-verified	0x141ed7f50	0x1ed7f50	0x141e12060	addr-match		RE::RTTI_BSExtraData	Code/client/Games/Skyrim/RTTI.cpp:127
392301	rtti	ExtraSeenData	curated-verified	0x141ed7f78	0x1ed7f78	0x141e12088	addr-match		RE::RTTI_ExtraSeenData	Code/client/Games/Skyrim/RTTI.cpp:129
392302	rtti	ExtraHavok	curated-verified	0x141ed7fa0	0x1ed7fa0	0x141e120b0	addr-match		RE::RTTI_ExtraHavok	Code/client/Games/Skyrim/RTTI.cpp:131
392303	rtti	ExtraEditorID	curated-verified	0x141ed7fc8	0x1ed7fc8	0x141e120d8	addr-match		RE::RTTI_ExtraEditorID	Code/client/Games/Skyrim/RTTI.cpp:133
392304	rtti	MagicTarget	curated-verified	0x141ed8020	0x1ed8020	0x141e12100	addr-match		RE::RTTI_MagicTarget	Code/client/Games/Skyrim/RTTI.cpp:135
392305	rtti	ExtraTimeLeft	curated-verified	0x141ed8048	0x1ed8048	0x141e12128	addr-match		RE::RTTI_ExtraTimeLeft	Code/client/Games/Skyrim/RTTI.cpp:137
392306	rtti	ExtraLock	curated-verified	0x141ed8070	0x1ed8070	0x141e12150	addr-match		RE::RTTI_ExtraLock	Code/client/Games/Skyrim/RTTI.cpp:139
392307	rtti	ExtraTeleport	curated-verified	0x141ed8090	0x1ed8090	0x141e12170	addr-match		RE::RTTI_ExtraTeleport	Code/client/Games/Skyrim/RTTI.cpp:141
392308	rtti	ExtraStartingPosition	curated-verified	0x141ed80b8	0x1ed80b8	0x141e12198	addr-match		RE::RTTI_ExtraStartingPosition	Code/client/Games/Skyrim/RTTI.cpp:143
392309	rtti	ExtraOwnership	curated-verified	0x141ed80e8	0x1ed80e8	0x141e121c8	addr-match		RE::RTTI_ExtraOwnership	Code/client/Games/Skyrim/RTTI.cpp:145
392310	rtti	ExtraGlobal	curated-verified	0x141ed8110	0x1ed8110	0x141e121f0	addr-match		RE::RTTI_ExtraGlobal	Code/client/Games/Skyrim/RTTI.cpp:147
392311	rtti	ExtraRank	curated-verified	0x141ed8138	0x1ed8138	0x141e12218	addr-match		RE::RTTI_ExtraRank	Code/client/Games/Skyrim/RTTI.cpp:149
392312	rtti	ExtraCount	curated-verified	0x141ed8158	0x1ed8158	0x141e12238	addr-match		RE::RTTI_ExtraCount	Code/client/Games/Skyrim/RTTI.cpp:151
392313	rtti	ExtraWorn	curated-verified	0x141ed8180	0x1ed8180	0x141e12260	addr-match		RE::RTTI_ExtraWorn	Code/client/Games/Skyrim/RTTI.cpp:153
392314	rtti	ExtraWornLeft	curated-verified	0x141ed81a0	0x1ed81a0	0x141e12280	addr-match		RE::RTTI_ExtraWornLeft	Code/client/Games/Skyrim/RTTI.cpp:155
392315	rtti	ExtraLeveledItem	curated-verified	0x141ed81c8	0x1ed81c8	0x141e122a8	addr-match		RE::RTTI_ExtraLeveledItem	Code/client/Games/Skyrim/RTTI.cpp:157
392316	rtti	ExtraOutfitItem	curated-verified	0x141ed81f0	0x1ed81f0	0x141e122d0	addr-match		RE::RTTI_ExtraOutfitItem	Code/client/Games/Skyrim/RTTI.cpp:159
392317	rtti	ExtraHealth	curated-verified	0x141ed8218	0x1ed8218	0x141e122f8	addr-match		RE::RTTI_ExtraHealth	Code/client/Games/Skyrim/RTTI.cpp:161
392318	rtti	ExtraHealthPerc	curated-verified	0x141ed8240	0x1ed8240	0x141e12320	addr-match		RE::RTTI_ExtraHealthPerc	Code/client/Games/Skyrim/RTTI.cpp:163
392319	rtti	ExtraCharge	curated-verified	0x141ed8268	0x1ed8268	0x141e12348	addr-match		RE::RTTI_ExtraCharge	Code/client/Games/Skyrim/RTTI.cpp:165
392320	rtti	ExtraScale	curated-verified	0x141ed8290	0x1ed8290	0x141e12370	addr-match		RE::RTTI_ExtraScale	Code/client/Games/Skyrim/RTTI.cpp:167
392321	rtti	ExtraReferenceHandle	curated-verified	0x141ed82b8	0x1ed82b8	0x141e12398	addr-match		RE::RTTI_ExtraReferenceHandle	Code/client/Games/Skyrim/RTTI.cpp:169
392322	rtti	ExtraFollower	curated-verified	0x141ed82e8	0x1ed82e8	0x141e123c8	addr-match		RE::RTTI_ExtraFollower	Code/client/Games/Skyrim/RTTI.cpp:171
392323	rtti	ExtraOriginalReference	curated-verified	0x141ed8310	0x1ed8310	0x141e123f0	addr-match		RE::RTTI_ExtraOriginalReference	Code/client/Games/Skyrim/RTTI.cpp:173
392324	rtti	ExtraEnableStateParent	curated-verified	0x141ed8340	0x1ed8340	0x141e12420	addr-match		RE::RTTI_ExtraEnableStateParent	Code/client/Games/Skyrim/RTTI.cpp:175
392325	rtti	ExtraEnableStateChildren	curated-verified	0x141ed8370	0x1ed8370	0x141e12450	addr-match		RE::RTTI_ExtraEnableStateChildren	Code/client/Games/Skyrim/RTTI.cpp:177
392326	rtti	ExtraLinkedRef	curated-verified	0x141ed83a0	0x1ed83a0	0x141e12480	addr-match		RE::RTTI_ExtraLinkedRef	Code/client/Games/Skyrim/RTTI.cpp:179
392327	rtti	ExtraLinkedRefChildren	curated-verified	0x141ed83c8	0x1ed83c8	0x141e124a8	addr-match		RE::RTTI_ExtraLinkedRefChildren	Code/client/Games/Skyrim/RTTI.cpp:181
392328	rtti	ExtraActivateRef	curated-verified	0x141ed83f8	0x1ed83f8	0x141e124d8	addr-match		RE::RTTI_ExtraActivateRef	Code/client/Games/Skyrim/RTTI.cpp:183
392329	rtti	ExtraActivateRefChildren	curated-verified	0x141ed8420	0x1ed8420	0x141e12500	addr-match		RE::RTTI_ExtraActivateRefChildren	Code/client/Games/Skyrim/RTTI.cpp:185
392330	rtti	ExtraRandomTeleportMarker	curated-verified	0x141ed8450	0x1ed8450	0x141e12530	addr-match		RE::RTTI_ExtraRandomTeleportMarker	Code/client/Games/Skyrim/RTTI.cpp:187
392331	rtti	ExtraCannotWear	curated-verified	0x141ed8480	0x1ed8480	0x141e12560	addr-match		RE::RTTI_ExtraCannotWear	Code/client/Games/Skyrim/RTTI.cpp:189
392332	rtti	ExtraPoison	curated-verified	0x141ed84a8	0x1ed84a8	0x141e12588	addr-match		RE::RTTI_ExtraPoison	Code/client/Games/Skyrim/RTTI.cpp:191
392333	rtti	ExtraLastFinishedSequence	curated-verified	0x141ed84d0	0x1ed84d0	0x141e125b0	addr-match		RE::RTTI_ExtraLastFinishedSequence	Code/client/Games/Skyrim/RTTI.cpp:193
392334	rtti	ExtraItemDropper	curated-verified	0x141ed8500	0x1ed8500	0x141e125e0	addr-match		RE::RTTI_ExtraItemDropper	Code/client/Games/Skyrim/RTTI.cpp:195
392335	rtti	ExtraDroppedItemList	curated-verified	0x141ed8528	0x1ed8528	0x141e12608	addr-match		RE::RTTI_ExtraDroppedItemList	Code/client/Games/Skyrim/RTTI.cpp:197
392336	rtti	ExtraSavedAnimation	curated-verified	0x141ed8558	0x1ed8558	0x141e12638	addr-match		RE::RTTI_ExtraSavedAnimation	Code/client/Games/Skyrim/RTTI.cpp:199
392337	rtti	ExtraSavedHavokData	curated-verified	0x141ed8588	0x1ed8588	0x141e12668	addr-match		RE::RTTI_ExtraSavedHavokData	Code/client/Games/Skyrim/RTTI.cpp:201
392338	rtti	ExtraHeadingTarget	curated-verified	0x141ed85b8	0x1ed85b8	0x141e12698	addr-match		RE::RTTI_ExtraHeadingTarget	Code/client/Games/Skyrim/RTTI.cpp:203
392339	rtti	ExtraRefractionProperty	curated-verified	0x141ed85e8	0x1ed85e8	0x141e126c8	addr-match		RE::RTTI_ExtraRefractionProperty	Code/client/Games/Skyrim/RTTI.cpp:205
392340	rtti	ExtraSound	curated-verified	0x141ed8618	0x1ed8618	0x141e126f8	addr-match		RE::RTTI_ExtraSound	Code/client/Games/Skyrim/RTTI.cpp:207
392341	rtti	ExtraCreatureAwakeSound	curated-verified	0x141ed8640	0x1ed8640	0x141e12720	addr-match		RE::RTTI_ExtraCreatureAwakeSound	Code/client/Games/Skyrim/RTTI.cpp:209
392342	rtti	ExtraCreatureMovementSound	curated-verified	0x141ed8670	0x1ed8670	0x141e12750	addr-match		RE::RTTI_ExtraCreatureMovementSound	Code/client/Games/Skyrim/RTTI.cpp:211
392343	rtti	ExtraWeaponIdleSound	curated-verified	0x141ed86a8	0x1ed86a8	0x141e12788	addr-match		RE::RTTI_ExtraWeaponIdleSound	Code/client/Games/Skyrim/RTTI.cpp:213
392344	rtti	ExtraWeaponAttackSound	curated-verified	0x141ed86d8	0x1ed86d8	0x141e127b8	addr-match		RE::RTTI_ExtraWeaponAttackSound	Code/client/Games/Skyrim/RTTI.cpp:215
392345	rtti	ExtraActivateLoopSound	curated-verified	0x141ed8708	0x1ed8708	0x141e127e8	addr-match		RE::RTTI_ExtraActivateLoopSound	Code/client/Games/Skyrim/RTTI.cpp:217
392346	rtti	ExtraObjectHealth	curated-verified	0x141ed8738	0x1ed8738	0x141e12818	addr-match		RE::RTTI_ExtraObjectHealth	Code/client/Games/Skyrim/RTTI.cpp:219
392347	rtti	ExtraFactionChanges	curated-verified	0x141ed8760	0x1ed8760	0x141e12840	addr-match		RE::RTTI_ExtraFactionChanges	Code/client/Games/Skyrim/RTTI.cpp:221
392348	rtti	ExtraActorCause	curated-verified	0x141ed8790	0x1ed8790	0x141e12870	addr-match		RE::RTTI_ExtraActorCause	Code/client/Games/Skyrim/RTTI.cpp:223
392349	rtti	ExtraPatrolRefData	curated-verified	0x141ed87b8	0x1ed87b8	0x141e12898	addr-match		RE::RTTI_ExtraPatrolRefData	Code/client/Games/Skyrim/RTTI.cpp:225
392350	rtti	ExtraEncounterZone	curated-verified	0x141ed87e8	0x1ed87e8	0x141e128c8	addr-match		RE::RTTI_ExtraEncounterZone	Code/client/Games/Skyrim/RTTI.cpp:227
392351	rtti	ExtraNavMeshPortal	curated-verified	0x141ed8818	0x1ed8818	0x141e128f8	addr-match		RE::RTTI_ExtraNavMeshPortal	Code/client/Games/Skyrim/RTTI.cpp:229
392352	rtti	ExtraOcclusionPlaneRefData	curated-verified	0x141ed8848	0x1ed8848	0x141e12928	addr-match		RE::RTTI_ExtraOcclusionPlaneRefData	Code/client/Games/Skyrim/RTTI.cpp:231
392353	rtti	ExtraPortalRefData	curated-verified	0x141ed8880	0x1ed8880	0x141e12960	addr-match		RE::RTTI_ExtraPortalRefData	Code/client/Games/Skyrim/RTTI.cpp:233
392354	rtti	ExtraRoomRefData	curated-verified	0x141ed88b0	0x1ed88b0	0x141e12990	addr-match		RE::RTTI_ExtraRoomRefData	Code/client/Games/Skyrim/RTTI.cpp:235
392355	rtti	ExtraAliasInstanceArray	curated-verified	0x141ed88d8	0x1ed88d8	0x141e129b8	addr-match		RE::RTTI_ExtraAliasInstanceArray	Code/client/Games/Skyrim/RTTI.cpp:237
392356	rtti	ExtraSceneData	curated-verified	0x141ed8908	0x1ed8908	0x141e129e8	addr-match		RE::RTTI_ExtraSceneData	Code/client/Games/Skyrim/RTTI.cpp:239
392357	rtti	ExtraBadPosition	curated-verified	0x141ed8930	0x1ed8930	0x141e12a10	addr-match		RE::RTTI_ExtraBadPosition	Code/client/Games/Skyrim/RTTI.cpp:241
392358	rtti	ExtraHeadTrackingWeight	curated-verified	0x141ed8958	0x1ed8958	0x141e12a38	addr-match		RE::RTTI_ExtraHeadTrackingWeight	Code/client/Games/Skyrim/RTTI.cpp:243
392359	rtti	ExtraFavorCost	curated-verified	0x141ed8988	0x1ed8988	0x141e12a68	addr-match		RE::RTTI_ExtraFavorCost	Code/client/Games/Skyrim/RTTI.cpp:245
392360	rtti	ExtraTextDisplayData	curated-verified	0x141ed89b0	0x1ed89b0	0x141e12a90	addr-match		RE::RTTI_ExtraTextDisplayData	Code/client/Games/Skyrim/RTTI.cpp:247
392361	rtti	ExtraHorse	curated-verified	0x141ed89e0	0x1ed89e0	0x141e12ac0	addr-match		RE::RTTI_ExtraHorse	Code/client/Games/Skyrim/RTTI.cpp:249
392362	rtti	ExtraEnchantment	curated-verified	0x141ed8a08	0x1ed8a08	0x141e12ae8	addr-match		RE::RTTI_ExtraEnchantment	Code/client/Games/Skyrim/RTTI.cpp:251
392363	rtti	ExtraForcedTarget	curated-verified	0x141ed8a30	0x1ed8a30	0x141e12b10	addr-match		RE::RTTI_ExtraForcedTarget	Code/client/Games/Skyrim/RTTI.cpp:253
392364	rtti	ExtraUniqueID	curated-verified	0x141ed8a58	0x1ed8a58	0x141e12b38	addr-match		RE::RTTI_ExtraUniqueID	Code/client/Games/Skyrim/RTTI.cpp:255
392365	rtti	ExtraFlags	curated-verified	0x141ed8a80	0x1ed8a80	0x141e12b60	addr-match		RE::RTTI_ExtraFlags	Code/client/Games/Skyrim/RTTI.cpp:257
392366	rtti	ExtraDecalGroup	curated-verified	0x141ed8aa8	0x1ed8aa8	0x141e12b88	addr-match		RE::RTTI_ExtraDecalGroup	Code/client/Games/Skyrim/RTTI.cpp:259
392367	rtti	ExtraWaterCurrentZoneData	curated-verified	0x141ed8ad0	0x1ed8ad0	0x141e12bb0	addr-match		RE::RTTI_ExtraWaterCurrentZoneData	Code/client/Games/Skyrim/RTTI.cpp:261
392368	rtti	ExtraMissingRefIDs	curated-verified	0x141ed8b00	0x1ed8b00	0x141e12be0	addr-match		RE::RTTI_ExtraMissingRefIDs	Code/client/Games/Skyrim/RTTI.cpp:263
392369	rtti	ExtraCell3D	curated-verified	0x141ed8b30	0x1ed8b30	0x141e12c10	addr-match		RE::RTTI_ExtraCell3D	Code/client/Games/Skyrim/RTTI.cpp:265
392370	rtti	ExtraRegionList	curated-verified	0x141ed8b58	0x1ed8b58	0x141e12c38	addr-match		RE::RTTI_ExtraRegionList	Code/client/Games/Skyrim/RTTI.cpp:267
392371	rtti	ExtraCellSkyRegion	curated-verified	0x141ed8b80	0x1ed8b80	0x141e12c60	addr-match		RE::RTTI_ExtraCellSkyRegion	Code/client/Games/Skyrim/RTTI.cpp:269
392372	rtti	ExtraCellImageSpace	curated-verified	0x141ed8bb0	0x1ed8bb0	0x141e12c90	addr-match		RE::RTTI_ExtraCellImageSpace	Code/client/Games/Skyrim/RTTI.cpp:271
392373	rtti	ExtraNorthRotation	curated-verified	0x141ed8be0	0x1ed8be0	0x141e12cc0	addr-match		RE::RTTI_ExtraNorthRotation	Code/client/Games/Skyrim/RTTI.cpp:273
392374	rtti	ExtraDetachTime	curated-verified	0x141ed8c10	0x1ed8c10	0x141e12cf0	addr-match		RE::RTTI_ExtraDetachTime	Code/client/Games/Skyrim/RTTI.cpp:275
392375	rtti	ExtraCanTalkToPlayer	curated-verified	0x141ed8c38	0x1ed8c38	0x141e12d18	addr-match		RE::RTTI_ExtraCanTalkToPlayer	Code/client/Games/Skyrim/RTTI.cpp:277
392376	rtti	ExtraPrimitive	curated-verified	0x141ed8c68	0x1ed8c68	0x141e12d48	addr-match		RE::RTTI_ExtraPrimitive	Code/client/Games/Skyrim/RTTI.cpp:279
392377	rtti	ExtraAmmo	curated-verified	0x141ed8c90	0x1ed8c90	0x141e12d70	addr-match		RE::RTTI_ExtraAmmo	Code/client/Games/Skyrim/RTTI.cpp:281
392378	rtti	ExtraMagicLight	curated-verified	0x141ed8cb0	0x1ed8cb0	0x141e12d90	addr-match		RE::RTTI_ExtraMagicLight	Code/client/Games/Skyrim/RTTI.cpp:283
392379	rtti	ExtraLight	curated-verified	0x141ed8cd8	0x1ed8cd8	0x141e12db8	addr-match		RE::RTTI_ExtraLight	Code/client/Games/Skyrim/RTTI.cpp:285
392380	rtti	ExtraFromAlias	curated-verified	0x141ed8d00	0x1ed8d00	0x141e12de0	addr-match		RE::RTTI_ExtraFromAlias	Code/client/Games/Skyrim/RTTI.cpp:287
392381	rtti	ExtraOpenCloseActivateRef	curated-verified	0x141ed8d28	0x1ed8d28	0x141e12e08	addr-match		RE::RTTI_ExtraOpenCloseActivateRef	Code/client/Games/Skyrim/RTTI.cpp:289
392382	rtti	ExtraTeleportName	curated-verified	0x141ed8d58	0x1ed8d58	0x141e12e38	addr-match		RE::RTTI_ExtraTeleportName	Code/client/Games/Skyrim/RTTI.cpp:291
392383	rtti	ExtraCachedScale	curated-verified	0x141ed8d80	0x1ed8d80	0x141e12e60	addr-match		RE::RTTI_ExtraCachedScale	Code/client/Games/Skyrim/RTTI.cpp:293
392384	rtti	ExtraHotkey	curated-verified	0x141ed8da8	0x1ed8da8	0x141e12e88	addr-match		RE::RTTI_ExtraHotkey	Code/client/Games/Skyrim/RTTI.cpp:295
392385	rtti	ExtraPackageStartLocation	curated-verified	0x141ed8dd0	0x1ed8dd0	0x141e12eb0	addr-match		RE::RTTI_ExtraPackageStartLocation	Code/client/Games/Skyrim/RTTI.cpp:297
392386	rtti	ExtraLocation	curated-verified	0x141ed8e00	0x1ed8e00	0x141e12ee0	addr-match		RE::RTTI_ExtraLocation	Code/client/Games/Skyrim/RTTI.cpp:299
392387	rtti	ExtraTresPassPackage	curated-verified	0x141ed8e28	0x1ed8e28	0x141e12f08	addr-match		RE::RTTI_ExtraTresPassPackage	Code/client/Games/Skyrim/RTTI.cpp:301
392388	rtti	ExtraRagDollData	curated-verified	0x141ed8e58	0x1ed8e58	0x141e12f38	addr-match		RE::RTTI_ExtraRagDollData	Code/client/Games/Skyrim/RTTI.cpp:303
392389	rtti	ExtraAttachRef	curated-verified	0x141ed8e80	0x1ed8e80	0x141e12f60	addr-match		RE::RTTI_ExtraAttachRef	Code/client/Games/Skyrim/RTTI.cpp:305
392390	rtti	ExtraAttachRefChildren	curated-verified	0x141ed8ea8	0x1ed8ea8	0x141e12f88	addr-match		RE::RTTI_ExtraAttachRefChildren	Code/client/Games/Skyrim/RTTI.cpp:307
392391	rtti	ExtraAshPileRef	curated-verified	0x141ed8ed8	0x1ed8ed8	0x141e12fb8	addr-match		RE::RTTI_ExtraAshPileRef	Code/client/Games/Skyrim/RTTI.cpp:309
392392	rtti	ExtraLocationRefType	curated-verified	0x141ed8f00	0x1ed8f00	0x141e12fe0	addr-match		RE::RTTI_ExtraLocationRefType	Code/client/Games/Skyrim/RTTI.cpp:311
392393	rtti	ExtraLeveledItemBase	curated-verified	0x141ed8f30	0x1ed8f30	0x141e13010	addr-match		RE::RTTI_ExtraLeveledItemBase	Code/client/Games/Skyrim/RTTI.cpp:313
392394	rtti	ExtraReflectedRefs	curated-verified	0x141ed8f60	0x1ed8f60	0x141e13040	addr-match		RE::RTTI_ExtraReflectedRefs	Code/client/Games/Skyrim/RTTI.cpp:315
392395	rtti	ExtraReflectorRefs	curated-verified	0x141ed8f90	0x1ed8f90	0x141e13070	addr-match		RE::RTTI_ExtraReflectorRefs	Code/client/Games/Skyrim/RTTI.cpp:317
392396	rtti	ExtraWaterLightRefs	curated-verified	0x141ed8fc0	0x1ed8fc0	0x141e130a0	addr-match		RE::RTTI_ExtraWaterLightRefs	Code/client/Games/Skyrim/RTTI.cpp:319
392397	rtti	ExtraLitWaterRefs	curated-verified	0x141ed8ff0	0x1ed8ff0	0x141e130d0	addr-match		RE::RTTI_ExtraLitWaterRefs	Code/client/Games/Skyrim/RTTI.cpp:321
392398	rtti	ExtraLevCreaModifier	curated-verified	0x141ed9018	0x1ed9018	0x141e130f8	addr-match		RE::RTTI_ExtraLevCreaModifier	Code/client/Games/Skyrim/RTTI.cpp:323
392399	rtti	ExtraSpawnContainer	curated-verified	0x141ed9048	0x1ed9048	0x141e13128	addr-match		RE::RTTI_ExtraSpawnContainer	Code/client/Games/Skyrim/RTTI.cpp:325
392400	rtti	ExtraEmittanceSource	curated-verified	0x141ed9078	0x1ed9078	0x141e13158	addr-match		RE::RTTI_ExtraEmittanceSource	Code/client/Games/Skyrim/RTTI.cpp:327
392401	rtti	ExtraMultiBoundRef	curated-verified	0x141ed90a8	0x1ed90a8	0x141e13188	addr-match		RE::RTTI_ExtraMultiBoundRef	Code/client/Games/Skyrim/RTTI.cpp:329
392402	rtti	ExtraMultiBound	curated-verified	0x141ed90d8	0x1ed90d8	0x141e131b8	addr-match		RE::RTTI_ExtraMultiBound	Code/client/Games/Skyrim/RTTI.cpp:331
392403	rtti	ExtraRoom	curated-verified	0x141ed9100	0x1ed9100	0x141e131e0	addr-match		RE::RTTI_ExtraRoom	Code/client/Games/Skyrim/RTTI.cpp:333
392404	rtti	ExtraFriendHits	curated-verified	0x141ed9120	0x1ed9120	0x141e13200	addr-match		RE::RTTI_ExtraFriendHits	Code/client/Games/Skyrim/RTTI.cpp:335
392405	rtti	ExtraStartingWorldOrCell	curated-verified	0x141ed9148	0x1ed9148	0x141e13228	addr-match		RE::RTTI_ExtraStartingWorldOrCell	Code/client/Games/Skyrim/RTTI.cpp:337
392406	rtti	ExtraHasNoRumors	curated-verified	0x141ed9178	0x1ed9178	0x141e13258	addr-match		RE::RTTI_ExtraHasNoRumors	Code/client/Games/Skyrim/RTTI.cpp:339
392407	rtti	ExtraTerminalState	curated-verified	0x141ed91a0	0x1ed91a0	0x141e13280	addr-match		RE::RTTI_ExtraTerminalState	Code/client/Games/Skyrim/RTTI.cpp:341
392408	rtti	ExtraModelSwap	curated-verified	0x141ed91d0	0x1ed91d0	0x141e132b0	addr-match		RE::RTTI_ExtraModelSwap	Code/client/Games/Skyrim/RTTI.cpp:343
392409	rtti	ExtraRadius	curated-verified	0x141ed91f8	0x1ed91f8	0x141e132d8	addr-match		RE::RTTI_ExtraRadius	Code/client/Games/Skyrim/RTTI.cpp:345
392410	rtti	ExtraCombatStyle	curated-verified	0x141ed9220	0x1ed9220	0x141e13300	addr-match		RE::RTTI_ExtraCombatStyle	Code/client/Games/Skyrim/RTTI.cpp:347
392411	rtti	ExtraPackageData	curated-verified	0x141ed9248	0x1ed9248	0x141e13328	addr-match		RE::RTTI_ExtraPackageData	Code/client/Games/Skyrim/RTTI.cpp:349
392412	rtti	ExtraCollisionData	curated-verified	0x141ed9270	0x1ed9270	0x141e13350	addr-match		RE::RTTI_ExtraCollisionData	Code/client/Games/Skyrim/RTTI.cpp:351
392413	rtti	ExtraGuardedRefData	curated-verified	0x141ed92a0	0x1ed92a0	0x141e13380	addr-match		RE::RTTI_ExtraGuardedRefData	Code/client/Games/Skyrim/RTTI.cpp:353
392414	rtti	ExtraIgnoredBySandbox	curated-verified	0x141ed92d0	0x1ed92d0	0x141e133b0	addr-match		RE::RTTI_ExtraIgnoredBySandbox	Code/client/Games/Skyrim/RTTI.cpp:355
392415	rtti	ExtraPromotedRef	curated-verified	0x141ed9300	0x1ed9300	0x141e133e0	addr-match		RE::RTTI_ExtraPromotedRef	Code/client/Games/Skyrim/RTTI.cpp:357
392416	rtti	ExtraLargeRefOwnerCells	curated-verified	0x141ed9328	0x1ed9328	0x141e13408	addr-match		RE::RTTI_ExtraLargeRefOwnerCells	Code/client/Games/Skyrim/RTTI.cpp:359
392417	rtti	ExtraLightData	curated-verified	0x141ed9358	0x1ed9358	0x141e13438	addr-match		RE::RTTI_ExtraLightData	Code/client/Games/Skyrim/RTTI.cpp:361
392418	rtti	ExtraAttachedArrows3D	curated-verified	0x141ed9380	0x1ed9380	0x141e13460	addr-match		RE::RTTI_ExtraAttachedArrows3D	Code/client/Games/Skyrim/RTTI.cpp:363
392419	rtti	ExtraAlphaCutoff	curated-verified	0x141ed93b0	0x1ed93b0	0x141e13490	addr-match		RE::RTTI_ExtraAlphaCutoff	Code/client/Games/Skyrim/RTTI.cpp:365
392420	rtti	ExtraForcedLandingMarker	curated-verified	0x141ed93d8	0x1ed93d8	0x141e134b8	addr-match		RE::RTTI_ExtraForcedLandingMarker	Code/client/Games/Skyrim/RTTI.cpp:367
392421	rtti	ExtraRefrPath	curated-verified	0x141ed9408	0x1ed9408	0x141e134e8	addr-match		RE::RTTI_ExtraRefrPath	Code/client/Games/Skyrim/RTTI.cpp:369
392422	rtti	ExtraCellWaterEnvMap	curated-verified	0x141ed9430	0x1ed9430	0x141e13510	addr-match		RE::RTTI_ExtraCellWaterEnvMap	Code/client/Games/Skyrim/RTTI.cpp:371
392423	rtti	ExtraWaterData	curated-verified	0x141ed9460	0x1ed9460	0x141e13540	addr-match		RE::RTTI_ExtraWaterData	Code/client/Games/Skyrim/RTTI.cpp:373
392424	rtti	ExtraScriptedAnimDependence	curated-verified	0x141ed9488	0x1ed9488	0x141e13568	addr-match		RE::RTTI_ExtraScriptedAnimDependence	Code/client/Games/Skyrim/RTTI.cpp:375
392425	rtti	ExtraCellMusicType	curated-verified	0x141ed94c0	0x1ed94c0	0x141e135a0	addr-match		RE::RTTI_ExtraCellMusicType	Code/client/Games/Skyrim/RTTI.cpp:377
392426	rtti	ExtraCellAcousticSpace	curated-verified	0x141ed94f0	0x1ed94f0	0x141e135d0	addr-match		RE::RTTI_ExtraCellAcousticSpace	Code/client/Games/Skyrim/RTTI.cpp:379
392427	rtti	ExtraCellWaterType	curated-verified	0x141ed9520	0x1ed9520	0x141e13600	addr-match		RE::RTTI_ExtraCellWaterType	Code/client/Games/Skyrim/RTTI.cpp:381
392428	rtti	ExtraGIDBuffer	curated-verified	0x141ed9550	0x1ed9550	0x141e13630	addr-match		RE::RTTI_ExtraGIDBuffer	Code/client/Games/Skyrim/RTTI.cpp:383
392429	rtti	TESWorldSpace	curated-verified	0x141ed9578	0x1ed9578	0x141e13658	addr-match		RE::RTTI_TESWorldSpace	Code/client/Games/Skyrim/RTTI.cpp:385
392430	rtti	TESObjectCELL	curated-verified	0x141ed95a0	0x1ed95a0	0x141e13680	addr-match		RE::RTTI_TESObjectCELL	Code/client/Games/Skyrim/RTTI.cpp:387
392431	rtti	TESKey	curated-verified	0x141ed95c8	0x1ed95c8	0x141e136a8	addr-match		RE::RTTI_TESKey	Code/client/Games/Skyrim/RTTI.cpp:389
392432	rtti	TESImageSpace	curated-verified	0x141ed95e8	0x1ed95e8	0x141e136c8	addr-match		RE::RTTI_TESImageSpace	Code/client/Games/Skyrim/RTTI.cpp:391
392433	rtti	BGSAcousticSpace	curated-verified	0x141ed9610	0x1ed9610	0x141e136f0	addr-match		RE::RTTI_BGSAcousticSpace	Code/client/Games/Skyrim/RTTI.cpp:393
392434	rtti	TESWaterForm	curated-verified	0x141ed9638	0x1ed9638	0x141e13718	addr-match		RE::RTTI_TESWaterForm	Code/client/Games/Skyrim/RTTI.cpp:395
392435	rtti	BGSLocationRefType	curated-verified	0x141ed9660	0x1ed9660	0x141e13740	addr-match		RE::RTTI_BGSLocationRefType	Code/client/Games/Skyrim/RTTI.cpp:397
392436	rtti	BGSMusicType	curated-verified	0x141ed9690	0x1ed9690	0x141e13770	addr-match		RE::RTTI_BGSMusicType	Code/client/Games/Skyrim/RTTI.cpp:399
392437	rtti	TESObjectREFR	curated-verified	0x141ed96b8	0x1ed96b8	0x141e13798	addr-match		RE::RTTI_TESObjectREFR	Code/client/Games/Skyrim/RTTI.cpp:401
392438	rtti	BGSEncounterZone	curated-verified	0x141ed96e0	0x1ed96e0	0x141e137c0	addr-match		RE::RTTI_BGSEncounterZone	Code/client/Games/Skyrim/RTTI.cpp:403
392439	rtti	TESAmmo	curated-verified	0x141ed9708	0x1ed9708	0x141e137e8	addr-match		RE::RTTI_TESAmmo	Code/client/Games/Skyrim/RTTI.cpp:405
392440	rtti	TESPackage	curated-verified	0x141ed9728	0x1ed9728	0x141e13808	addr-match		RE::RTTI_TESPackage	Code/client/Games/Skyrim/RTTI.cpp:407
392441	rtti	TESTopicInfo	curated-verified	0x141ed9750	0x1ed9750	0x141e13830	addr-match		RE::RTTI_TESTopicInfo	Code/client/Games/Skyrim/RTTI.cpp:409
392442	rtti	TESTopic	curated-verified	0x141ed9778	0x1ed9778	0x141e13858	addr-match		RE::RTTI_TESTopic	Code/client/Games/Skyrim/RTTI.cpp:411
392443	rtti	BGSDialogueBranch	curated-verified	0x141ed9798	0x1ed9798	0x141e13878	addr-match		RE::RTTI_BGSDialogueBranch	Code/client/Games/Skyrim/RTTI.cpp:413
392444	rtti	TESFaction	curated-verified	0x141ed97c0	0x1ed97c0	0x141e138a0	addr-match		RE::RTTI_TESFaction	Code/client/Games/Skyrim/RTTI.cpp:415
392445	rtti	TESCombatStyle	curated-verified	0x141ed97e8	0x1ed97e8	0x141e138c8	addr-match		RE::RTTI_TESCombatStyle	Code/client/Games/Skyrim/RTTI.cpp:417
392446	rtti	TESActorBase	curated-verified	0x141ed9810	0x1ed9810	0x141e138f0	addr-match		RE::RTTI_TESActorBase	Code/client/Games/Skyrim/RTTI.cpp:419
392447	rtti	BGSScene	curated-verified	0x141ed9838	0x1ed9838	0x141e13918	addr-match		RE::RTTI_BGSScene	Code/client/Games/Skyrim/RTTI.cpp:421
392448	rtti	TESQuest	curated-verified	0x141ed9858	0x1ed9858	0x141e13938	addr-match		RE::RTTI_TESQuest	Code/client/Games/Skyrim/RTTI.cpp:423
392449	rtti	BGSKeyword	curated-verified	0x141ed9878	0x1ed9878	0x141e13958	addr-match		RE::RTTI_BGSKeyword	Code/client/Games/Skyrim/RTTI.cpp:425
392450	rtti	BGSMessage	curated-verified	0x141ed98a0	0x1ed98a0	0x141e13980	addr-match		RE::RTTI_BGSMessage	Code/client/Games/Skyrim/RTTI.cpp:427
392452	rtti	ExtraMissingLinkedRefIDs	curated-verified	0x141ed9928	0x1ed9928	0x141e13a08	addr-match		RE::RTTI_ExtraMissingLinkedRefIDs	Code/client/Games/Skyrim/RTTI.cpp:429
392453	rtti	NonActorMagicTarget	curated-verified	0x141ed9958	0x1ed9958	0x141e13a38	addr-match		RE::RTTI_NonActorMagicTarget	Code/client/Games/Skyrim/RTTI.cpp:431
392454	rtti	ExtraMapMarker	curated-verified	0x141ed99f0	0x1ed99f0	0x141e13a68	addr-match		RE::RTTI_ExtraMapMarker	Code/client/Games/Skyrim/RTTI.cpp:433
392455	rtti	ExtraDistantData	curated-verified	0x141ed9a18	0x1ed9a18	0x141e13a90	addr-match		RE::RTTI_ExtraDistantData	Code/client/Games/Skyrim/RTTI.cpp:435
392456	rtti	ExtraAnimNoteReceiver	curated-verified	0x141ed9a40	0x1ed9a40	0x141e13ab8	addr-match		RE::RTTI_ExtraAnimNoteReceiver	Code/client/Games/Skyrim/RTTI.cpp:437
392457	rtti	ExtraLockList	curated-verified	0x141ed9a70	0x1ed9a70	0x141e13ae8	addr-match		RE::RTTI_ExtraLockList	Code/client/Games/Skyrim/RTTI.cpp:439
392458	rtti	ExtraPersistentCell	curated-verified	0x141ed9a98	0x1ed9a98	0x141e13b10	addr-match		RE::RTTI_ExtraPersistentCell	Code/client/Games/Skyrim/RTTI.cpp:441
392459	rtti	ExtraRaceData	curated-verified	0x141ed9ac8	0x1ed9ac8	0x141e13b40	addr-match		RE::RTTI_ExtraRaceData	Code/client/Games/Skyrim/RTTI.cpp:443
392460	rtti	ExtraAnimGraphManager	curated-verified	0x141ed9af0	0x1ed9af0	0x141e13b68	addr-match		RE::RTTI_ExtraAnimGraphManager	Code/client/Games/Skyrim/RTTI.cpp:445
392461	rtti	ExtraDismemberedLimbs	curated-verified	0x141ed9b20	0x1ed9b20	0x141e13b98	addr-match		RE::RTTI_ExtraDismemberedLimbs	Code/client/Games/Skyrim/RTTI.cpp:447
392462	rtti	ExtraBiped	curated-verified	0x141ed9b50	0x1ed9b50	0x141e13bc8	addr-match		RE::RTTI_ExtraBiped	Code/client/Games/Skyrim/RTTI.cpp:449
392463	rtti	ExtraLeveledCreature	curated-verified	0x141ed9b78	0x1ed9b78	0x141e13bf0	addr-match		RE::RTTI_ExtraLeveledCreature	Code/client/Games/Skyrim/RTTI.cpp:451
392464	rtti	ExtraAction	curated-verified	0x141ed9ba8	0x1ed9ba8	0x141e13c20	addr-match		RE::RTTI_ExtraAction	Code/client/Games/Skyrim/RTTI.cpp:453
392465	rtti	ExtraShouldWear	curated-verified	0x141ed9bd0	0x1ed9bd0	0x141e13c48	addr-match		RE::RTTI_ExtraShouldWear	Code/client/Games/Skyrim/RTTI.cpp:455
392466	rtti	ExtraContainerChanges	curated-verified	0x141ed9bf8	0x1ed9bf8	0x141e13c70	addr-match		RE::RTTI_ExtraContainerChanges	Code/client/Games/Skyrim/RTTI.cpp:457
392467	rtti	ExtraPackage	curated-verified	0x141ed9c28	0x1ed9c28	0x141e13ca0	addr-match		RE::RTTI_ExtraPackage	Code/client/Games/Skyrim/RTTI.cpp:459
392468	rtti	ExtraPlayerCrimeList	curated-verified	0x141ed9c50	0x1ed9c50	0x141e13cc8	addr-match		RE::RTTI_ExtraPlayerCrimeList	Code/client/Games/Skyrim/RTTI.cpp:461
392469	rtti	ExtraRunOncePacks	curated-verified	0x141ed9c80	0x1ed9c80	0x141e13cf8	addr-match		RE::RTTI_ExtraRunOncePacks	Code/client/Games/Skyrim/RTTI.cpp:463
392470	rtti	ExtraGhost	curated-verified	0x141ed9ca8	0x1ed9ca8	0x141e13d20	addr-match		RE::RTTI_ExtraGhost	Code/client/Games/Skyrim/RTTI.cpp:465
392471	rtti	ExtraSayTopicInfoOnceADay	curated-verified	0x141ed9cd0	0x1ed9cd0	0x141e13d48	addr-match		RE::RTTI_ExtraSayTopicInfoOnceADay	Code/client/Games/Skyrim/RTTI.cpp:467
392472	rtti	ExtraPatrolRefInUseData	curated-verified	0x141ed9d00	0x1ed9d00	0x141e13d78	addr-match		RE::RTTI_ExtraPatrolRefInUseData	Code/client/Games/Skyrim/RTTI.cpp:469
392473	rtti	ExtraFollowerSwimBreadcrumbs	curated-verified	0x141ed9d30	0x1ed9d30	0x141e13da8	addr-match		RE::RTTI_ExtraFollowerSwimBreadcrumbs	Code/client/Games/Skyrim/RTTI.cpp:471
392474	rtti	ExtraInfoGeneralTopic	curated-verified	0x141ed9d68	0x1ed9d68	0x141e13de0	addr-match		RE::RTTI_ExtraInfoGeneralTopic	Code/client/Games/Skyrim/RTTI.cpp:473
392475	rtti	ExtraSayToTopicInfo	curated-verified	0x141ed9d98	0x1ed9d98	0x141e13e10	addr-match		RE::RTTI_ExtraSayToTopicInfo	Code/client/Games/Skyrim/RTTI.cpp:475
392476	rtti	ExtraSoul	curated-verified	0x141ed9dc8	0x1ed9dc8	0x141e13e40	addr-match		RE::RTTI_ExtraSoul	Code/client/Games/Skyrim/RTTI.cpp:477
392477	rtti	ExtraResourcesPreload	curated-verified	0x141ed9de8	0x1ed9de8	0x141e13e60	addr-match		RE::RTTI_ExtraResourcesPreload	Code/client/Games/Skyrim/RTTI.cpp:479
392478	rtti	ExtraPortal	curated-verified	0x141ed9e18	0x1ed9e18	0x141e13e90	addr-match		RE::RTTI_ExtraPortal	Code/client/Games/Skyrim/RTTI.cpp:481
392479	rtti	ExtraOcclusionShape	curated-verified	0x141ed9e40	0x1ed9e40	0x141e13eb8	addr-match		RE::RTTI_ExtraOcclusionShape	Code/client/Games/Skyrim/RTTI.cpp:483
392480	rtti	ExtraEditorRef3DData	curated-verified	0x141ed9e70	0x1ed9e70	0x141e13ee8	addr-match		RE::RTTI_ExtraEditorRef3DData	Code/client/Games/Skyrim/RTTI.cpp:485
392481	rtti	ExtraEditorRefMoveData	curated-verified	0x141ed9ea0	0x1ed9ea0	0x141e13f18	addr-match		RE::RTTI_ExtraEditorRefMoveData	Code/client/Games/Skyrim/RTTI.cpp:487
392482	rtti	ExtraAnimationSequencer	curated-verified	0x141ed9ed0	0x1ed9ed0	0x141e13f48	addr-match		RE::RTTI_ExtraAnimationSequencer	Code/client/Games/Skyrim/RTTI.cpp:489
392483	rtti	ExtraCellGrassData	curated-verified	0x141ed9f00	0x1ed9f00	0x141e13f78	addr-match		RE::RTTI_ExtraCellGrassData	Code/client/Games/Skyrim/RTTI.cpp:491
392484	rtti	ExtraInteraction	curated-verified	0x141ed9f30	0x1ed9f30	0x141e13fa8	addr-match		RE::RTTI_ExtraInteraction	Code/client/Games/Skyrim/RTTI.cpp:493
392485	rtti	ExtraGroupConstraint	curated-verified	0x141ed9f58	0x1ed9f58	0x141e13fd0	addr-match		RE::RTTI_ExtraGroupConstraint	Code/client/Games/Skyrim/RTTI.cpp:495
392486	rtti	MultiBoundMarkerData	curated-verified	0x141ed9f88	0x1ed9f88	0x141e14000	addr-match		RE::RTTI_MultiBoundMarkerData	Code/client/Games/Skyrim/RTTI.cpp:497
392488	rtti	INISettingCollection	curated-verified	0x141eda038	0x1eda038	0x141e140b0	addr-match		RE::RTTI_INISettingCollection	Code/client/Games/Skyrim/RTTI.cpp:499
392490	rtti	BSStream	curated-verified	0x141ed9fb8	0x1ed9fb8	0x141e14030	addr-match		RE::RTTI_BSStream	Code/client/Games/Skyrim/RTTI.cpp:501
392491	rtti	NiStream	curated-verified	0x141ed9fd8	0x1ed9fd8	0x141e14050	addr-match		RE::RTTI_NiStream	Code/client/Games/Skyrim/RTTI.cpp:503
392492	rtti	InterfacedClass	curated-verified	0x141eda0a8	0x1eda0a8	0x141e14120	addr-match		RE::RTTI_InterfacedClass	Code/client/Games/Skyrim/RTTI.cpp:505
392493	rtti	BSThread	curated-verified	0x141eda0d0	0x1eda0d0	0x141e14148	addr-match		RE::RTTI_BSThread	Code/client/Games/Skyrim/RTTI.cpp:507
392496	rtti	TESBipedModelForm	curated-verified	0x141eda188	0x1eda188	0x141e14208	addr-match		RE::RTTI_TESBipedModelForm	Code/client/Games/Skyrim/RTTI.cpp:509
392499	rtti	QueuedActor	curated-verified	0x141eda258	0x1eda258	0x141e142d8	addr-match		RE::RTTI_QueuedActor	Code/client/Games/Skyrim/RTTI.cpp:511
392500	rtti	QueuedReference	curated-verified	0x141eda280	0x1eda280	0x141e14300	addr-match		RE::RTTI_QueuedReference	Code/client/Games/Skyrim/RTTI.cpp:513
392501	rtti	QueuedModel	curated-verified	0x141eda2a8	0x1eda2a8	0x141e14328	addr-match		RE::RTTI_QueuedModel	Code/client/Games/Skyrim/RTTI.cpp:515
392502	rtti	QueuedCharacter	curated-verified	0x141eda2d0	0x1eda2d0	0x141e14350	addr-match		RE::RTTI_QueuedCharacter	Code/client/Games/Skyrim/RTTI.cpp:517
392503	rtti	QueuedHead	curated-verified	0x141eda2f8	0x1eda2f8	0x141e14378	addr-match		RE::RTTI_QueuedHead	Code/client/Games/Skyrim/RTTI.cpp:519
392504	rtti	QueuedHelmet	curated-verified	0x141eda320	0x1eda320	0x141e143a0	addr-match		RE::RTTI_QueuedHelmet	Code/client/Games/Skyrim/RTTI.cpp:521
392507	rtti	AttachDistant3DTask	curated-verified	0x141eda418	0x1eda418	0x141e14498	addr-match		RE::RTTI_AttachDistant3DTask	Code/client/Games/Skyrim/RTTI.cpp:523
392508	rtti	QueuedAnimationObject	curated-verified	0x141eda448	0x1eda448	0x141e144c8	addr-match		RE::RTTI_QueuedAnimationObject	Code/client/Games/Skyrim/RTTI.cpp:525
392509	rtti	QueuedTempEffect	curated-verified	0x141eda478	0x1eda478	0x141e144f8	addr-match		RE::RTTI_QueuedTempEffect	Code/client/Games/Skyrim/RTTI.cpp:527
392510	rtti	BackgroundProcessThread	curated-verified	0x141eda4a0	0x1eda4a0	0x141e14520	addr-match		RE::RTTI_BackgroundProcessThread	Code/client/Games/Skyrim/RTTI.cpp:529
392511	rtti	BSTaskThread	curated-verified	0x141eda4d0	0x1eda4d0	0x141e14550	addr-match		RE::RTTI_BSTaskThread	Code/client/Games/Skyrim/RTTI.cpp:531
392513	rtti	QueuedTree	curated-verified	0x141eda550	0x1eda550	0x141e145d0	addr-match		RE::RTTI_QueuedTree	Code/client/Games/Skyrim/RTTI.cpp:533
392514	rtti	QueuedPlayer	curated-verified	0x141eda578	0x1eda578	0x141e145f8	addr-match		RE::RTTI_QueuedPlayer	Code/client/Games/Skyrim/RTTI.cpp:535
392515	rtti	INIPrefSettingCollection	curated-verified	0x141eda638	0x1eda638	0x141e146b8	addr-match		RE::RTTI_INIPrefSettingCollection	Code/client/Games/Skyrim/RTTI.cpp:537
392517	rtti	NiRefObject	curated-verified	0x141eda5a0	0x1eda5a0	0x141e14620	addr-match		RE::RTTI_NiRefObject	Code/client/Games/Skyrim/RTTI.cpp:539
392518	rtti	NiObject	curated-verified	0x141eda5c8	0x1eda5c8	0x141e14648	addr-match		RE::RTTI_NiObject	Code/client/Games/Skyrim/RTTI.cpp:541
392519	rtti	NiObjectNET	curated-verified	0x141eda5e8	0x1eda5e8	0x141e14668	addr-match		RE::RTTI_NiObjectNET	Code/client/Games/Skyrim/RTTI.cpp:543
392520	rtti	NiAVObject	curated-verified	0x141eda610	0x1eda610	0x141e14690	addr-match		RE::RTTI_NiAVObject	Code/client/Games/Skyrim/RTTI.cpp:545
392522	rtti	AddCellGrassTask	curated-verified	0x141eda708	0x1eda708	0x141e14788	addr-match		RE::RTTI_AddCellGrassTask	Code/client/Games/Skyrim/RTTI.cpp:547
392523	rtti	ICellAttachDetachEventSource	curated-verified	0x141eda730	0x1eda730	0x141e147b0	addr-match		RE::RTTI_ICellAttachDetachEventSource	Code/client/Games/Skyrim/RTTI.cpp:549
392527	rtti	TES	curated-verified	0x141eda838	0x1eda838	0x141e148b8	addr-match		RE::RTTI_TES	Code/client/Games/Skyrim/RTTI.cpp:551
392531	rtti	BSTempNodeManager	curated-verified	0x141eda940	0x1eda940	0x141e149a0	addr-match		RE::RTTI_BSTempNodeManager	Code/client/Games/Skyrim/RTTI.cpp:553
392532	rtti	NiNode	curated-verified	0x141eda920	0x1eda920	0x141e149c8	addr-match		RE::RTTI_NiNode	Code/client/Games/Skyrim/RTTI.cpp:555
392537	rtti	BGSAddonNode	curated-verified	0x141edaa30	0x1edaa30	0x141e14ab0	addr-match		RE::RTTI_BGSAddonNode	Code/client/Games/Skyrim/RTTI.cpp:557
392538	rtti	Actor	curated-verified	0x141edaa58	0x1edaa58	0x141e14ad8	addr-match		RE::RTTI_Actor	Code/client/Games/Skyrim/RTTI.cpp:559
392539	rtti	TESObjectWEAP	curated-verified	0x141edaa78	0x1edaa78	0x141e14af8	addr-match		RE::RTTI_TESObjectWEAP	Code/client/Games/Skyrim/RTTI.cpp:561
392540	rtti	TESEyes	curated-verified	0x141edaaa0	0x1edaaa0	0x141e14b20	addr-match		RE::RTTI_TESEyes	Code/client/Games/Skyrim/RTTI.cpp:563
392541	rtti	TESObjectACTI	curated-verified	0x141edaac0	0x1edaac0	0x141e14b40	addr-match		RE::RTTI_TESObjectACTI	Code/client/Games/Skyrim/RTTI.cpp:565
392542	rtti	BGSVoiceType	curated-verified	0x141edaae8	0x1edaae8	0x141e14b68	addr-match		RE::RTTI_BGSVoiceType	Code/client/Games/Skyrim/RTTI.cpp:567
392543	rtti	TESObjectSTAT	curated-verified	0x141edab10	0x1edab10	0x141e14b90	addr-match		RE::RTTI_TESObjectSTAT	Code/client/Games/Skyrim/RTTI.cpp:569
392544	rtti	TESObjectMISC	curated-verified	0x141edab38	0x1edab38	0x141e14bb8	addr-match		RE::RTTI_TESObjectMISC	Code/client/Games/Skyrim/RTTI.cpp:571
392545	rtti	TESObjectDOOR	curated-verified	0x141edab60	0x1edab60	0x141e14be0	addr-match		RE::RTTI_TESObjectDOOR	Code/client/Games/Skyrim/RTTI.cpp:573
392546	rtti	TESNPC	curated-verified	0x141edab88	0x1edab88	0x141e14c08	addr-match		RE::RTTI_TESNPC	Code/client/Games/Skyrim/RTTI.cpp:575
392548	rtti	BGSLoadFormBuffer	curated-verified	0x141edac50	0x1edac50	0x141e14cd0	addr-match		RE::RTTI_BGSLoadFormBuffer	Code/client/Games/Skyrim/RTTI.cpp:577
392549	rtti	BGSLoadGameBuffer	curated-verified	0x141edac78	0x1edac78	0x141e14cf8	addr-match		RE::RTTI_BGSLoadGameBuffer	Code/client/Games/Skyrim/RTTI.cpp:579
392550	rtti	BGSLoadFormData	curated-verified	0x141edaca0	0x1edaca0	0x141e14d20	addr-match		RE::RTTI_BGSLoadFormData	Code/client/Games/Skyrim/RTTI.cpp:581
392551	rtti	BGSStoryManagerBranchNode	curated-verified	0x141edacc8	0x1edacc8	0x141e14d48	addr-match		RE::RTTI_BGSStoryManagerBranchNode	Code/client/Games/Skyrim/RTTI.cpp:583
392552	rtti	BGSStoryManagerNodeBase	curated-verified	0x141edacf8	0x1edacf8	0x141e14d78	addr-match		RE::RTTI_BGSStoryManagerNodeBase	Code/client/Games/Skyrim/RTTI.cpp:585
392553	rtti	BGSStoryManagerTreeForm	curated-verified	0x141edad28	0x1edad28	0x141e14da8	addr-match		RE::RTTI_BGSStoryManagerTreeForm	Code/client/Games/Skyrim/RTTI.cpp:587
392563	rtti	BGSAttackDataForm	curated-verified	0x141edaff0	0x1edaff0	0x141e15070	addr-match		RE::RTTI_BGSAttackDataForm	Code/client/Games/Skyrim/RTTI.cpp:589
392564	rtti	BGSBipedModelList	curated-verified	0x141edb018	0x1edb018	0x141e15098	addr-match		RE::RTTI_BGSBipedModelList	Code/client/Games/Skyrim/RTTI.cpp:591
392565	rtti	BGSBipedObjectForm	curated-verified	0x141edb040	0x1edb040	0x141e150c0	addr-match		RE::RTTI_BGSBipedObjectForm	Code/client/Games/Skyrim/RTTI.cpp:593
392566	rtti	BGSBlockBashData	curated-verified	0x141edb070	0x1edb070	0x141e150f0	addr-match		RE::RTTI_BGSBlockBashData	Code/client/Games/Skyrim/RTTI.cpp:595
392567	rtti	BGSDebris	curated-verified	0x141edb098	0x1edb098	0x141e15118	addr-match		RE::RTTI_BGSDebris	Code/client/Games/Skyrim/RTTI.cpp:597
392570	rtti	BGSIdleCollection	curated-verified	0x141edb208	0x1edb208	0x141e15288	addr-match		RE::RTTI_BGSIdleCollection	Code/client/Games/Skyrim/RTTI.cpp:599
392571	rtti	TESIdleForm	curated-verified	0x141edb230	0x1edb230	0x141e152b0	addr-match		RE::RTTI_TESIdleForm	Code/client/Games/Skyrim/RTTI.cpp:601
392572	rtti	BGSOverridePackCollection	curated-verified	0x141edb258	0x1edb258	0x141e152d8	addr-match		RE::RTTI_BGSOverridePackCollection	Code/client/Games/Skyrim/RTTI.cpp:603
392573	rtti	PerkRankVisitor	curated-verified	0x141edb288	0x1edb288	0x141e15308	addr-match		RE::RTTI_PerkRankVisitor	Code/client/Games/Skyrim/RTTI.cpp:605
392574	rtti	BGSPerkRankArray	curated-verified	0x141edb2b0	0x1edb2b0	0x141e15330	addr-match		RE::RTTI_BGSPerkRankArray	Code/client/Games/Skyrim/RTTI.cpp:607
392576	rtti	BGSSkinForm	curated-verified	0x141edb318	0x1edb318	0x141e15398	addr-match		RE::RTTI_BGSSkinForm	Code/client/Games/Skyrim/RTTI.cpp:609
392577	rtti	TESObjectARMO	curated-verified	0x141edb340	0x1edb340	0x141e153c0	addr-match		RE::RTTI_TESObjectARMO	Code/client/Games/Skyrim/RTTI.cpp:611
392578	rtti	TESSoundFile	curated-weak	0x141edb368	0x1edb368	0x141e153e8	addr-match		RE::RTTI_TESSoundFile	Code/client/Games/Skyrim/RTTI.cpp:613
392579	rtti	TESAIForm	curated-verified	0x141edb390	0x1edb390	0x141e15410	addr-match		RE::RTTI_TESAIForm	Code/client/Games/Skyrim/RTTI.cpp:615
392580	rtti	TESActorBaseData	curated-verified	0x141edb3b0	0x1edb3b0	0x141e15430	addr-match		RE::RTTI_TESActorBaseData	Code/client/Games/Skyrim/RTTI.cpp:617
392581	rtti	TESAttackDamageForm	curated-verified	0x141edb3d8	0x1edb3d8	0x141e15458	addr-match		RE::RTTI_TESAttackDamageForm	Code/client/Games/Skyrim/RTTI.cpp:619
392582	rtti	TESContainer	curated-verified	0x141edb408	0x1edb408	0x141e15488	addr-match		RE::RTTI_TESContainer	Code/client/Games/Skyrim/RTTI.cpp:621
392583	rtti	TESHealthForm	curated-verified	0x141edb430	0x1edb430	0x141e154b0	addr-match		RE::RTTI_TESHealthForm	Code/client/Games/Skyrim/RTTI.cpp:623
392584	rtti	TESLeveledList	curated-verified	0x141edb458	0x1edb458	0x141e154d8	addr-match		RE::RTTI_TESLeveledList	Code/client/Games/Skyrim/RTTI.cpp:625
392585	rtti	TESProduceForm	curated-verified	0x141edb480	0x1edb480	0x141e15500	addr-match		RE::RTTI_TESProduceForm	Code/client/Games/Skyrim/RTTI.cpp:627
392586	rtti	TESQualityForm	curated-verified	0x141edb4a8	0x1edb4a8	0x141e15528	addr-match		RE::RTTI_TESQualityForm	Code/client/Games/Skyrim/RTTI.cpp:629
392587	rtti	TESRaceForm	curated-verified	0x141edb4d0	0x1edb4d0	0x141e15550	addr-match		RE::RTTI_TESRaceForm	Code/client/Games/Skyrim/RTTI.cpp:631
392588	rtti	TESSpellList	curated-verified	0x141edb4f8	0x1edb4f8	0x141e15578	addr-match		RE::RTTI_TESSpellList	Code/client/Games/Skyrim/RTTI.cpp:633
392589	rtti	TESReactionForm	curated-verified	0x141edb520	0x1edb520	0x141e155a0	addr-match		RE::RTTI_TESReactionForm	Code/client/Games/Skyrim/RTTI.cpp:635
392590	rtti	TESImageSpaceModifiableForm	curated-verified	0x141edb548	0x1edb548	0x141e155c8	addr-match		RE::RTTI_TESImageSpaceModifiableForm	Code/client/Games/Skyrim/RTTI.cpp:637
392592	rtti	TESModelLODList	curated-verified	0x141edb5c0	0x1edb5c0	0x141e15640	addr-match		RE::RTTI_TESModelLODList	Code/client/Games/Skyrim/RTTI.cpp:639
392593	rtti	TESLevItem	curated-verified	0x141edb5e8	0x1edb5e8	0x141e15668	addr-match		RE::RTTI_TESLevItem	Code/client/Games/Skyrim/RTTI.cpp:641
392597	rtti	TESModelRDT	curated-verified	0x141edb700	0x1edb700	0x141e15780	addr-match		RE::RTTI_TESModelRDT	Code/client/Games/Skyrim/RTTI.cpp:643
392600	rtti	BSStorage	curated-verified	0x141edb790	0x1edb790	0x141e15810	addr-match		RE::RTTI_BSStorage	Code/client/Games/Skyrim/RTTI.cpp:645
392601	rtti	BSMemStorage	curated-verified	0x141edb7b0	0x1edb7b0	0x141e15830	addr-match		RE::RTTI_BSMemStorage	Code/client/Games/Skyrim/RTTI.cpp:647
392607	rtti	BSVMLoadTask	curated-verified	0x141edb900	0x1edb900	0x141e15980	addr-match		RE::RTTI_BSVMLoadTask	Code/client/Games/Skyrim/RTTI.cpp:649
392609	rtti	BGSTextureSet	curated-verified	0x141edb988	0x1edb988	0x141e15a08	addr-match		RE::RTTI_BGSTextureSet	Code/client/Games/Skyrim/RTTI.cpp:651
392612	rtti	TESRace	curated-verified	0x141edba20	0x1edba20	0x141e15aa0	addr-match		RE::RTTI_TESRace	Code/client/Games/Skyrim/RTTI.cpp:653
392613	rtti	TESLevSpell	curated-verified	0x141edba40	0x1edba40	0x141e15ac0	addr-match		RE::RTTI_TESLevSpell	Code/client/Games/Skyrim/RTTI.cpp:655
392614	rtti	TESShout	curated-verified	0x141edba68	0x1edba68	0x141e15ae8	addr-match		RE::RTTI_TESShout	Code/client/Games/Skyrim/RTTI.cpp:657
392615	rtti	ActionInput	curated-verified	0x141edba88	0x1edba88	0x141e15b08	addr-match		RE::RTTI_ActionInput	Code/client/Games/Skyrim/RTTI.cpp:659
392616	rtti	BGSAnimSoundStateManager	curated-verified	0x141edbab0	0x1edbab0	0x141e15b30	addr-match		RE::RTTI_BGSAnimSoundStateManager	Code/client/Games/Skyrim/RTTI.cpp:661
392626	rtti	BGSParticleArrayAttach	curated-verified	0x141edbe38	0x1edbe38	0x141e15eb8	addr-match		RE::RTTI_BGSParticleArrayAttach	Code/client/Games/Skyrim/RTTI.cpp:663
392630	rtti	BGSHavokGeometryAttach	curated-verified	0x141edbf40	0x1edbf40	0x141e15fc0	addr-match		RE::RTTI_BGSHavokGeometryAttach	Code/client/Games/Skyrim/RTTI.cpp:665
392634	rtti	BGSNamedNodeAttach	curated-verified	0x141edc030	0x1edc030	0x141e160b0	addr-match		RE::RTTI_BGSNamedNodeAttach	Code/client/Games/Skyrim/RTTI.cpp:667
392638	rtti	BGSMultiTechniqueAttach	curated-verified	0x141edc108	0x1edc108	0x141e16188	addr-match		RE::RTTI_BGSMultiTechniqueAttach	Code/client/Games/Skyrim/RTTI.cpp:669
392642	rtti	hkpRayHitCollector	curated-verified	0x141edc1f8	0x1edc1f8	0x141e16278	addr-match		RE::RTTI_hkpRayHitCollector	Code/client/Games/Skyrim/RTTI.cpp:671
392643	rtti	hkpAllRayHitTempCollector	curated-verified	0x141edc228	0x1edc228	0x141e162a8	addr-match		RE::RTTI_hkpAllRayHitTempCollector	Code/client/Games/Skyrim/RTTI.cpp:673
392644	rtti	BGSDecalNode	curated-verified	0x141edc258	0x1edc258	0x141e162d8	addr-match		RE::RTTI_BGSDecalNode	Code/client/Games/Skyrim/RTTI.cpp:675
392645	rtti	QueuedPromoteReferencesTask	curated-verified	0x141edc280	0x1edc280	0x141e16300	addr-match		RE::RTTI_QueuedPromoteReferencesTask	Code/client/Games/Skyrim/RTTI.cpp:677
392646	rtti	NiProperty	curated-verified	0x141edc2b8	0x1edc2b8	0x141e16338	addr-match		RE::RTTI_NiProperty	Code/client/Games/Skyrim/RTTI.cpp:679
392647	rtti	NiAlphaProperty	curated-verified	0x141edc2e0	0x1edc2e0	0x141e16360	addr-match		RE::RTTI_NiAlphaProperty	Code/client/Games/Skyrim/RTTI.cpp:681
392651	rtti	BGSQueuedGrassModelHandles	curated-verified	0x141edc3d0	0x1edc3d0	0x141e16450	addr-match		RE::RTTI_BGSQueuedGrassModelHandles	Code/client/Games/Skyrim/RTTI.cpp:683
392652	rtti	BGSPrimitive	curated-verified	0x141edc408	0x1edc408	0x141e16488	addr-match		RE::RTTI_BGSPrimitive	Code/client/Games/Skyrim/RTTI.cpp:685
392653	rtti	BSOcclusionShape	curated-verified	0x141edc430	0x1edc430	0x141e164b0	addr-match		RE::RTTI_BSOcclusionShape	Code/client/Games/Skyrim/RTTI.cpp:687
392654	rtti	BSPortal	curated-verified	0x141edc458	0x1edc458	0x141e164d8	addr-match		RE::RTTI_BSPortal	Code/client/Games/Skyrim/RTTI.cpp:689
392655	rtti	BSOcclusionPlane	curated-verified	0x141edc478	0x1edc478	0x141e164f8	addr-match		RE::RTTI_BSOcclusionPlane	Code/client/Games/Skyrim/RTTI.cpp:691
392656	rtti	BGSPrimitiveLine	curated-verified	0x141edc4a0	0x1edc4a0	0x141e16520	addr-match		RE::RTTI_BGSPrimitiveLine	Code/client/Games/Skyrim/RTTI.cpp:693
392657	rtti	BGSPrimitiveBox	curated-verified	0x141edc4c8	0x1edc4c8	0x141e16548	addr-match		RE::RTTI_BGSPrimitiveBox	Code/client/Games/Skyrim/RTTI.cpp:695
392658	rtti	BGSPrimitivePlane	curated-verified	0x141edc4f0	0x1edc4f0	0x141e16570	addr-match		RE::RTTI_BGSPrimitivePlane	Code/client/Games/Skyrim/RTTI.cpp:697
392659	rtti	BGSPrimitiveSphere	curated-verified	0x141edc518	0x1edc518	0x141e16598	addr-match		RE::RTTI_BGSPrimitiveSphere	Code/client/Games/Skyrim/RTTI.cpp:699
392660	rtti	BSMultiBoundAABB	curated-verified	0x141edc548	0x1edc548	0x141e165c8	addr-match		RE::RTTI_BSMultiBoundAABB	Code/client/Games/Skyrim/RTTI.cpp:701
392661	rtti	BSMultiBoundShape	curated-verified	0x141edc570	0x1edc570	0x141e165f0	addr-match		RE::RTTI_BSMultiBoundShape	Code/client/Games/Skyrim/RTTI.cpp:703
392662	rtti	BSMultiBoundOBB	curated-verified	0x141edc598	0x1edc598	0x141e16618	addr-match		RE::RTTI_BSMultiBoundOBB	Code/client/Games/Skyrim/RTTI.cpp:705
392663	rtti	BSMultiBoundSphere	curated-verified	0x141edc5c0	0x1edc5c0	0x141e16640	addr-match		RE::RTTI_BSMultiBoundSphere	Code/client/Games/Skyrim/RTTI.cpp:707
392667	rtti	BGSSceneInfo	curated-verified	0x141edc6c8	0x1edc6c8	0x141e16748	addr-match		RE::RTTI_BGSSceneInfo	Code/client/Games/Skyrim/RTTI.cpp:709
392672	rtti	BSAnimationGraphChannel	curated-verified	0x141edc830	0x1edc830	0x141e168b0	addr-match		RE::RTTI_BSAnimationGraphChannel	Code/client/Games/Skyrim/RTTI.cpp:711
392675	rtti	BSAnimGroupSequence	curated-verified	0x141edc900	0x1edc900	0x141e16980	addr-match		RE::RTTI_BSAnimGroupSequence	Code/client/Games/Skyrim/RTTI.cpp:713
392676	rtti	NiControllerSequence	curated-verified	0x141edc930	0x1edc930	0x141e169b0	addr-match		RE::RTTI_NiControllerSequence	Code/client/Games/Skyrim/RTTI.cpp:715
392677	rtti	BSAnimNoteReceiver	curated-verified	0x141edc960	0x1edc960	0x141e169e0	addr-match		RE::RTTI_BSAnimNoteReceiver	Code/client/Games/Skyrim/RTTI.cpp:717
392678	rtti	IBSAnimNoteReceiver	curated-verified	0x141edc990	0x1edc990	0x141e16a10	addr-match		RE::RTTI_IBSAnimNoteReceiver	Code/client/Games/Skyrim/RTTI.cpp:719
392680	rtti	GridArray	curated-verified	0x141edca58	0x1edca58	0x141e16ad8	addr-match		RE::RTTI_GridArray	Code/client/Games/Skyrim/RTTI.cpp:721
392681	rtti	GridCellArray	curated-verified	0x141edca78	0x1edca78	0x141e16af8	addr-match		RE::RTTI_GridCellArray	Code/client/Games/Skyrim/RTTI.cpp:723
392682	rtti	TESActionData	curated-verified	0x141edcaa0	0x1edcaa0	0x141e16b20	addr-match		RE::RTTI_TESActionData	Code/client/Games/Skyrim/RTTI.cpp:725
392683	rtti	BGSActionData	curated-verified	0x141edcac8	0x1edcac8	0x141e16b48	addr-match		RE::RTTI_BGSActionData	Code/client/Games/Skyrim/RTTI.cpp:727
392684	rtti	ActionOutput	curated-identical	0x141edcaf0	0x1edcaf0	0x141e16b70	addr-match		RE::RTTI_ActionOutput	Code/client/Games/Skyrim/RTTI.cpp:729
392691	rtti	FindByEffectSettingFunctor	curated-verified	0x141edcc40	0x1edcc40	0x141e16d00	addr-match		RE::RTTI_FindByEffectSettingFunctor	Code/client/Games/Skyrim/RTTI.cpp:731
392709	rtti	TESCameraState	curated-verified	0x141edd398	0x1edd398	0x141e17458	addr-match		RE::RTTI_TESCameraState	Code/client/Games/Skyrim/RTTI.cpp:733
392710	rtti	LocalMapCamera	curated-verified	0x141edd3c0	0x1edd3c0	0x141e17480	addr-match		RE::RTTI_LocalMapCamera	Code/client/Games/Skyrim/RTTI.cpp:735
392711	rtti	TESCamera	curated-verified	0x141edd3e8	0x1edd3e8	0x141e174a8	addr-match		RE::RTTI_TESCamera	Code/client/Games/Skyrim/RTTI.cpp:737
392713	rtti	NiExtraData	curated-verified	0x141edd440	0x1edd440	0x141e17500	addr-match		RE::RTTI_NiExtraData	Code/client/Games/Skyrim/RTTI.cpp:739
392714	rtti	BSSplatterExtraData	curated-verified	0x141edd468	0x1edd468	0x141e17528	addr-match		RE::RTTI_BSSplatterExtraData	Code/client/Games/Skyrim/RTTI.cpp:741
392716	rtti	TESRegionData	curated-verified	0x141edd498	0x1edd498	0x141e17558	addr-match		RE::RTTI_TESRegionData	Code/client/Games/Skyrim/RTTI.cpp:743
392717	rtti	TESRegionDataWeather	curated-verified	0x141edd4c0	0x1edd4c0	0x141e17580	addr-match		RE::RTTI_TESRegionDataWeather	Code/client/Games/Skyrim/RTTI.cpp:745
392718	rtti	TESRegion	curated-verified	0x141edd4f0	0x1edd4f0	0x141e175b0	addr-match		RE::RTTI_TESRegion	Code/client/Games/Skyrim/RTTI.cpp:747
392719	rtti	TESRegionDataGrass	curated-verified	0x141edd550	0x1edd550	0x141e17610	addr-match		RE::RTTI_TESRegionDataGrass	Code/client/Games/Skyrim/RTTI.cpp:749
392720	rtti	TESRegionDataLandscape	curated-verified	0x141edd580	0x1edd580	0x141e17640	addr-match		RE::RTTI_TESRegionDataLandscape	Code/client/Games/Skyrim/RTTI.cpp:751
392721	rtti	TESRegionDataManager	curated-verified	0x141edd5b0	0x1edd5b0	0x141e17670	addr-match		RE::RTTI_TESRegionDataManager	Code/client/Games/Skyrim/RTTI.cpp:753
392722	rtti	TESRegionDataMap	curated-verified	0x141edd5e0	0x1edd5e0	0x141e176a0	addr-match		RE::RTTI_TESRegionDataMap	Code/client/Games/Skyrim/RTTI.cpp:755
392723	rtti	TESRegionDataObjects	curated-verified	0x141edd608	0x1edd608	0x141e176c8	addr-match		RE::RTTI_TESRegionDataObjects	Code/client/Games/Skyrim/RTTI.cpp:757
392724	rtti	TESRegionDataSound	curated-verified	0x141edd638	0x1edd638	0x141e176f8	addr-match		RE::RTTI_TESRegionDataSound	Code/client/Games/Skyrim/RTTI.cpp:759
392725	rtti	TESRegionObjectBase	curated-verified	0x141edd668	0x1edd668	0x141e17728	addr-match		RE::RTTI_TESRegionObjectBase	Code/client/Games/Skyrim/RTTI.cpp:761
392726	rtti	TESRegionGrassObject	curated-verified	0x141edd698	0x1edd698	0x141e17758	addr-match		RE::RTTI_TESRegionGrassObject	Code/client/Games/Skyrim/RTTI.cpp:763
392727	rtti	TESRegionGrassObjectList	curated-verified	0x141edd6c8	0x1edd6c8	0x141e17788	addr-match		RE::RTTI_TESRegionGrassObjectList	Code/client/Games/Skyrim/RTTI.cpp:765
392729	rtti	TESRegionList	curated-verified	0x141edd740	0x1edd740	0x141e17800	addr-match		RE::RTTI_TESRegionList	Code/client/Games/Skyrim/RTTI.cpp:767
392731	rtti	TESRegionNoiseFunction	curated-verified	0x141edd7a0	0x1edd7a0	0x141e17860	addr-match		RE::RTTI_TESRegionNoiseFunction	Code/client/Games/Skyrim/RTTI.cpp:769
392732	rtti	TESRegionObject	curated-verified	0x141edd7d0	0x1edd7d0	0x141e17890	addr-match		RE::RTTI_TESRegionObject	Code/client/Games/Skyrim/RTTI.cpp:771
392733	rtti	TESLandTexture	curated-verified	0x141edd7f8	0x1edd7f8	0x141e178b8	addr-match		RE::RTTI_TESLandTexture	Code/client/Games/Skyrim/RTTI.cpp:773
392734	rtti	TESRegionObjectList	curated-verified	0x141edd820	0x1edd820	0x141e178e0	addr-match		RE::RTTI_TESRegionObjectList	Code/client/Games/Skyrim/RTTI.cpp:775
392738	rtti	BGSAddonNodeSoundHandleExtra	curated-verified	0x141edd890	0x1edd890	0x141e17950	addr-match		RE::RTTI_BGSAddonNodeSoundHandleExtra	Code/client/Games/Skyrim/RTTI.cpp:777
392741	rtti	BGSApparatus	curated-verified	0x141edd968	0x1edd968	0x141e17a28	addr-match		RE::RTTI_BGSApparatus	Code/client/Games/Skyrim/RTTI.cpp:779
392744	rtti	BGSArtObjectCloneTask	curated-verified	0x141edda28	0x1edda28	0x141e17ae8	addr-match		RE::RTTI_BGSArtObjectCloneTask	Code/client/Games/Skyrim/RTTI.cpp:781
392748	rtti	BGSConstructibleObject	curated-verified	0x141eddb68	0x1eddb68	0x141e17c28	addr-match		RE::RTTI_BGSConstructibleObject	Code/client/Games/Skyrim/RTTI.cpp:783
392752	rtti	bhkWorldObject	curated-verified	0x141eddc80	0x1eddc80	0x141e17d40	addr-match		RE::RTTI_bhkWorldObject	Code/client/Games/Skyrim/RTTI.cpp:785
392753	rtti	NiCollisionObject	curated-verified	0x141eddca8	0x1eddca8	0x141e17d68	addr-match		RE::RTTI_NiCollisionObject	Code/client/Games/Skyrim/RTTI.cpp:787
392754	rtti	bhkNiCollisionObject	curated-verified	0x141eddcd0	0x1eddcd0	0x141e17d90	addr-match		RE::RTTI_bhkNiCollisionObject	Code/client/Games/Skyrim/RTTI.cpp:789
392755	rtti	bhkRigidBody	curated-verified	0x141eddd00	0x1eddd00	0x141e17dc0	addr-match		RE::RTTI_bhkRigidBody	Code/client/Games/Skyrim/RTTI.cpp:791
392756	rtti	BGSPreloadable	curated-verified	0x141eddd28	0x1eddd28	0x141e17de8	addr-match		RE::RTTI_BGSPreloadable	Code/client/Games/Skyrim/RTTI.cpp:793
392761	rtti	BGSHazard	curated-verified	0x141edde78	0x1edde78	0x141e17f38	addr-match		RE::RTTI_BGSHazard	Code/client/Games/Skyrim/RTTI.cpp:795
392764	rtti	BGSLensFlare	curated-verified	0x141eddf30	0x1eddf30	0x141e17ff0	addr-match		RE::RTTI_BGSLensFlare	Code/client/Games/Skyrim/RTTI.cpp:797
392765	rtti	BSLensFlareRenderData	curated-weak	0x141eddf58	0x1eddf58	0x141e18018	addr-match		RE::RTTI_BSLensFlareRenderData	Code/client/Games/Skyrim/RTTI.cpp:799
392766	rtti	BSLensFlareSpriteRenderData	curated-verified	0x141ede028	0x1ede028	0x141e180e8	addr-match		RE::RTTI_BSLensFlareSpriteRenderData	Code/client/Games/Skyrim/RTTI.cpp:801
392767	rtti	BGSLensFlareSprite	curated-verified	0x141ede060	0x1ede060	0x141e18120	addr-match		RE::RTTI_BGSLensFlareSprite	Code/client/Games/Skyrim/RTTI.cpp:803
392770	rtti	BGSVolumetricLighting	curated-verified	0x141ede090	0x1ede090	0x141e18150	addr-match		RE::RTTI_BGSVolumetricLighting	Code/client/Games/Skyrim/RTTI.cpp:805
392771	rtti	BSVolumetricLightingRenderData	curated-weak	0x141ede0c0	0x1ede0c0	0x141e18180	addr-match		RE::RTTI_BSVolumetricLightingRenderData	Code/client/Games/Skyrim/RTTI.cpp:807
392774	rtti	BGSMovableStatic	curated-verified	0x141ede1b0	0x1ede1b0	0x141e18270	addr-match		RE::RTTI_BGSMovableStatic	Code/client/Games/Skyrim/RTTI.cpp:809
392777	rtti	BGSOutfit	curated-verified	0x141ede288	0x1ede288	0x141e18348	addr-match		RE::RTTI_BGSOutfit	Code/client/Games/Skyrim/RTTI.cpp:811
392780	rtti	BGSCollisionLayer	curated-verified	0x141ede340	0x1ede340	0x141e18400	addr-match		RE::RTTI_BGSCollisionLayer	Code/client/Games/Skyrim/RTTI.cpp:813
392783	rtti	BGSStaticCollection	curated-verified	0x141ede408	0x1ede408	0x141e184c8	addr-match		RE::RTTI_BGSStaticCollection	Code/client/Games/Skyrim/RTTI.cpp:815
392786	rtti	TESMagicTargetForm	curated-weak	0x141ede4e8	0x1ede4e8	0x141e185a8	addr-match		RE::RTTI_TESMagicTargetForm	Code/client/Games/Skyrim/RTTI.cpp:817
392787	rtti	BGSTalkingActivator	curated-verified	0x141ede518	0x1ede518	0x141e185d8	addr-match		RE::RTTI_BGSTalkingActivator	Code/client/Games/Skyrim/RTTI.cpp:819
392788	rtti	TESBoundAnimObject	curated-verified	0x141ede548	0x1ede548	0x141e18608	addr-match		RE::RTTI_TESBoundAnimObject	Code/client/Games/Skyrim/RTTI.cpp:821
392789	rtti	BGSOpenCloseForm	curated-verified	0x141ede578	0x1ede578	0x141e18638	addr-match		RE::RTTI_BGSOpenCloseForm	Code/client/Games/Skyrim/RTTI.cpp:823
392796	rtti	BSTriShape	curated-verified	0x141ede788	0x1ede788	0x141e18848	addr-match		RE::RTTI_BSTriShape	Code/client/Games/Skyrim/RTTI.cpp:825
392797	rtti	BSGeometry	curated-verified	0x141ede7b0	0x1ede7b0	0x141e18870	addr-match		RE::RTTI_BSGeometry	Code/client/Games/Skyrim/RTTI.cpp:827
392798	rtti	BSParticleShaderGeometry	curated-verified	0x141ede7d8	0x1ede7d8	0x141e18898	addr-match		RE::RTTI_BSParticleShaderGeometry	Code/client/Games/Skyrim/RTTI.cpp:829
392799	rtti	BSDynamicTriShape	curated-verified	0x141ede808	0x1ede808	0x141e188c8	addr-match		RE::RTTI_BSDynamicTriShape	Code/client/Games/Skyrim/RTTI.cpp:831
392802	rtti	TESFlora	curated-verified	0x141ede8d8	0x1ede8d8	0x141e18998	addr-match		RE::RTTI_TESFlora	Code/client/Games/Skyrim/RTTI.cpp:833
392805	rtti	TESFurniture	curated-verified	0x141ede990	0x1ede990	0x141e18a50	addr-match		RE::RTTI_TESFurniture	Code/client/Games/Skyrim/RTTI.cpp:835
392808	rtti	TESGrass	curated-verified	0x141edea58	0x1edea58	0x141e18b18	addr-match		RE::RTTI_TESGrass	Code/client/Games/Skyrim/RTTI.cpp:837
392813	rtti	TESLevCharacter	curated-verified	0x141edeba0	0x1edeba0	0x141e18c60	addr-match		RE::RTTI_TESLevCharacter	Code/client/Games/Skyrim/RTTI.cpp:839
392824	rtti	TESObjectANIO	curated-verified	0x141edeed8	0x1edeed8	0x141e18f98	addr-match		RE::RTTI_TESObjectANIO	Code/client/Games/Skyrim/RTTI.cpp:841
392827	rtti	TESObjectARMA	curated-verified	0x141edef98	0x1edef98	0x141e19058	addr-match		RE::RTTI_TESObjectARMA	Code/client/Games/Skyrim/RTTI.cpp:843
392832	rtti	TESObjectBOOK	override	0x141edf0f8	0x1edf0f8		none		TESObjectBOOK RTTI type descriptor, located by mangled name in SkyrimVR.exe	Code/client/Games/Skyrim/RTTI.cpp:845
392835	rtti	TESMagicCasterForm	curated-weak	0x141edf1b8	0x1edf1b8	0x141e19278	addr-match		RE::RTTI_TESMagicCasterForm	Code/client/Games/Skyrim/RTTI.cpp:847
392836	rtti	TESObjectCONT	curated-verified	0x141edf1e8	0x1edf1e8	0x141e192a8	addr-match		RE::RTTI_TESObjectCONT	Code/client/Games/Skyrim/RTTI.cpp:849
392839	rtti	IFadeDoneCallback	curated-verified	0x141edf2a8	0x1edf2a8	0x141e19368	addr-match		RE::RTTI_IFadeDoneCallback	Code/client/Games/Skyrim/RTTI.cpp:851
392848	rtti	TESObjectTREE	curated-verified	0x141edf518	0x1edf518	0x141e195d8	addr-match		RE::RTTI_TESObjectTREE	Code/client/Games/Skyrim/RTTI.cpp:853
392853	rtti	TESSoulGem	curated-verified	0x141edf678	0x1edf678	0x141e19738	addr-match		RE::RTTI_TESSoulGem	Code/client/Games/Skyrim/RTTI.cpp:855
392856	rtti	BGSLocation	curated-verified	0x141edf730	0x1edf730	0x141e197f0	addr-match		RE::RTTI_BGSLocation	Code/client/Games/Skyrim/RTTI.cpp:857
392857	rtti	QueuedPromoteLargeReferencesTask	curated-verified	0x141edf808	0x1edf808	0x141e198c8	addr-match		RE::RTTI_QueuedPromoteLargeReferencesTask	Code/client/Games/Skyrim/RTTI.cpp:859
392860	rtti	BGSLightingTemplate	curated-verified	0x141edf840	0x1edf840	0x141e19900	addr-match		RE::RTTI_BGSLightingTemplate	Code/client/Games/Skyrim/RTTI.cpp:861
392863	rtti	QueuedPromoteLocationReferencesTask	curated-verified	0x141edf918	0x1edf918	0x141e199d8	addr-match		RE::RTTI_QueuedPromoteLocationReferencesTask	Code/client/Games/Skyrim/RTTI.cpp:863
392870	rtti	BGSShaderParticleGeometryData	curated-verified	0x141edfb48	0x1edfb48	0x141e19c08	addr-match		RE::RTTI_BGSShaderParticleGeometryData	Code/client/Games/Skyrim/RTTI.cpp:865
392871	rtti	BSParticleShaderEmitter	curated-verified	0x141edfb80	0x1edfb80	0x141e19c40	addr-match		RE::RTTI_BSParticleShaderEmitter	Code/client/Games/Skyrim/RTTI.cpp:867
392872	rtti	BSParticleShaderCubeEmitter	curated-verified	0x141edfbb0	0x1edfbb0	0x141e19c70	addr-match		RE::RTTI_BSParticleShaderCubeEmitter	Code/client/Games/Skyrim/RTTI.cpp:869
392873	rtti	BSParticleShaderSnowEmitter	curated-verified	0x141edfbe8	0x1edfbe8	0x141e19ca8	addr-match		RE::RTTI_BSParticleShaderSnowEmitter	Code/client/Games/Skyrim/RTTI.cpp:871
392874	rtti	BSParticleShaderRainEmitter	curated-verified	0x141edfc20	0x1edfc20	0x141e19ce0	addr-match		RE::RTTI_BSParticleShaderRainEmitter	Code/client/Games/Skyrim/RTTI.cpp:873
392875	rtti	CellLoaderTask	curated-verified	0x141edfd18	0x1edfd18	0x141e19dd8	addr-match		RE::RTTI_CellLoaderTask	Code/client/Games/Skyrim/RTTI.cpp:875
392876	rtti	ImageSpaceModifierInstanceForm	curated-verified	0x141edfd40	0x1edfd40	0x141e19e00	addr-match		RE::RTTI_ImageSpaceModifierInstanceForm	Code/client/Games/Skyrim/RTTI.cpp:877
392877	rtti	ImageSpaceModifierInstance	curated-verified	0x141edfd78	0x1edfd78	0x141e19e38	addr-match		RE::RTTI_ImageSpaceModifierInstance	Code/client/Games/Skyrim/RTTI.cpp:879
392878	rtti	ImageSpaceModifierInstanceTemp	curated-verified	0x141edfdb0	0x1edfdb0	0x141e19e70	addr-match		RE::RTTI_ImageSpaceModifierInstanceTemp	Code/client/Games/Skyrim/RTTI.cpp:881
392879	rtti	ImageSpaceModifierInstanceDOF	curated-verified	0x141edfde8	0x1edfde8	0x141e19ea8	addr-match		RE::RTTI_ImageSpaceModifierInstanceDOF	Code/client/Games/Skyrim/RTTI.cpp:883
392880	rtti	ImageSpaceModifierInstanceRB	curated-verified	0x141edfe20	0x1edfe20	0x141e19ee0	addr-match		RE::RTTI_ImageSpaceModifierInstanceRB	Code/client/Games/Skyrim/RTTI.cpp:885
392883	rtti	TESWeather	curated-verified	0x141edfe58	0x1edfe58	0x141e19f18	addr-match		RE::RTTI_TESWeather	Code/client/Games/Skyrim/RTTI.cpp:887
392884	rtti	TESClimate	curated-verified	0x141edfe80	0x1edfe80	0x141e19f40	addr-match		RE::RTTI_TESClimate	Code/client/Games/Skyrim/RTTI.cpp:889
392889	rtti	NiFloatData	curated-verified	0x141edffd8	0x1edffd8	0x141e1a098	addr-match		RE::RTTI_NiFloatData	Code/client/Games/Skyrim/RTTI.cpp:891
392890	rtti	NiColorData	curated-verified	0x141ee0000	0x1ee0000	0x141e1a0c0	addr-match		RE::RTTI_NiColorData	Code/client/Games/Skyrim/RTTI.cpp:893
392892	rtti	hkReferencedObject	curated-verified	0x141ee00e0	0x1ee00e0	0x141e1a1a0	addr-match		RE::RTTI_hkReferencedObject	Code/client/Games/Skyrim/RTTI.cpp:895
392893	rtti	hkBaseObject	curated-verified	0x141ee0110	0x1ee0110	0x141e1a1d0	addr-match		RE::RTTI_hkBaseObject	Code/client/Games/Skyrim/RTTI.cpp:897
392894	rtti	TESChildCell	curated-verified	0x141ee0138	0x1ee0138	0x141e1a1f8	addr-match		RE::RTTI_TESChildCell	Code/client/Games/Skyrim/RTTI.cpp:899
392895	rtti	TESObjectLAND	curated-verified	0x141ee0160	0x1ee0160	0x141e1a220	addr-match		RE::RTTI_TESObjectLAND	Code/client/Games/Skyrim/RTTI.cpp:901
392896	rtti	hkpMoppCode	curated-verified	0x141ee0188	0x1ee0188	0x141e1a248	addr-match		RE::RTTI_hkpMoppCode	Code/client/Games/Skyrim/RTTI.cpp:903
392902	rtti	hkpWorldCinfo	curated-verified	0x141ee02a8	0x1ee02a8	0x141e1a368	addr-match		RE::RTTI_hkpWorldCinfo	Code/client/Games/Skyrim/RTTI.cpp:905
392903	rtti	hkpEntityListener	curated-verified	0x141ee02d0	0x1ee02d0	0x141e1a390	addr-match		RE::RTTI_hkpEntityListener	Code/client/Games/Skyrim/RTTI.cpp:907
392904	rtti	bhkEntityListener	curated-verified	0x141ee02f8	0x1ee02f8	0x141e1a3b8	addr-match		RE::RTTI_bhkEntityListener	Code/client/Games/Skyrim/RTTI.cpp:909
392905	rtti	CheckWithinMultiBoundTask	curated-verified	0x141ee0320	0x1ee0320	0x141e1a3e0	addr-match		RE::RTTI_CheckWithinMultiBoundTask	Code/client/Games/Skyrim/RTTI.cpp:911
392906	rtti	ExtraProcessMiddleLow	curated-verified	0x141ee0350	0x1ee0350	0x141e1a410	addr-match		RE::RTTI_ExtraProcessMiddleLow	Code/client/Games/Skyrim/RTTI.cpp:913
392907	rtti	SeenData	curated-verified	0x141ee0380	0x1ee0380	0x141e1a440	addr-match		RE::RTTI_SeenData	Code/client/Games/Skyrim/RTTI.cpp:915
392908	rtti	IntSeenData	curated-verified	0x141ee03a0	0x1ee03a0	0x141e1a460	addr-match		RE::RTTI_IntSeenData	Code/client/Games/Skyrim/RTTI.cpp:917
392918	rtti	TESWindListener	curated-verified	0x141ee0a68	0x1ee0a68	0x141e1ab28	addr-match		RE::RTTI_TESWindListener	Code/client/Games/Skyrim/RTTI.cpp:919
392919	rtti	bhkWindListener	curated-verified	0x141ee0a90	0x1ee0a90	0x141e1ab50	addr-match		RE::RTTI_bhkWindListener	Code/client/Games/Skyrim/RTTI.cpp:921
392927	rtti	bhkSerializable	curated-verified	0x141ee0d90	0x1ee0d90	0x141e1ae50	addr-match		RE::RTTI_bhkSerializable	Code/client/Games/Skyrim/RTTI.cpp:923
392928	rtti	bhkRefObject	curated-verified	0x141ee0db8	0x1ee0db8	0x141e1ae78	addr-match		RE::RTTI_bhkRefObject	Code/client/Games/Skyrim/RTTI.cpp:925
392929	rtti	hkpShape	curated-verified	0x141ee0de0	0x1ee0de0	0x141e1aea0	addr-match		RE::RTTI_hkpShape	Code/client/Games/Skyrim/RTTI.cpp:927
392930	rtti	bhkShape	curated-verified	0x141ee0e00	0x1ee0e00	0x141e1aec0	addr-match		RE::RTTI_bhkShape	Code/client/Games/Skyrim/RTTI.cpp:929
392931	rtti	BSHandleRefObject	curated-verified	0x141ee0e20	0x1ee0e20	0x141e1aee0	addr-match		RE::RTTI_BSHandleRefObject	Code/client/Games/Skyrim/RTTI.cpp:931
392933	rtti	bhkAabbPhantom	curated-verified	0x141ee0e88	0x1ee0e88	0x141e1af48	addr-match		RE::RTTI_bhkAabbPhantom	Code/client/Games/Skyrim/RTTI.cpp:933
392934	rtti	bhkPhantom	curated-verified	0x141ee0eb0	0x1ee0eb0	0x141e1af70	addr-match		RE::RTTI_bhkPhantom	Code/client/Games/Skyrim/RTTI.cpp:935
392936	rtti	hkpPhantomCallbackShape	curated-verified	0x141ee0f28	0x1ee0f28	0x141e1afe8	addr-match		RE::RTTI_hkpPhantomCallbackShape	Code/client/Games/Skyrim/RTTI.cpp:937
392939	rtti	bhkEntity	curated-verified	0x141ee0fd8	0x1ee0fd8	0x141e1b098	addr-match		RE::RTTI_bhkEntity	Code/client/Games/Skyrim/RTTI.cpp:939
392941	rtti	IAnimationGraphManagerHolder	curated-verified	0x141ee1038	0x1ee1038	0x141e1b0f8	addr-match		RE::RTTI_IAnimationGraphManagerHolder	Code/client/Games/Skyrim/RTTI.cpp:941
392942	rtti	bhkSimpleShapePhantom	curated-verified	0x141ee1070	0x1ee1070	0x141e1b130	addr-match		RE::RTTI_bhkSimpleShapePhantom	Code/client/Games/Skyrim/RTTI.cpp:943
392943	rtti	bhkShapePhantom	curated-verified	0x141ee10a0	0x1ee10a0	0x141e1b160	addr-match		RE::RTTI_bhkShapePhantom	Code/client/Games/Skyrim/RTTI.cpp:945
392944	rtti	bhkCollisionObject	curated-verified	0x141ee10c8	0x1ee10c8	0x141e1b188	addr-match		RE::RTTI_bhkCollisionObject	Code/client/Games/Skyrim/RTTI.cpp:947
392946	rtti	bhkAcousticSpacePhantomCallbackShape	curated-verified	0x141ee1160	0x1ee1160	0x141e1b220	addr-match		RE::RTTI_bhkAcousticSpacePhantomCallbackShape	Code/client/Games/Skyrim/RTTI.cpp:949
392947	rtti	bhkSphereRepShape	curated-verified	0x141ee11a0	0x1ee11a0	0x141e1b260	addr-match		RE::RTTI_bhkSphereRepShape	Code/client/Games/Skyrim/RTTI.cpp:951
392948	rtti	bhkConvexShape	curated-verified	0x141ee11c8	0x1ee11c8	0x141e1b288	addr-match		RE::RTTI_bhkConvexShape	Code/client/Games/Skyrim/RTTI.cpp:953
392949	rtti	bhkPCollisionObject	curated-verified	0x141ee11f0	0x1ee11f0	0x141e1b2b0	addr-match		RE::RTTI_bhkPCollisionObject	Code/client/Games/Skyrim/RTTI.cpp:955
392950	rtti	bhkSphereShape	curated-verified	0x141ee1220	0x1ee1220	0x141e1b2e0	addr-match		RE::RTTI_bhkSphereShape	Code/client/Games/Skyrim/RTTI.cpp:957
392951	rtti	ReferenceEffectController	curated-verified	0x141ee1248	0x1ee1248	0x141e1b308	addr-match		RE::RTTI_ReferenceEffectController	Code/client/Games/Skyrim/RTTI.cpp:959
392952	rtti	OwnedController	curated-verified	0x141ee1278	0x1ee1278	0x141e1b338	addr-match		RE::RTTI_OwnedController	Code/client/Games/Skyrim/RTTI.cpp:961
392953	rtti	OwnedCameraEffectController	curated-verified	0x141ee12a0	0x1ee12a0	0x141e1b360	addr-match		RE::RTTI_OwnedCameraEffectController	Code/client/Games/Skyrim/RTTI.cpp:963
392954	rtti	bhkBoxShape	curated-verified	0x141ee12d8	0x1ee12d8	0x141e1b398	addr-match		RE::RTTI_bhkBoxShape	Code/client/Games/Skyrim/RTTI.cpp:965
392959	rtti	IAnimationStreamWrite	curated-verified	0x141ee14f8	0x1ee14f8	0x141e1b5b8	addr-match		RE::RTTI_IAnimationStreamWrite	Code/client/Games/Skyrim/RTTI.cpp:967
392960	rtti	IAnimationStreamRead	curated-verified	0x141ee1528	0x1ee1528	0x141e1b5e8	addr-match		RE::RTTI_IAnimationStreamRead	Code/client/Games/Skyrim/RTTI.cpp:969
392961	rtti	AnimationStreamLoadGame	curated-verified	0x141ee1558	0x1ee1558	0x141e1b618	addr-match		RE::RTTI_AnimationStreamLoadGame	Code/client/Games/Skyrim/RTTI.cpp:971
392962	rtti	AnimationStreamSaveGame	curated-verified	0x141ee1588	0x1ee1588	0x141e1b648	addr-match		RE::RTTI_AnimationStreamSaveGame	Code/client/Games/Skyrim/RTTI.cpp:973
392965	rtti	ExtraUsedMarkers	curated-verified	0x141ee1630	0x1ee1630	0x141e1b6f0	addr-match		RE::RTTI_ExtraUsedMarkers	Code/client/Games/Skyrim/RTTI.cpp:975
392966	rtti	ExtraReservedMarkers	curated-verified	0x141ee1658	0x1ee1658	0x141e1b718	addr-match		RE::RTTI_ExtraReservedMarkers	Code/client/Games/Skyrim/RTTI.cpp:977
392972	rtti	NiTimeController	curated-verified	0x141ee1790	0x1ee1790	0x141e1b850	addr-match		RE::RTTI_NiTimeController	Code/client/Games/Skyrim/RTTI.cpp:979
392975	rtti	BGSMaterialType	curated-verified	0x141ee17b8	0x1ee17b8	0x141e1b878	addr-match		RE::RTTI_BGSMaterialType	Code/client/Games/Skyrim/RTTI.cpp:981
392978	rtti	TESTexture1024	curated-verified	0x141ee1878	0x1ee1878	0x141e1b938	addr-match		RE::RTTI_TESTexture1024	Code/client/Games/Skyrim/RTTI.cpp:983
392984	rtti	BGSReverbParameters	curated-verified	0x141ee1a38	0x1ee1a38	0x141e1baf8	addr-match		RE::RTTI_BGSReverbParameters	Code/client/Games/Skyrim/RTTI.cpp:985
392986	rtti	BGSCameraPath	curated-verified	0x141ee1b18	0x1ee1b18	0x141e1bbd8	addr-match		RE::RTTI_BGSCameraPath	Code/client/Games/Skyrim/RTTI.cpp:987
392987	rtti	BGSCameraShot	curated-verified	0x141ee1b40	0x1ee1b40	0x141e1bc00	addr-match		RE::RTTI_BGSCameraShot	Code/client/Games/Skyrim/RTTI.cpp:989
392988	rtti	NiFormArray	curated-verified	0x141ee1b68	0x1ee1b68	0x141e1bc28	addr-match		RE::RTTI_NiFormArray	Code/client/Games/Skyrim/RTTI.cpp:991
392999	rtti	BGSColorForm	curated-verified	0x141ee1e68	0x1ee1e68	0x141e1bf28	addr-match		RE::RTTI_BGSColorForm	Code/client/Games/Skyrim/RTTI.cpp:993
393000	rtti	BGSDefaultObjectManager	curated-verified	0x141ee1f28	0x1ee1f28	0x141e1bfe8	addr-match		RE::RTTI_BGSDefaultObjectManager	Code/client/Games/Skyrim/RTTI.cpp:995
393004	rtti	BGSFootstep	curated-verified	0x141ee1fa8	0x1ee1fa8	0x141e1c068	addr-match		RE::RTTI_BGSFootstep	Code/client/Games/Skyrim/RTTI.cpp:997
393007	rtti	BGSFootstepSet	curated-verified	0x141ee2060	0x1ee2060	0x141e1c120	addr-match		RE::RTTI_BGSFootstepSet	Code/client/Games/Skyrim/RTTI.cpp:999
393010	rtti	BGSImpactData	curated-verified	0x141ee2138	0x1ee2138	0x141e1c1f8	addr-match		RE::RTTI_BGSImpactData	Code/client/Games/Skyrim/RTTI.cpp:1001
393021	rtti	BSMaterialObject	curated-verified	0x141ee2430	0x1ee2430	0x141e1c4f0	addr-match		RE::RTTI_BSMaterialObject	Code/client/Games/Skyrim/RTTI.cpp:1003
393022	rtti	BGSMaterialObject	curated-verified	0x141ee2458	0x1ee2458	0x141e1c518	addr-match		RE::RTTI_BGSMaterialObject	Code/client/Games/Skyrim/RTTI.cpp:1005
393027	rtti	BGSMenuIcon	curated-verified	0x141ee25d8	0x1ee25d8	0x141e1c698	addr-match		RE::RTTI_BGSMenuIcon	Code/client/Games/Skyrim/RTTI.cpp:1007
393034	rtti	BSIMusicTrack	curated-verified	0x141ee2720	0x1ee2720	0x141e1c7e0	addr-match		RE::RTTI_BSIMusicTrack	Code/client/Games/Skyrim/RTTI.cpp:1009
393035	rtti	BGSMusicPaletteTrack	curated-verified	0x141ee2748	0x1ee2748	0x141e1c808	addr-match		RE::RTTI_BGSMusicPaletteTrack	Code/client/Games/Skyrim/RTTI.cpp:1011
393036	rtti	BGSMusicTrack	curated-verified	0x141ee2778	0x1ee2778	0x141e1c838	addr-match		RE::RTTI_BGSMusicTrack	Code/client/Games/Skyrim/RTTI.cpp:1013
393037	rtti	BGSMusicSilenceTrack	curated-verified	0x141ee2950	0x1ee2950	0x141e1ca10	addr-match		RE::RTTI_BGSMusicSilenceTrack	Code/client/Games/Skyrim/RTTI.cpp:1015
393044	rtti	BGSMusicSingleTrack	curated-verified	0x141ee2af8	0x1ee2af8	0x141e1cbb8	addr-match		RE::RTTI_BGSMusicSingleTrack	Code/client/Games/Skyrim/RTTI.cpp:1017
393047	rtti	BGSMusicTrackFormWrapper	curated-verified	0x141ee2ca8	0x1ee2ca8	0x141e1cd68	addr-match		RE::RTTI_BGSMusicTrackFormWrapper	Code/client/Games/Skyrim/RTTI.cpp:1019
393050	rtti	BSIMusicType	curated-verified	0x141ee2d90	0x1ee2d90	0x141e1ce50	addr-match		RE::RTTI_BSIMusicType	Code/client/Games/Skyrim/RTTI.cpp:1021
393053	rtti	BSIReverbType	curated-verified	0x141ee2e58	0x1ee2e58	0x141e1cf18	addr-match		RE::RTTI_BSIReverbType	Code/client/Games/Skyrim/RTTI.cpp:1023
393056	rtti	BGSSoundCategory	curated-verified	0x141ee2f28	0x1ee2f28	0x141e1cfe8	addr-match		RE::RTTI_BGSSoundCategory	Code/client/Games/Skyrim/RTTI.cpp:1025
393057	rtti	BSISoundCategory	curated-verified	0x141ee2f50	0x1ee2f50	0x141e1d010	addr-match		RE::RTTI_BSISoundCategory	Code/client/Games/Skyrim/RTTI.cpp:1027
393060	rtti	BGSSoundDescriptorForm	curated-verified	0x141ee3028	0x1ee3028	0x141e1d0e8	addr-match		RE::RTTI_BGSSoundDescriptorForm	Code/client/Games/Skyrim/RTTI.cpp:1029
393061	rtti	BSISoundDescriptor	curated-verified	0x141ee3058	0x1ee3058	0x141e1d118	addr-match		RE::RTTI_BSISoundDescriptor	Code/client/Games/Skyrim/RTTI.cpp:1031
393064	rtti	BSISoundOutputModel	curated-verified	0x141ee3140	0x1ee3140	0x141e1d200	addr-match		RE::RTTI_BSISoundOutputModel	Code/client/Games/Skyrim/RTTI.cpp:1033
393065	rtti	BGSSoundOutput	curated-verified	0x141ee3170	0x1ee3170	0x141e1d230	addr-match		RE::RTTI_BGSSoundOutput	Code/client/Games/Skyrim/RTTI.cpp:1035
393074	rtti	BGSSoundDescriptor	curated-verified	0x141ee3398	0x1ee3398	0x141e1d458	addr-match		RE::RTTI_BGSSoundDescriptor	Code/client/Games/Skyrim/RTTI.cpp:1037
393075	rtti	BGSStandardSoundDef	curated-verified	0x141ee33c8	0x1ee33c8	0x141e1d488	addr-match		RE::RTTI_BGSStandardSoundDef	Code/client/Games/Skyrim/RTTI.cpp:1039
393079	rtti	BSTextureSet	curated-verified	0x141ee3618	0x1ee3618	0x141e1d6d8	addr-match		RE::RTTI_BSTextureSet	Code/client/Games/Skyrim/RTTI.cpp:1041
393080	rtti	BSShaderTextureSet	curated-verified	0x141ee3640	0x1ee3640	0x141e1d700	addr-match		RE::RTTI_BSShaderTextureSet	Code/client/Games/Skyrim/RTTI.cpp:1043
393081	rtti	IVisitProcedures	curated-verified	0x141ee3700	0x1ee3700	0x141e1d7c0	addr-match		RE::RTTI_IVisitProcedures	Code/client/Games/Skyrim/RTTI.cpp:1045
393090	rtti	TESLoadScreen	curated-verified	0x141ee38c0	0x1ee38c0	0x141e1d980	addr-match		RE::RTTI_TESLoadScreen	Code/client/Games/Skyrim/RTTI.cpp:1047
393093	rtti	Script	curated-verified	0x141ee3988	0x1ee3988	0x141e1da48	addr-match		RE::RTTI_Script	Code/client/Games/Skyrim/RTTI.cpp:1049
393094	rtti	BGSNote	curated-verified	0x141ee3a40	0x1ee3a40	0x141e1db00	addr-match		RE::RTTI_BGSNote	Code/client/Games/Skyrim/RTTI.cpp:1051
393096	rtti	MagicCaster	curated-verified	0x141ee3a98	0x1ee3a98	0x141e1db58	addr-match		RE::RTTI_MagicCaster	Code/client/Games/Skyrim/RTTI.cpp:1053
393110	rtti	NiBinaryStream	curated-verified	0x141ee3e28	0x1ee3e28	0x141e1dee8	addr-match		RE::RTTI_NiBinaryStream	Code/client/Games/Skyrim/RTTI.cpp:1055
393113	rtti	MobIterOperator	curated-verified	0x141ee3ec0	0x1ee3ec0	0x141e1df80	addr-match		RE::RTTI_MobIterOperator	Code/client/Games/Skyrim/RTTI.cpp:1057
393124	rtti	TESSound	curated-verified	0x141ee4180	0x1ee4180	0x141e1e240	addr-match		RE::RTTI_TESSound	Code/client/Games/Skyrim/RTTI.cpp:1059
393127	rtti	TESWordOfPower	curated-verified	0x141ee4230	0x1ee4230	0x141e1e2f0	addr-match		RE::RTTI_TESWordOfPower	Code/client/Games/Skyrim/RTTI.cpp:1061
393130	rtti	BGSAction	curated-verified	0x141ee4308	0x1ee4308	0x141e1e3c8	addr-match		RE::RTTI_BGSAction	Code/client/Games/Skyrim/RTTI.cpp:1063
393133	rtti	BGSAssociationType	curated-verified	0x141ee43c0	0x1ee43c0	0x141e1e480	addr-match		RE::RTTI_BGSAssociationType	Code/client/Games/Skyrim/RTTI.cpp:1065
393134	rtti	TESModelPSA	curated-verified	0x141ee4498	0x1ee4498	0x141e1e558	addr-match		RE::RTTI_TESModelPSA	Code/client/Games/Skyrim/RTTI.cpp:1067
393137	rtti	BGSRagdoll	curated-verified	0x141ee44c0	0x1ee44c0	0x141e1e580	addr-match		RE::RTTI_BGSRagdoll	Code/client/Games/Skyrim/RTTI.cpp:1069
393138	rtti	BGSBodyPartData	curated-verified	0x141ee44e8	0x1ee44e8	0x141e1e5a8	addr-match		RE::RTTI_BGSBodyPartData	Code/client/Games/Skyrim/RTTI.cpp:1071
393144	rtti	PerkEntryVisitor	curated-verified	0x141ee4718	0x1ee4718	0x141e1e7d8	addr-match		RE::RTTI_PerkEntryVisitor	Code/client/Games/Skyrim/RTTI.cpp:1073
393146	rtti	BGSEntryPointFunctionData	curated-verified	0x141ee4780	0x1ee4780	0x141e1e840	addr-match		RE::RTTI_BGSEntryPointFunctionData	Code/client/Games/Skyrim/RTTI.cpp:1075
393147	rtti	BGSEntryPointFunctionDataOneValue	curated-verified	0x141ee47b0	0x1ee47b0	0x141e1e870	addr-match		RE::RTTI_BGSEntryPointFunctionDataOneValue	Code/client/Games/Skyrim/RTTI.cpp:1077
393148	rtti	BGSEntryPointFunctionDataTwoValue	curated-verified	0x141ee47e8	0x1ee47e8	0x141e1e8a8	addr-match		RE::RTTI_BGSEntryPointFunctionDataTwoValue	Code/client/Games/Skyrim/RTTI.cpp:1079
393149	rtti	BGSEntryPointFunctionDataLeveledList	curated-verified	0x141ee4820	0x1ee4820	0x141e1e8e0	addr-match		RE::RTTI_BGSEntryPointFunctionDataLeveledList	Code/client/Games/Skyrim/RTTI.cpp:1081
393150	rtti	BGSEntryPointFunctionDataSpellItem	curated-verified	0x141ee4860	0x1ee4860	0x141e1e920	addr-match		RE::RTTI_BGSEntryPointFunctionDataSpellItem	Code/client/Games/Skyrim/RTTI.cpp:1083
393151	rtti	BGSEntryPointFunctionDataBooleanGraphVariable	curated-verified	0x141ee48a0	0x1ee48a0	0x141e1e960	addr-match		RE::RTTI_BGSEntryPointFunctionDataBooleanGraphVariable	Code/client/Games/Skyrim/RTTI.cpp:1085
393152	rtti	BGSEntryPointFunctionDataText	curated-verified	0x141ee48e8	0x1ee48e8	0x141e1e9a8	addr-match		RE::RTTI_BGSEntryPointFunctionDataText	Code/client/Games/Skyrim/RTTI.cpp:1087
393153	rtti	BGSEntryPointFunctionDataActivateChoice	curated-verified	0x141ee4920	0x1ee4920	0x141e1e9e0	addr-match		RE::RTTI_BGSEntryPointFunctionDataActivateChoice	Code/client/Games/Skyrim/RTTI.cpp:1089
393156	rtti	BGSEquipSlot	curated-verified	0x141ee4960	0x1ee4960	0x141e1ea20	addr-match		RE::RTTI_BGSEquipSlot	Code/client/Games/Skyrim/RTTI.cpp:1091
393159	rtti	BGSHeadPart	curated-verified	0x141ee4a28	0x1ee4a28	0x141e1eae8	addr-match		RE::RTTI_BGSHeadPart	Code/client/Games/Skyrim/RTTI.cpp:1093
393160	rtti	TESModelTri	curated-verified	0x141ee4a50	0x1ee4a50	0x141e1eb10	addr-match		RE::RTTI_TESModelTri	Code/client/Games/Skyrim/RTTI.cpp:1095
393163	rtti	BGSIdleMarker	curated-verified	0x141ee4b10	0x1ee4b10	0x141e1ebd0	addr-match		RE::RTTI_BGSIdleMarker	Code/client/Games/Skyrim/RTTI.cpp:1097
393166	rtti	BGSBaseAlias	curated-verified	0x141ee4c70	0x1ee4c70	0x141e1ed30	addr-match		RE::RTTI_BGSBaseAlias	Code/client/Games/Skyrim/RTTI.cpp:1099
393167	rtti	BGSLocAlias	curated-verified	0x141ee4c98	0x1ee4c98	0x141e1ed58	addr-match		RE::RTTI_BGSLocAlias	Code/client/Games/Skyrim/RTTI.cpp:1101
393170	rtti	BGSMovementType	curated-verified	0x141ee4cc0	0x1ee4cc0	0x141e1ed80	addr-match		RE::RTTI_BGSMovementType	Code/client/Games/Skyrim/RTTI.cpp:1103
393175	rtti	BGSPerkEntry	curated-verified	0x141ee4e30	0x1ee4e30	0x141e1eef0	addr-match		RE::RTTI_BGSPerkEntry	Code/client/Games/Skyrim/RTTI.cpp:1105
393176	rtti	BGSQuestPerkEntry	curated-verified	0x141ee4e58	0x1ee4e58	0x141e1ef18	addr-match		RE::RTTI_BGSQuestPerkEntry	Code/client/Games/Skyrim/RTTI.cpp:1107
393177	rtti	BGSAbilityPerkEntry	curated-verified	0x141ee4e80	0x1ee4e80	0x141e1ef40	addr-match		RE::RTTI_BGSAbilityPerkEntry	Code/client/Games/Skyrim/RTTI.cpp:1109
393178	rtti	BGSEntryPointPerkEntry	curated-verified	0x141ee4eb0	0x1ee4eb0	0x141e1ef70	addr-match		RE::RTTI_BGSEntryPointPerkEntry	Code/client/Games/Skyrim/RTTI.cpp:1111
393181	rtti	BGSRefAlias	curated-verified	0x141ee5000	0x1ee5000	0x141e1f0c0	addr-match		RE::RTTI_BGSRefAlias	Code/client/Games/Skyrim/RTTI.cpp:1113
393184	rtti	BGSRelationship	curated-verified	0x141ee5028	0x1ee5028	0x141e1f0e8	addr-match		RE::RTTI_BGSRelationship	Code/client/Games/Skyrim/RTTI.cpp:1115
393188	rtti	BGSSceneAction	curated-verified	0x141ee51e0	0x1ee51e0	0x141e1f2a0	addr-match		RE::RTTI_BGSSceneAction	Code/client/Games/Skyrim/RTTI.cpp:1117
393189	rtti	BGSSceneActionDialogue	curated-verified	0x141ee5208	0x1ee5208	0x141e1f2c8	addr-match		RE::RTTI_BGSSceneActionDialogue	Code/client/Games/Skyrim/RTTI.cpp:1119
393190	rtti	BGSSceneActionPackage	curated-verified	0x141ee5238	0x1ee5238	0x141e1f2f8	addr-match		RE::RTTI_BGSSceneActionPackage	Code/client/Games/Skyrim/RTTI.cpp:1121
393193	rtti	BGSSceneActionTimer	curated-verified	0x141ee5268	0x1ee5268	0x141e1f328	addr-match		RE::RTTI_BGSSceneActionTimer	Code/client/Games/Skyrim/RTTI.cpp:1123
393198	rtti	Reset3DMobIterator	curated-verified	0x141ee54b8	0x1ee54b8	0x141e1f578	addr-match		RE::RTTI_Reset3DMobIterator	Code/client/Games/Skyrim/RTTI.cpp:1125
393199	rtti	TESAnimGroup	curated-verified	0x141ee54e8	0x1ee54e8	0x141e1f5a8	addr-match		RE::RTTI_TESAnimGroup	Code/client/Games/Skyrim/RTTI.cpp:1127
393202	rtti	TESClass	curated-verified	0x141ee5510	0x1ee5510	0x141e1f5d0	addr-match		RE::RTTI_TESClass	Code/client/Games/Skyrim/RTTI.cpp:1129
393210	rtti	ActorValueOwner	curated-verified	0x141ee5720	0x1ee5720	0x141e1f7e0	addr-match		RE::RTTI_ActorValueOwner	Code/client/Games/Skyrim/RTTI.cpp:1131
393212	rtti	BSFaceGenModelExtraData	curated-verified	0x141ee5788	0x1ee5788	0x141e1f848	addr-match		RE::RTTI_BSFaceGenModelExtraData	Code/client/Games/Skyrim/RTTI.cpp:1133
393217	rtti	QueuedPromoteQuestTask	curated-verified	0x141ee58c8	0x1ee58c8	0x141e1f988	addr-match		RE::RTTI_QueuedPromoteQuestTask	Code/client/Games/Skyrim/RTTI.cpp:1135
393222	rtti	BGSTextureModel	curated-verified	0x141ee5a48	0x1ee5a48	0x141e1fb08	addr-match		RE::RTTI_BGSTextureModel	Code/client/Games/Skyrim/RTTI.cpp:1137
393223	rtti	BGSBehaviorGraphModel	curated-verified	0x141ee5a70	0x1ee5a70	0x141e1fb30	addr-match		RE::RTTI_BGSBehaviorGraphModel	Code/client/Games/Skyrim/RTTI.cpp:1139
393224	rtti	AttackAnimationArrayMap	curated-verified	0x141ee5aa0	0x1ee5aa0	0x141e1fb60	addr-match		RE::RTTI_AttackAnimationArrayMap	Code/client/Games/Skyrim/RTTI.cpp:1141
393239	rtti	BGSAcousticSpaceListener	curated-verified	0x141ee6500	0x1ee6500	0x141e205c0	addr-match		RE::RTTI_BGSAcousticSpaceListener	Code/client/Games/Skyrim/RTTI.cpp:1143
393240	rtti	ZoneEntry	curated-verified	0x141ee6530	0x1ee6530	0x141e205f0	addr-match		RE::RTTI_ZoneEntry	Code/client/Games/Skyrim/RTTI.cpp:1145
393242	rtti	TargetEntry	curated-verified	0x141ee65c0	0x1ee65c0	0x141e20680	addr-match		RE::RTTI_TargetEntry	Code/client/Games/Skyrim/RTTI.cpp:1147
393243	rtti	BGSZoneTargetListener	curated-verified	0x141ee65e8	0x1ee65e8	0x141e206a8	addr-match		RE::RTTI_BGSZoneTargetListener	Code/client/Games/Skyrim/RTTI.cpp:1149
393244	rtti	TrapTargetEntry	curated-verified	0x141ee6618	0x1ee6618	0x141e206d8	addr-match		RE::RTTI_TrapTargetEntry	Code/client/Games/Skyrim/RTTI.cpp:1151
393245	rtti	hkpAction	curated-verified	0x141ee6640	0x1ee6640	0x141e20700	addr-match		RE::RTTI_hkpAction	Code/client/Games/Skyrim/RTTI.cpp:1153
393246	rtti	bhkAction	curated-verified	0x141ee6660	0x1ee6660	0x141e20720	addr-match		RE::RTTI_bhkAction	Code/client/Games/Skyrim/RTTI.cpp:1155
393247	rtti	bhkCartTether	curated-verified	0x141ee6680	0x1ee6680	0x141e20740	addr-match		RE::RTTI_bhkCartTether	Code/client/Games/Skyrim/RTTI.cpp:1157
393249	rtti	hkSerializableCinfo	curated-weak	0x141ee66d0	0x1ee66d0	0x141e20790	addr-match		RE::RTTI_hkSerializableCinfo	Code/client/Games/Skyrim/RTTI.cpp:1159
393250	rtti	bhkConstraint	curated-verified	0x141ee6700	0x1ee6700	0x141e207c0	addr-match		RE::RTTI_bhkConstraint	Code/client/Games/Skyrim/RTTI.cpp:1161
393252	rtti	bhkPrismaticConstraint	curated-verified	0x141ee6760	0x1ee6760	0x141e20820	addr-match		RE::RTTI_bhkPrismaticConstraint	Code/client/Games/Skyrim/RTTI.cpp:1163
393253	rtti	hkpUnaryAction	curated-verified	0x141ee6790	0x1ee6790	0x141e20850	addr-match		RE::RTTI_hkpUnaryAction	Code/client/Games/Skyrim/RTTI.cpp:1165
393254	rtti	bhkUnaryAction	curated-verified	0x141ee67b8	0x1ee67b8	0x141e20878	addr-match		RE::RTTI_bhkUnaryAction	Code/client/Games/Skyrim/RTTI.cpp:1167
393259	rtti	CellMopp	curated-verified	0x141ee68c0	0x1ee68c0	0x141e20980	addr-match		RE::RTTI_CellMopp	Code/client/Games/Skyrim/RTTI.cpp:1169
393260	rtti	BSTasklet	curated-verified	0x141ee68e0	0x1ee68e0	0x141e209a0	addr-match		RE::RTTI_BSTasklet	Code/client/Games/Skyrim/RTTI.cpp:1171
393261	rtti	BSTaskletData	curated-verified	0x141ee6900	0x1ee6900	0x141e209c0	addr-match		RE::RTTI_BSTaskletData	Code/client/Games/Skyrim/RTTI.cpp:1173
393262	rtti	BSWin32TaskletData	curated-verified	0x141ee6928	0x1ee6928	0x141e209e8	addr-match		RE::RTTI_BSWin32TaskletData	Code/client/Games/Skyrim/RTTI.cpp:1175
393263	rtti	bhkBvTreeShape	curated-verified	0x141ee6958	0x1ee6958	0x141e20a18	addr-match		RE::RTTI_bhkBvTreeShape	Code/client/Games/Skyrim/RTTI.cpp:1177
393264	rtti	bhkTriSampledHeightFieldBvTreeShape	curated-verified	0x141ee6980	0x1ee6980	0x141e20a40	addr-match		RE::RTTI_bhkTriSampledHeightFieldBvTreeShape	Code/client/Games/Skyrim/RTTI.cpp:1179
393268	rtti	hkpContactListener	curated-verified	0x141ee6ac8	0x1ee6ac8	0x141e20b88	addr-match		RE::RTTI_hkpContactListener	Code/client/Games/Skyrim/RTTI.cpp:1181
393269	rtti	bhkContactListener	curated-verified	0x141ee6af8	0x1ee6af8	0x141e20bb8	addr-match		RE::RTTI_bhkContactListener	Code/client/Games/Skyrim/RTTI.cpp:1183
393270	rtti	bhkBackfaceContactListener	curated-verified	0x141ee6b28	0x1ee6b28	0x141e20be8	addr-match		RE::RTTI_bhkBackfaceContactListener	Code/client/Games/Skyrim/RTTI.cpp:1185
393271	rtti	FOCollisionListener	curated-verified	0x141ee6b60	0x1ee6b60	0x141e20c20	addr-match		RE::RTTI_FOCollisionListener	Code/client/Games/Skyrim/RTTI.cpp:1187
393276	rtti	hkpIslandActivationListener	curated-verified	0x141ee6d50	0x1ee6d50	0x141e20e10	addr-match		RE::RTTI_hkpIslandActivationListener	Code/client/Games/Skyrim/RTTI.cpp:1189
393277	rtti	FOIslandActivationListener	curated-verified	0x141ee6d88	0x1ee6d88	0x141e20e48	addr-match		RE::RTTI_FOIslandActivationListener	Code/client/Games/Skyrim/RTTI.cpp:1191
393278	rtti	hkStreamWriter	curated-verified	0x141ee6dc0	0x1ee6dc0	0x141e20e80	addr-match		RE::RTTI_hkStreamWriter	Code/client/Games/Skyrim/RTTI.cpp:1193
393279	rtti	hkError	curated-verified	0x141ee6de8	0x1ee6de8	0x141e20ea8	addr-match		RE::RTTI_hkError	Code/client/Games/Skyrim/RTTI.cpp:1195
393281	rtti	hkStreamReader	curated-verified	0x141ee6e38	0x1ee6e38	0x141e20ef8	addr-match		RE::RTTI_hkStreamReader	Code/client/Games/Skyrim/RTTI.cpp:1197
393282	rtti	hkFileSystem	curated-verified	0x141ee6e60	0x1ee6e60	0x141e20f20	addr-match		RE::RTTI_hkFileSystem	Code/client/Games/Skyrim/RTTI.cpp:1199
393284	rtti	HavokStreambufReader	curated-verified	0x141ee6ec0	0x1ee6ec0	0x141e20f80	addr-match		RE::RTTI_HavokStreambufReader	Code/client/Games/Skyrim/RTTI.cpp:1201
393285	rtti	HavokStreambufWriter	curated-verified	0x141ee6ef0	0x1ee6ef0	0x141e20fb0	addr-match		RE::RTTI_HavokStreambufWriter	Code/client/Games/Skyrim/RTTI.cpp:1203
393286	rtti	HavokFileStreambufReader	curated-verified	0x141ee6f20	0x1ee6f20	0x141e20fe0	addr-match		RE::RTTI_HavokFileStreambufReader	Code/client/Games/Skyrim/RTTI.cpp:1205
393287	rtti	HavokFileStreambufWriter	curated-verified	0x141ee6f50	0x1ee6f50	0x141e21010	addr-match		RE::RTTI_HavokFileStreambufWriter	Code/client/Games/Skyrim/RTTI.cpp:1207
393288	rtti	hkNativeFileSystem	curated-verified	0x141ee6f80	0x1ee6f80	0x141e21040	addr-match		RE::RTTI_hkNativeFileSystem	Code/client/Games/Skyrim/RTTI.cpp:1209
393289	rtti	HavokStreambufFactory	curated-verified	0x141ee6fb0	0x1ee6fb0	0x141e21070	addr-match		RE::RTTI_HavokStreambufFactory	Code/client/Games/Skyrim/RTTI.cpp:1211
393290	rtti	HavokError	curated-verified	0x141ee6fe0	0x1ee6fe0	0x141e210a0	addr-match		RE::RTTI_HavokError	Code/client/Games/Skyrim/RTTI.cpp:1213
393291	rtti	hkpCdPointCollector	curated-verified	0x141ee7008	0x1ee7008	0x141e210c8	addr-match		RE::RTTI_hkpCdPointCollector	Code/client/Games/Skyrim/RTTI.cpp:1215
393292	rtti	hkpAllCdPointCollector	curated-verified	0x141ee7038	0x1ee7038	0x141e210f8	addr-match		RE::RTTI_hkpAllCdPointCollector	Code/client/Games/Skyrim/RTTI.cpp:1217
393293	rtti	LoadedAreaBound	curated-verified	0x141ee7068	0x1ee7068	0x141e21128	addr-match		RE::RTTI_LoadedAreaBound	Code/client/Games/Skyrim/RTTI.cpp:1219
393294	rtti	RagdollFurnitureListener	curated-verified	0x141ee7090	0x1ee7090	0x141e21150	addr-match		RE::RTTI_RagdollFurnitureListener	Code/client/Games/Skyrim/RTTI.cpp:1221
393296	rtti	hkpClosestRayHitCollector	curated-verified	0x141ee7110	0x1ee7110	0x141e211d0	addr-match		RE::RTTI_hkpClosestRayHitCollector	Code/client/Games/Skyrim/RTTI.cpp:1223
393297	rtti	SpecificItemCollector	curated-verified	0x141ee7140	0x1ee7140	0x141e21200	addr-match		RE::RTTI_SpecificItemCollector	Code/client/Games/Skyrim/RTTI.cpp:1225
393298	rtti	hkpPhantomListener	curated-verified	0x141ee7170	0x1ee7170	0x141e21230	addr-match		RE::RTTI_hkpPhantomListener	Code/client/Games/Skyrim/RTTI.cpp:1227
393299	rtti	hkpCdBodyPairCollector	curated-verified	0x141ee71a0	0x1ee71a0	0x141e21260	addr-match		RE::RTTI_hkpCdBodyPairCollector	Code/client/Games/Skyrim/RTTI.cpp:1229
393300	rtti	bhkTrapListener	curated-verified	0x141ee71d0	0x1ee71d0	0x141e21290	addr-match		RE::RTTI_bhkTrapListener	Code/client/Games/Skyrim/RTTI.cpp:1231
393301	rtti	TrapEntry	curated-verified	0x141ee71f8	0x1ee71f8	0x141e212b8	addr-match		RE::RTTI_TrapEntry	Code/client/Games/Skyrim/RTTI.cpp:1233
393302	rtti	TriggerEntry	curated-verified	0x141ee7218	0x1ee7218	0x141e212d8	addr-match		RE::RTTI_TriggerEntry	Code/client/Games/Skyrim/RTTI.cpp:1235
393306	rtti	TESTrapListener	curated-verified	0x141ee7318	0x1ee7318	0x141e213d8	addr-match		RE::RTTI_TESTrapListener	Code/client/Games/Skyrim/RTTI.cpp:1237
393307	rtti	hkpAllCdBodyPairTempCollector	curated-verified	0x141ee7340	0x1ee7340	0x141e21400	addr-match		RE::RTTI_hkpAllCdBodyPairTempCollector	Code/client/Games/Skyrim/RTTI.cpp:1239
393308	rtti	hkpAllCdPointTempCollector	curated-verified	0x141ee7378	0x1ee7378	0x141e21438	addr-match		RE::RTTI_hkpAllCdPointTempCollector	Code/client/Games/Skyrim/RTTI.cpp:1241
393311	rtti	Atmosphere	curated-verified	0x141ee7428	0x1ee7428	0x141e214e8	addr-match		RE::RTTI_Atmosphere	Code/client/Games/Skyrim/RTTI.cpp:1243
393312	rtti	SkyObject	curated-verified	0x141ee7450	0x1ee7450	0x141e21510	addr-match		RE::RTTI_SkyObject	Code/client/Games/Skyrim/RTTI.cpp:1245
393313	rtti	Clouds	curated-verified	0x141ee7470	0x1ee7470	0x141e21530	addr-match		RE::RTTI_Clouds	Code/client/Games/Skyrim/RTTI.cpp:1247
393314	rtti	Moon	curated-verified	0x141ee7490	0x1ee7490	0x141e21550	addr-match		RE::RTTI_Moon	Code/client/Games/Skyrim/RTTI.cpp:1249
393315	rtti	BSGeometryListCullingProcess	curated-verified	0x141ee74b0	0x1ee74b0	0x141e21570	addr-match		RE::RTTI_BSGeometryListCullingProcess	Code/client/Games/Skyrim/RTTI.cpp:1251
393316	rtti	BSCullingProcess	curated-verified	0x141ee74e8	0x1ee74e8	0x141e215a8	addr-match		RE::RTTI_BSCullingProcess	Code/client/Games/Skyrim/RTTI.cpp:1253
393317	rtti	NiCullingProcess	curated-verified	0x141ee7510	0x1ee7510	0x141e215d0	addr-match		RE::RTTI_NiCullingProcess	Code/client/Games/Skyrim/RTTI.cpp:1255
393318	rtti	Precipitation	curated-verified	0x141ee7538	0x1ee7538	0x141e215f8	addr-match		RE::RTTI_Precipitation	Code/client/Games/Skyrim/RTTI.cpp:1257
393319	rtti	Sky	curated-verified	0x141ee7560	0x1ee7560	0x141e21620	addr-match		RE::RTTI_Sky	Code/client/Games/Skyrim/RTTI.cpp:1259
393321	rtti	SkyEffectController	curated-verified	0x141ee75b8	0x1ee75b8	0x141e21678	addr-match		RE::RTTI_SkyEffectController	Code/client/Games/Skyrim/RTTI.cpp:1261
393322	rtti	SkyStaticFindFunctor	curated-verified	0x141ee75e8	0x1ee75e8	0x141e216a8	addr-match		RE::RTTI_SkyStaticFindFunctor	Code/client/Games/Skyrim/RTTI.cpp:1263
393323	rtti	TempLoadGameBuffer	curated-verified	0x141ee7618	0x1ee7618	0x141e216d8	addr-match		RE::RTTI_TempLoadGameBuffer	Code/client/Games/Skyrim/RTTI.cpp:1265
393324	rtti	Stars	curated-verified	0x141ee7648	0x1ee7648	0x141e21708	addr-match		RE::RTTI_Stars	Code/client/Games/Skyrim/RTTI.cpp:1267
393325	rtti	NiBillboardNode	curated-verified	0x141ee7668	0x1ee7668	0x141e21728	addr-match		RE::RTTI_NiBillboardNode	Code/client/Games/Skyrim/RTTI.cpp:1269
393326	rtti	Sun	curated-verified	0x141ee7690	0x1ee7690	0x141e21750	addr-match		RE::RTTI_Sun	Code/client/Games/Skyrim/RTTI.cpp:1271
393328	rtti	BShkNonTransformController	curated-verified	0x141ee76b0	0x1ee76b0	0x141e217a8	addr-match		RE::RTTI_BShkNonTransformController	Code/client/Games/Skyrim/RTTI.cpp:1273
393329	rtti	BShkFloatController	curated-verified	0x141ee76e8	0x1ee76e8	0x141e217e0	addr-match		RE::RTTI_BShkFloatController	Code/client/Games/Skyrim/RTTI.cpp:1275
393330	rtti	BGShkPhonemeController	curated-verified	0x141ee7718	0x1ee7718	0x141e21810	addr-match		RE::RTTI_BGShkPhonemeController	Code/client/Games/Skyrim/RTTI.cpp:1277
393335	rtti	BSFaceGenAnimationData	curated-verified	0x141ee7978	0x1ee7978	0x141e21a68	addr-match		RE::RTTI_BSFaceGenAnimationData	Code/client/Games/Skyrim/RTTI.cpp:1279
393336	rtti	FutBinaryFileC	curated-verified	0x141ee79a8	0x1ee79a8	0x141e21a98	addr-match		RE::RTTI_FutBinaryFileC	Code/client/Games/Skyrim/RTTI.cpp:1281
393337	rtti	BSResourceFaceGenBinaryFile	curated-verified	0x141ee79d0	0x1ee79d0	0x141e21ac0	addr-match		RE::RTTI_BSResourceFaceGenBinaryFile	Code/client/Games/Skyrim/RTTI.cpp:1283
393356	rtti	BSFaceGenKeyframe	curated-verified	0x141ee8490	0x1ee8490	0x141e22580	addr-match		RE::RTTI_BSFaceGenKeyframe	Code/client/Games/Skyrim/RTTI.cpp:1285
393357	rtti	BSFaceGenKeyframeExclusive	curated-verified	0x141ee84b8	0x1ee84b8	0x141e225a8	addr-match		RE::RTTI_BSFaceGenKeyframeExclusive	Code/client/Games/Skyrim/RTTI.cpp:1287
393358	rtti	BSFaceGenKeyframeMultiple	curated-verified	0x141ee84f0	0x1ee84f0	0x141e225e0	addr-match		RE::RTTI_BSFaceGenKeyframeMultiple	Code/client/Games/Skyrim/RTTI.cpp:1289
393362	rtti	BSFaceGenModel	curated-verified	0x141ee8628	0x1ee8628	0x141e22718	addr-match		RE::RTTI_BSFaceGenModel	Code/client/Games/Skyrim/RTTI.cpp:1291
393364	rtti	BSFaceGenMorphData	curated-verified	0x141ee8680	0x1ee8680	0x141e22770	addr-match		RE::RTTI_BSFaceGenMorphData	Code/client/Games/Skyrim/RTTI.cpp:1293
393365	rtti	BSFaceGenMorphDataHead	curated-verified	0x141ee86b0	0x1ee86b0	0x141e227a0	addr-match		RE::RTTI_BSFaceGenMorphDataHead	Code/client/Games/Skyrim/RTTI.cpp:1295
393366	rtti	BSFaceGenMorphDataHair	curated-verified	0x141ee86e0	0x1ee86e0	0x141e227d0	addr-match		RE::RTTI_BSFaceGenMorphDataHair	Code/client/Games/Skyrim/RTTI.cpp:1297
393367	rtti	BSFaceGenBaseMorphExtraData	curated-verified	0x141ee8710	0x1ee8710	0x141e22800	addr-match		RE::RTTI_BSFaceGenBaseMorphExtraData	Code/client/Games/Skyrim/RTTI.cpp:1299
393369	rtti	BSFaceGenNiNode	curated-verified	0x141ee87a8	0x1ee87a8	0x141e22898	addr-match		RE::RTTI_BSFaceGenNiNode	Code/client/Games/Skyrim/RTTI.cpp:1301
393370	rtti	BSFadeNodeCuller	curated-verified	0x141ee87d0	0x1ee87d0	0x141e228c0	addr-match		RE::RTTI_BSFadeNodeCuller	Code/client/Games/Skyrim/RTTI.cpp:1303
393372	rtti	ActorValueInfo	curated-verified	0x141ee87f8	0x1ee87f8	0x141e228e8	addr-match		RE::RTTI_ActorValueInfo	Code/client/Games/Skyrim/RTTI.cpp:1305
393373	rtti	BGSSkillPerkTreeNode	curated-verified	0x141ee8820	0x1ee8820	0x141e22910	addr-match		RE::RTTI_BGSSkillPerkTreeNode	Code/client/Games/Skyrim/RTTI.cpp:1307
393374	rtti	IAIWorldLocation	curated-verified	0x141ee8890	0x1ee8890	0x141e22980	addr-match		RE::RTTI_IAIWorldLocation	Code/client/Games/Skyrim/RTTI.cpp:1309
393375	rtti	BGSAIWorldLocation	curated-verified	0x141ee88b8	0x1ee88b8	0x141e229a8	addr-match		RE::RTTI_BGSAIWorldLocation	Code/client/Games/Skyrim/RTTI.cpp:1311
393376	rtti	BGSAIWorldLocationRefRadius	curated-verified	0x141ee88e8	0x1ee88e8	0x141e229d8	addr-match		RE::RTTI_BGSAIWorldLocationRefRadius	Code/client/Games/Skyrim/RTTI.cpp:1313
393378	rtti	BGSAIWorldLocationPointRadius	curated-verified	0x141ee8980	0x1ee8980	0x141e22a70	addr-match		RE::RTTI_BGSAIWorldLocationPointRadius	Code/client/Games/Skyrim/RTTI.cpp:1315
393380	rtti	BGSAIWorldLocationInteriorCell	curated-verified	0x141ee8a20	0x1ee8a20	0x141e22b10	addr-match		RE::RTTI_BGSAIWorldLocationInteriorCell	Code/client/Games/Skyrim/RTTI.cpp:1317
393382	rtti	BGSAttackDataMap	curated-verified	0x141ee8ac0	0x1ee8ac0	0x141e22bb0	addr-match		RE::RTTI_BGSAttackDataMap	Code/client/Games/Skyrim/RTTI.cpp:1319
393383	rtti	BGSAttackData	curated-verified	0x141ee8ae8	0x1ee8ae8	0x141e22bd8	addr-match		RE::RTTI_BGSAttackData	Code/client/Games/Skyrim/RTTI.cpp:1321
393384	rtti	IPackageDataAIWorldLocationHandle	curated-verified	0x141ee8f78	0x1ee8f78	0x141e23068	addr-match		RE::RTTI_IPackageDataAIWorldLocationHandle	Code/client/Games/Skyrim/RTTI.cpp:1323
393385	rtti	IAIWorldLocationHandle	curated-verified	0x141ee8fb0	0x1ee8fb0	0x141e230a0	addr-match		RE::RTTI_IAIWorldLocationHandle	Code/client/Games/Skyrim/RTTI.cpp:1325
393386	rtti	IAITarget	curated-verified	0x141ee8fe0	0x1ee8fe0	0x141e230d0	addr-match		RE::RTTI_IAITarget	Code/client/Games/Skyrim/RTTI.cpp:1327
393387	rtti	BGSPackageDataFloat	curated-verified	0x141ee9000	0x1ee9000	0x141e230f0	addr-match		RE::RTTI_BGSPackageDataFloat	Code/client/Games/Skyrim/RTTI.cpp:1329
393389	rtti	BGSPackageDataInt	curated-verified	0x141ee90c8	0x1ee90c8	0x141e231b8	addr-match		RE::RTTI_BGSPackageDataInt	Code/client/Games/Skyrim/RTTI.cpp:1331
393391	rtti	BGSPackageDataRefOLD	curated-verified	0x141ee9188	0x1ee9188	0x141e23278	addr-match		RE::RTTI_BGSPackageDataRefOLD	Code/client/Games/Skyrim/RTTI.cpp:1333
393392	rtti	BGSPackageDataLocation	curated-verified	0x141ee91b8	0x1ee91b8	0x141e232a8	addr-match		RE::RTTI_BGSPackageDataLocation	Code/client/Games/Skyrim/RTTI.cpp:1335
393393	rtti	BGSPackageDataTargetSelector	curated-verified	0x141ee9220	0x1ee9220	0x141e23310	addr-match		RE::RTTI_BGSPackageDataTargetSelector	Code/client/Games/Skyrim/RTTI.cpp:1337
393416	rtti	IPackageData	curated-verified	0x141ee8b10	0x1ee8b10	0x141e22c00	addr-match		RE::RTTI_IPackageData	Code/client/Games/Skyrim/RTTI.cpp:1339
393417	rtti	BGSPackageDataBool	curated-verified	0x141ee8b38	0x1ee8b38	0x141e22c28	addr-match		RE::RTTI_BGSPackageDataBool	Code/client/Games/Skyrim/RTTI.cpp:1341
393426	rtti	BGSPackageDataLocationWrapper	curated-verified	0x141ee91e8	0x1ee91e8	0x141e232d8	addr-match		RE::RTTI_BGSPackageDataLocationWrapper	Code/client/Games/Skyrim/RTTI.cpp:1343
393430	rtti	BGSPackageDataObjectList	curated-verified	0x141ee9de0	0x1ee9de0	0x141e23ed0	addr-match		RE::RTTI_BGSPackageDataObjectList	Code/client/Games/Skyrim/RTTI.cpp:1345
393431	rtti	ObjectListItem	curated-verified	0x141ee9e10	0x1ee9e10	0x141e23f00	addr-match		RE::RTTI_ObjectListItem	Code/client/Games/Skyrim/RTTI.cpp:1347
393433	rtti	BGSPackageDataRef	curated-verified	0x141eea068	0x1eea068	0x141e24158	addr-match		RE::RTTI_BGSPackageDataRef	Code/client/Games/Skyrim/RTTI.cpp:1349
393437	rtti	BGSPackageDataTopic	curated-verified	0x141eea220	0x1eea220	0x141e24310	addr-match		RE::RTTI_BGSPackageDataTopic	Code/client/Games/Skyrim/RTTI.cpp:1351
393441	rtti	IProcedureTreeExecState	curated-verified	0x141eea3e0	0x1eea3e0	0x141e244d0	addr-match		RE::RTTI_IProcedureTreeExecState	Code/client/Games/Skyrim/RTTI.cpp:1353
393443	rtti	IProcedureTreeItem	curated-verified	0x141eea448	0x1eea448	0x141e24538	addr-match		RE::RTTI_IProcedureTreeItem	Code/client/Games/Skyrim/RTTI.cpp:1355
393445	rtti	BGSProcedureDoneExecState	curated-verified	0x141eea4b8	0x1eea4b8	0x141e245a8	addr-match		RE::RTTI_BGSProcedureDoneExecState	Code/client/Games/Skyrim/RTTI.cpp:1357
393447	rtti	BGSProcedureTreeConditionalItem	curated-verified	0x141eea550	0x1eea550	0x141e24640	addr-match		RE::RTTI_BGSProcedureTreeConditionalItem	Code/client/Games/Skyrim/RTTI.cpp:1359
393448	rtti	BGSProcedureTreeBranch	curated-verified	0x141eea588	0x1eea588	0x141e24678	addr-match		RE::RTTI_BGSProcedureTreeBranch	Code/client/Games/Skyrim/RTTI.cpp:1361
393449	rtti	BGSProcedureTreeOneChildExecState	curated-verified	0x141eea5b8	0x1eea5b8	0x141e246a8	addr-match		RE::RTTI_BGSProcedureTreeOneChildExecState	Code/client/Games/Skyrim/RTTI.cpp:1363
393450	rtti	BGSProcedureTreeSequence	curated-verified	0x141eea5f0	0x1eea5f0	0x141e246e0	addr-match		RE::RTTI_BGSProcedureTreeSequence	Code/client/Games/Skyrim/RTTI.cpp:1365
393452	rtti	BGSProcedureTreeSequenceExecState	curated-verified	0x141eea680	0x1eea680	0x141e24770	addr-match		RE::RTTI_BGSProcedureTreeSequenceExecState	Code/client/Games/Skyrim/RTTI.cpp:1367
393454	rtti	BGSProcedureTreeStacked	curated-verified	0x141eea730	0x1eea730	0x141e24820	addr-match		RE::RTTI_BGSProcedureTreeStacked	Code/client/Games/Skyrim/RTTI.cpp:1369
393456	rtti	BGSProcedureTreeStackedExecState	curated-verified	0x141eea7c0	0x1eea7c0	0x141e248b0	addr-match		RE::RTTI_BGSProcedureTreeStackedExecState	Code/client/Games/Skyrim/RTTI.cpp:1371
393458	rtti	BGSProcedureTreeSimultaneous	curated-verified	0x141eea870	0x1eea870	0x141e24960	addr-match		RE::RTTI_BGSProcedureTreeSimultaneous	Code/client/Games/Skyrim/RTTI.cpp:1373
393460	rtti	BGSProcedureTreeSimultaneousExecState	curated-verified	0x141eea910	0x1eea910	0x141e24a00	addr-match		RE::RTTI_BGSProcedureTreeSimultaneousExecState	Code/client/Games/Skyrim/RTTI.cpp:1375
393462	rtti	BGSProcedureTreeRandom	curated-verified	0x141eea9b8	0x1eea9b8	0x141e24aa8	addr-match		RE::RTTI_BGSProcedureTreeRandom	Code/client/Games/Skyrim/RTTI.cpp:1377
393464	rtti	BGSProcedureTreeRandomExecState	curated-verified	0x141eeaa48	0x1eeaa48	0x141e24b38	addr-match		RE::RTTI_BGSProcedureTreeRandomExecState	Code/client/Games/Skyrim/RTTI.cpp:1379
393466	rtti	BGSProcedureGuardExecState	curated-verified	0x141eeaaf0	0x1eeaaf0	0x141e24be0	addr-match		RE::RTTI_BGSProcedureGuardExecState	Code/client/Games/Skyrim/RTTI.cpp:1381
393468	rtti	BGSProcedureDialogueExecState	curated-verified	0x141eeab90	0x1eeab90	0x141e24c80	addr-match		RE::RTTI_BGSProcedureDialogueExecState	Code/client/Games/Skyrim/RTTI.cpp:1383
393470	rtti	BGSProcedureEatExecState	curated-verified	0x141eeac30	0x1eeac30	0x141e24d20	addr-match		RE::RTTI_BGSProcedureEatExecState	Code/client/Games/Skyrim/RTTI.cpp:1385
393472	rtti	BGSProcedureFindExecState	curated-verified	0x141eeacc0	0x1eeacc0	0x141e24db0	addr-match		RE::RTTI_BGSProcedureFindExecState	Code/client/Games/Skyrim/RTTI.cpp:1387
393474	rtti	BGSProcedureHoldPositionExecState	curated-verified	0x141eead50	0x1eead50	0x141e24e40	addr-match		RE::RTTI_BGSProcedureHoldPositionExecState	Code/client/Games/Skyrim/RTTI.cpp:1389
393476	rtti	BGSProcedureKeepAnEyeOnExecState	curated-verified	0x141eeadf8	0x1eeadf8	0x141e24ee8	addr-match		RE::RTTI_BGSProcedureKeepAnEyeOnExecState	Code/client/Games/Skyrim/RTTI.cpp:1391
393478	rtti	BGSProcedureSayExecState	curated-verified	0x141eeae98	0x1eeae98	0x141e24f88	addr-match		RE::RTTI_BGSProcedureSayExecState	Code/client/Games/Skyrim/RTTI.cpp:1393
393480	rtti	BGSProcedureWaitExecState	curated-verified	0x141eeaf30	0x1eeaf30	0x141e25020	addr-match		RE::RTTI_BGSProcedureWaitExecState	Code/client/Games/Skyrim/RTTI.cpp:1395
393603	rtti	IProcedure	curated-verified	0x141eeee48	0x1eeee48	0x141e28f38	addr-match		RE::RTTI_IProcedure	Code/client/Games/Skyrim/RTTI.cpp:1397
393604	rtti	BGSProcedureBase	curated-verified	0x141eeee70	0x1eeee70	0x141e28f60	addr-match		RE::RTTI_BGSProcedureBase	Code/client/Games/Skyrim/RTTI.cpp:1399
393605	rtti	BGSProcedureDone	curated-verified	0x141eeee98	0x1eeee98	0x141e28f88	addr-match		RE::RTTI_BGSProcedureDone	Code/client/Games/Skyrim/RTTI.cpp:1401
393611	rtti	IPackageDataTypeCheck	curated-verified	0x141eef0f8	0x1eef0f8	0x141e291e8	addr-match		RE::RTTI_IPackageDataTypeCheck	Code/client/Games/Skyrim/RTTI.cpp:1403
393615	rtti	BGSProcedureAcquire	curated-verified	0x141eef128	0x1eef128	0x141e29218	addr-match		RE::RTTI_BGSProcedureAcquire	Code/client/Games/Skyrim/RTTI.cpp:1405
393617	rtti	BGSProcedureAcquireExecState	curated-verified	0x141eef1e0	0x1eef1e0	0x141e292d0	addr-match		RE::RTTI_BGSProcedureAcquireExecState	Code/client/Games/Skyrim/RTTI.cpp:1407
393622	rtti	BGSProcedureActivate	curated-verified	0x141eef510	0x1eef510	0x141e29600	addr-match		RE::RTTI_BGSProcedureActivate	Code/client/Games/Skyrim/RTTI.cpp:1409
393624	rtti	BGSProcedureActivateExecState	curated-verified	0x141eef5c0	0x1eef5c0	0x141e296b0	addr-match		RE::RTTI_BGSProcedureActivateExecState	Code/client/Games/Skyrim/RTTI.cpp:1411
393630	rtti	BGSProcedureDialogue	curated-verified	0x141eef7f0	0x1eef7f0	0x141e298e0	addr-match		RE::RTTI_BGSProcedureDialogue	Code/client/Games/Skyrim/RTTI.cpp:1413
393636	rtti	BGSProcedureDialogueActivate	curated-verified	0x141eefa80	0x1eefa80	0x141e29b70	addr-match		RE::RTTI_BGSProcedureDialogueActivate	Code/client/Games/Skyrim/RTTI.cpp:1415
393638	rtti	BGSProcedureDialogueActivateExecState	curated-verified	0x141eefb48	0x1eefb48	0x141e29c38	addr-match		RE::RTTI_BGSProcedureDialogueActivateExecState	Code/client/Games/Skyrim/RTTI.cpp:1417
393644	rtti	BGSProcedureEat	curated-verified	0x141eefe08	0x1eefe08	0x141e29ef8	addr-match		RE::RTTI_BGSProcedureEat	Code/client/Games/Skyrim/RTTI.cpp:1419
393651	rtti	BGSProcedureEscort	curated-verified	0x141ef0090	0x1ef0090	0x141e2a180	addr-match		RE::RTTI_BGSProcedureEscort	Code/client/Games/Skyrim/RTTI.cpp:1421
393653	rtti	BGSProcedureEscortExecState	curated-verified	0x141ef0140	0x1ef0140	0x141e2a230	addr-match		RE::RTTI_BGSProcedureEscortExecState	Code/client/Games/Skyrim/RTTI.cpp:1423
393659	rtti	BGSProcedureFind	curated-verified	0x141ef0420	0x1ef0420	0x141e2a510	addr-match		RE::RTTI_BGSProcedureFind	Code/client/Games/Skyrim/RTTI.cpp:1425
393664	rtti	BGSProcedureFlee	curated-verified	0x141ef06a0	0x1ef06a0	0x141e2a790	addr-match		RE::RTTI_BGSProcedureFlee	Code/client/Games/Skyrim/RTTI.cpp:1427
393666	rtti	BGSProcedureFleeExecState	curated-verified	0x141ef0748	0x1ef0748	0x141e2a838	addr-match		RE::RTTI_BGSProcedureFleeExecState	Code/client/Games/Skyrim/RTTI.cpp:1429
393671	rtti	BGSProcedureFlightGrab	curated-verified	0x141ef0960	0x1ef0960	0x141e2aa50	addr-match		RE::RTTI_BGSProcedureFlightGrab	Code/client/Games/Skyrim/RTTI.cpp:1431
393673	rtti	BGSProcedureFlightGrabExecState	curated-verified	0x141ef0a10	0x1ef0a10	0x141e2ab00	addr-match		RE::RTTI_BGSProcedureFlightGrabExecState	Code/client/Games/Skyrim/RTTI.cpp:1433
393679	rtti	IMovementParameters	curated-verified	0x141ef0c58	0x1ef0c58	0x141e2ad48	addr-match		RE::RTTI_IMovementParameters	Code/client/Games/Skyrim/RTTI.cpp:1435
393680	rtti	BGSProcedureFollow	curated-verified	0x141ef0c88	0x1ef0c88	0x141e2ad78	addr-match		RE::RTTI_BGSProcedureFollow	Code/client/Games/Skyrim/RTTI.cpp:1437
393682	rtti	BGSProcedureFollowTo	curated-verified	0x141ef0d40	0x1ef0d40	0x141e2ae30	addr-match		RE::RTTI_BGSProcedureFollowTo	Code/client/Games/Skyrim/RTTI.cpp:1439
393684	rtti	BGSProcedureFollowExecState	curated-verified	0x141ef0df0	0x1ef0df0	0x141e2aee0	addr-match		RE::RTTI_BGSProcedureFollowExecState	Code/client/Games/Skyrim/RTTI.cpp:1441
393686	rtti	MovementParameters	curated-verified	0x141ef0e90	0x1ef0e90	0x141e2af80	addr-match		RE::RTTI_MovementParameters	Code/client/Games/Skyrim/RTTI.cpp:1443
393693	rtti	BGSProcedureForceGreet	curated-verified	0x141ef1250	0x1ef1250	0x141e2b340	addr-match		RE::RTTI_BGSProcedureForceGreet	Code/client/Games/Skyrim/RTTI.cpp:1445
393698	rtti	BGSProcedureGuard	curated-verified	0x141ef1498	0x1ef1498	0x141e2b588	addr-match		RE::RTTI_BGSProcedureGuard	Code/client/Games/Skyrim/RTTI.cpp:1447
393703	rtti	BGSProcedureHoldPosition	curated-verified	0x141ef16d0	0x1ef16d0	0x141e2b7c0	addr-match		RE::RTTI_BGSProcedureHoldPosition	Code/client/Games/Skyrim/RTTI.cpp:1449
393708	rtti	BGSProcedureHover	curated-verified	0x141ef1918	0x1ef1918	0x141e2ba08	addr-match		RE::RTTI_BGSProcedureHover	Code/client/Games/Skyrim/RTTI.cpp:1451
393710	rtti	BGSProcedureHoverExecState	curated-verified	0x141ef19b8	0x1ef19b8	0x141e2baa8	addr-match		RE::RTTI_BGSProcedureHoverExecState	Code/client/Games/Skyrim/RTTI.cpp:1453
393715	rtti	BGSProcedureKeepAnEyeOn	curated-verified	0x141ef1be0	0x1ef1be0	0x141e2bcd0	addr-match		RE::RTTI_BGSProcedureKeepAnEyeOn	Code/client/Games/Skyrim/RTTI.cpp:1455
393720	rtti	BGSProcedureLock	curated-verified	0x141ef1e28	0x1ef1e28	0x141e2bf18	addr-match		RE::RTTI_BGSProcedureLock	Code/client/Games/Skyrim/RTTI.cpp:1457
393722	rtti	BGSProcedureUnlock	curated-verified	0x141ef1ec8	0x1ef1ec8	0x141e2bfb8	addr-match		RE::RTTI_BGSProcedureUnlock	Code/client/Games/Skyrim/RTTI.cpp:1459
393724	rtti	BGSProcedureLockUnlockExecState	curated-verified	0x141ef1f80	0x1ef1f80	0x141e2c070	addr-match		RE::RTTI_BGSProcedureLockUnlockExecState	Code/client/Games/Skyrim/RTTI.cpp:1461
393732	rtti	BGSProcedureOrbit	curated-verified	0x141ef2340	0x1ef2340	0x141e2c430	addr-match		RE::RTTI_BGSProcedureOrbit	Code/client/Games/Skyrim/RTTI.cpp:1463
393734	rtti	BGSProcedureOrbitExecState	curated-verified	0x141ef23e8	0x1ef23e8	0x141e2c4d8	addr-match		RE::RTTI_BGSProcedureOrbitExecState	Code/client/Games/Skyrim/RTTI.cpp:1465
393739	rtti	BGSProcedurePatrol	curated-verified	0x141ef2610	0x1ef2610	0x141e2c700	addr-match		RE::RTTI_BGSProcedurePatrol	Code/client/Games/Skyrim/RTTI.cpp:1467
393741	rtti	BGSProcedurePatrolExecState	curated-verified	0x141ef26c0	0x1ef26c0	0x141e2c7b0	addr-match		RE::RTTI_BGSProcedurePatrolExecState	Code/client/Games/Skyrim/RTTI.cpp:1469
393746	rtti	BGSProcedurePursue	curated-verified	0x141ef28f0	0x1ef28f0	0x141e2c9e0	addr-match		RE::RTTI_BGSProcedurePursue	Code/client/Games/Skyrim/RTTI.cpp:1471
393751	rtti	BGSProcedureSandboxExecState	curated-verified	0x141ef2b30	0x1ef2b30	0x141e2cc20	addr-match		RE::RTTI_BGSProcedureSandboxExecState	Code/client/Games/Skyrim/RTTI.cpp:1473
393753	rtti	BGSProcedureSandbox	curated-verified	0x141ef2bd0	0x1ef2bd0	0x141e2ccc0	addr-match		RE::RTTI_BGSProcedureSandbox	Code/client/Games/Skyrim/RTTI.cpp:1475
393758	rtti	BGSProcedureSay	curated-verified	0x141ef2e10	0x1ef2e10	0x141e2cf00	addr-match		RE::RTTI_BGSProcedureSay	Code/client/Games/Skyrim/RTTI.cpp:1477
393763	rtti	BGSProcedureShout	curated-verified	0x141ef3040	0x1ef3040	0x141e2d130	addr-match		RE::RTTI_BGSProcedureShout	Code/client/Games/Skyrim/RTTI.cpp:1479
393765	rtti	BGSProcedureShoutExecState	curated-verified	0x141ef30e8	0x1ef30e8	0x141e2d1d8	addr-match		RE::RTTI_BGSProcedureShoutExecState	Code/client/Games/Skyrim/RTTI.cpp:1481
393771	rtti	BGSProcedureSit	curated-verified	0x141ef3350	0x1ef3350	0x141e2d440	addr-match		RE::RTTI_BGSProcedureSit	Code/client/Games/Skyrim/RTTI.cpp:1483
393773	rtti	BGSProcedureSleep	curated-verified	0x141ef33f8	0x1ef33f8	0x141e2d4e8	addr-match		RE::RTTI_BGSProcedureSleep	Code/client/Games/Skyrim/RTTI.cpp:1485
393775	rtti	BGSProcedureSitSleepExecState	curated-verified	0x141ef3498	0x1ef3498	0x141e2d588	addr-match		RE::RTTI_BGSProcedureSitSleepExecState	Code/client/Games/Skyrim/RTTI.cpp:1487
393783	rtti	BGSProcedureTravel	curated-verified	0x141ef3840	0x1ef3840	0x141e2d930	addr-match		RE::RTTI_BGSProcedureTravel	Code/client/Games/Skyrim/RTTI.cpp:1489
393785	rtti	BGSProcedureTravelExecState	curated-verified	0x141ef38f0	0x1ef38f0	0x141e2d9e0	addr-match		RE::RTTI_BGSProcedureTravelExecState	Code/client/Games/Skyrim/RTTI.cpp:1491
393790	rtti	BGSProcedureTreeProcedure	curated-verified	0x141ef3b20	0x1ef3b20	0x141e2dc10	addr-match		RE::RTTI_BGSProcedureTreeProcedure	Code/client/Games/Skyrim/RTTI.cpp:1493
393792	rtti	BGSProcedureUseIdleMarker	curated-verified	0x141ef3bb8	0x1ef3bb8	0x141e2dca8	addr-match		RE::RTTI_BGSProcedureUseIdleMarker	Code/client/Games/Skyrim/RTTI.cpp:1495
393794	rtti	BGSProcedureUseIdleMarkerExecState	curated-verified	0x141ef3c70	0x1ef3c70	0x141e2dd60	addr-match		RE::RTTI_BGSProcedureUseIdleMarkerExecState	Code/client/Games/Skyrim/RTTI.cpp:1497
393799	rtti	BGSProcedureUseMagic	curated-verified	0x141ef3eb8	0x1ef3eb8	0x141e2dfa8	addr-match		RE::RTTI_BGSProcedureUseMagic	Code/client/Games/Skyrim/RTTI.cpp:1499
393801	rtti	BGSProcedureUseMagicExecState	curated-verified	0x141ef3f70	0x1ef3f70	0x141e2e060	addr-match		RE::RTTI_BGSProcedureUseMagicExecState	Code/client/Games/Skyrim/RTTI.cpp:1501
393806	rtti	BGSProcedureUseWeapon	curated-verified	0x141ef41a0	0x1ef41a0	0x141e2e290	addr-match		RE::RTTI_BGSProcedureUseWeapon	Code/client/Games/Skyrim/RTTI.cpp:1503
393808	rtti	BGSProcedureUseWeaponExecState	curated-verified	0x141ef4250	0x1ef4250	0x141e2e340	addr-match		RE::RTTI_BGSProcedureUseWeaponExecState	Code/client/Games/Skyrim/RTTI.cpp:1505
393813	rtti	BGSProcedureWait	curated-verified	0x141ef4490	0x1ef4490	0x141e2e580	addr-match		RE::RTTI_BGSProcedureWait	Code/client/Games/Skyrim/RTTI.cpp:1507
393818	rtti	BGSProcedureWander	curated-verified	0x141ef46c0	0x1ef46c0	0x141e2e7b0	addr-match		RE::RTTI_BGSProcedureWander	Code/client/Games/Skyrim/RTTI.cpp:1509
393820	rtti	BGSProcedureWanderExecState	curated-verified	0x141ef4770	0x1ef4770	0x141e2e860	addr-match		RE::RTTI_BGSProcedureWanderExecState	Code/client/Games/Skyrim/RTTI.cpp:1511
393825	rtti	BGSVisitProceduresInitActorLocation	curated-verified	0x141ef49a0	0x1ef49a0	0x141e2ea90	addr-match		RE::RTTI_BGSVisitProceduresInitActorLocation	Code/client/Games/Skyrim/RTTI.cpp:1513
393826	rtti	BGSVisitProceduresCheckGuardWarnTarget	curated-verified	0x141ef49e0	0x1ef49e0	0x141e2ead0	addr-match		RE::RTTI_BGSVisitProceduresCheckGuardWarnTarget	Code/client/Games/Skyrim/RTTI.cpp:1515
393827	rtti	PackageCreator	curated-verified	0x141ef4a20	0x1ef4a20	0x141e2eb10	addr-match		RE::RTTI_PackageCreator	Code/client/Games/Skyrim/RTTI.cpp:1517
393828	rtti	DialoguePackage	curated-verified	0x141ef4a48	0x1ef4a48	0x141e2eb38	addr-match		RE::RTTI_DialoguePackage	Code/client/Games/Skyrim/RTTI.cpp:1519
393829	rtti	TESPackageData	curated-verified	0x141ef4a70	0x1ef4a70	0x141e2eb60	addr-match		RE::RTTI_TESPackageData	Code/client/Games/Skyrim/RTTI.cpp:1521
393830	rtti	TESAmbushPackageData	curated-verified	0x141ef4a98	0x1ef4a98	0x141e2eb88	addr-match		RE::RTTI_TESAmbushPackageData	Code/client/Games/Skyrim/RTTI.cpp:1523
393831	rtti	TESCustomPackageData	curated-verified	0x141ef4ac8	0x1ef4ac8	0x141e2ebb8	addr-match		RE::RTTI_TESCustomPackageData	Code/client/Games/Skyrim/RTTI.cpp:1525
393832	rtti	IProcedureTreeVisitor	curated-verified	0x141ef4af8	0x1ef4af8	0x141e2ebe8	addr-match		RE::RTTI_IProcedureTreeVisitor	Code/client/Games/Skyrim/RTTI.cpp:1527
393834	rtti	TESDialoguePackageData	curated-verified	0x141ef4b60	0x1ef4b60	0x141e2ec50	addr-match		RE::RTTI_TESDialoguePackageData	Code/client/Games/Skyrim/RTTI.cpp:1529
393835	rtti	TESEatPackageData	curated-verified	0x141ef4b90	0x1ef4b90	0x141e2ec80	addr-match		RE::RTTI_TESEatPackageData	Code/client/Games/Skyrim/RTTI.cpp:1531
393836	rtti	TESEscortPackageData	curated-verified	0x141ef4bb8	0x1ef4bb8	0x141e2eca8	addr-match		RE::RTTI_TESEscortPackageData	Code/client/Games/Skyrim/RTTI.cpp:1533
393837	rtti	TESFollowPackageData	curated-verified	0x141ef4be8	0x1ef4be8	0x141e2ecd8	addr-match		RE::RTTI_TESFollowPackageData	Code/client/Games/Skyrim/RTTI.cpp:1535
393838	rtti	TESPatrolPackageData	curated-verified	0x141ef4c18	0x1ef4c18	0x141e2ed08	addr-match		RE::RTTI_TESPatrolPackageData	Code/client/Games/Skyrim/RTTI.cpp:1537
393839	rtti	TESUseItemPackageData	curated-verified	0x141ef4c48	0x1ef4c48	0x141e2ed38	addr-match		RE::RTTI_TESUseItemPackageData	Code/client/Games/Skyrim/RTTI.cpp:1539
393840	rtti	TESUseWeaponPackageData	curated-verified	0x141ef4c78	0x1ef4c78	0x141e2ed68	addr-match		RE::RTTI_TESUseWeaponPackageData	Code/client/Games/Skyrim/RTTI.cpp:1541
393841	rtti	ActorPackageData	curated-verified	0x141ef4ca8	0x1ef4ca8	0x141e2ed98	addr-match		RE::RTTI_ActorPackageData	Code/client/Games/Skyrim/RTTI.cpp:1543
393842	rtti	UseWeaponActorPackageData	curated-verified	0x141ef4cd0	0x1ef4cd0	0x141e2edc0	addr-match		RE::RTTI_UseWeaponActorPackageData	Code/client/Games/Skyrim/RTTI.cpp:1545
393843	rtti	PackageLocation	curated-verified	0x141ef4d00	0x1ef4d00	0x141e2edf0	addr-match		RE::RTTI_PackageLocation	Code/client/Games/Skyrim/RTTI.cpp:1547
393844	rtti	ITempEffectFactory	curated-verified	0x141ef4d50	0x1ef4d50	0x141e2ee40	addr-match		RE::RTTI_ITempEffectFactory	Code/client/Games/Skyrim/RTTI.cpp:1549
393851	rtti	BSTempEffect	curated-verified	0x141ef4d28	0x1ef4d28	0x141e2ee18	addr-match		RE::RTTI_BSTempEffect	Code/client/Games/Skyrim/RTTI.cpp:1551
393855	rtti	BSTempEffectDebris	curated-verified	0x141ef4f58	0x1ef4f58	0x141e2f048	addr-match		RE::RTTI_BSTempEffectDebris	Code/client/Games/Skyrim/RTTI.cpp:1553
393856	rtti	BSTempEffectGeometryDecal	curated-verified	0x141ef5048	0x1ef5048	0x141e2f138	addr-match		RE::RTTI_BSTempEffectGeometryDecal	Code/client/Games/Skyrim/RTTI.cpp:1555
393859	rtti	BGSParticleObjectCloneTask	curated-verified	0x141ef5120	0x1ef5120	0x141e2f210	addr-match		RE::RTTI_BGSParticleObjectCloneTask	Code/client/Games/Skyrim/RTTI.cpp:1557
393860	rtti	BSTempEffectParticle	curated-verified	0x141ef5158	0x1ef5158	0x141e2f248	addr-match		RE::RTTI_BSTempEffectParticle	Code/client/Games/Skyrim/RTTI.cpp:1559
393861	rtti	BSTempEffectSimpleDecal	curated-verified	0x141ef5188	0x1ef5188	0x141e2f278	addr-match		RE::RTTI_BSTempEffectSimpleDecal	Code/client/Games/Skyrim/RTTI.cpp:1561
393862	rtti	BSLightingShaderMaterial	curated-verified	0x141ef51b8	0x1ef51b8	0x141e2f2a8	addr-match		RE::RTTI_BSLightingShaderMaterial	Code/client/Games/Skyrim/RTTI.cpp:1563
393863	rtti	BSLightingShaderMaterialBase	curated-verified	0x141ef51e8	0x1ef51e8	0x141e2f2d8	addr-match		RE::RTTI_BSLightingShaderMaterialBase	Code/client/Games/Skyrim/RTTI.cpp:1565
393864	rtti	BSShaderMaterial	curated-verified	0x141ef5220	0x1ef5220	0x141e2f310	addr-match		RE::RTTI_BSShaderMaterial	Code/client/Games/Skyrim/RTTI.cpp:1567
393866	rtti	BSTempEffectSPG	curated-verified	0x141ef5248	0x1ef5248	0x141e2f338	addr-match		RE::RTTI_BSTempEffectSPG	Code/client/Games/Skyrim/RTTI.cpp:1569
393867	rtti	BSTempEffectWeaponBlood	curated-verified	0x141ef52b8	0x1ef52b8	0x141e2f3a8	addr-match		RE::RTTI_BSTempEffectWeaponBlood	Code/client/Games/Skyrim/RTTI.cpp:1571
393869	rtti	BSTerrainEffect	curated-verified	0x141ef52e8	0x1ef52e8	0x141e2f3d8	addr-match		RE::RTTI_BSTerrainEffect	Code/client/Games/Skyrim/RTTI.cpp:1573
393873	rtti	NavMesh	curated-verified	0x141ef53e8	0x1ef53e8	0x141e2f4d8	addr-match		RE::RTTI_NavMesh	Code/client/Games/Skyrim/RTTI.cpp:1575
393874	rtti	BSNavmesh	curated-verified	0x141ef5408	0x1ef5408	0x141e2f4f8	addr-match		RE::RTTI_BSNavmesh	Code/client/Games/Skyrim/RTTI.cpp:1577
393875	rtti	BSPathingStreamRead	curated-verified	0x141ef5468	0x1ef5468	0x141e2f558	addr-match		RE::RTTI_BSPathingStreamRead	Code/client/Games/Skyrim/RTTI.cpp:1579
393876	rtti	PathingStreamMasterFileRead	curated-verified	0x141ef5498	0x1ef5498	0x141e2f588	addr-match		RE::RTTI_PathingStreamMasterFileRead	Code/client/Games/Skyrim/RTTI.cpp:1581
393878	rtti	NavMeshInfoMap	curated-verified	0x141ef5500	0x1ef5500	0x141e2f5f0	addr-match		RE::RTTI_NavMeshInfoMap	Code/client/Games/Skyrim/RTTI.cpp:1583
393879	rtti	BSNavmeshInfoMap	curated-verified	0x141ef5528	0x1ef5528	0x141e2f618	addr-match		RE::RTTI_BSNavmeshInfoMap	Code/client/Games/Skyrim/RTTI.cpp:1585
393881	rtti	PrecomputedNavmeshInfoPathMap	curated-weak	0x141ef5598	0x1ef5598	0x141e2f688	addr-match		RE::RTTI_PrecomputedNavmeshInfoPathMap	Code/client/Games/Skyrim/RTTI.cpp:1587
393882	rtti	BSPrecomputedNavmeshInfoPathMap	curated-weak	0x141ef55d0	0x1ef55d0	0x141e2f6c0	addr-match		RE::RTTI_BSPrecomputedNavmeshInfoPathMap	Code/client/Games/Skyrim/RTTI.cpp:1589
393885	rtti	hkpEntityActivationListener	curated-verified	0x141ef56a0	0x1ef56a0	0x141e2f790	addr-match		RE::RTTI_hkpEntityActivationListener	Code/client/Games/Skyrim/RTTI.cpp:1591
393886	rtti	NavMeshObstacleManager	curated-verified	0x141ef56d8	0x1ef56d8	0x141e2f7c8	addr-match		RE::RTTI_NavMeshObstacleManager	Code/client/Games/Skyrim/RTTI.cpp:1593
393892	rtti	bhkObstacleDeactivationListener	curated-verified	0x141ef5930	0x1ef5930	0x141e2fa20	addr-match		RE::RTTI_bhkObstacleDeactivationListener	Code/client/Games/Skyrim/RTTI.cpp:1595
393893	rtti	bhkObstacleRemovalListener	curated-verified	0x141ef5968	0x1ef5968	0x141e2fa58	addr-match		RE::RTTI_bhkObstacleRemovalListener	Code/client/Games/Skyrim/RTTI.cpp:1597
393894	rtti	BSNavmeshReferenceObstacleArray	curated-verified	0x141ef59a0	0x1ef59a0	0x141e2fa90	addr-match		RE::RTTI_BSNavmeshReferenceObstacleArray	Code/client/Games/Skyrim/RTTI.cpp:1599
393895	rtti	ObstacleTaskData	curated-verified	0x141ef59d8	0x1ef59d8	0x141e2fac8	addr-match		RE::RTTI_ObstacleTaskData	Code/client/Games/Skyrim/RTTI.cpp:1601
393896	rtti	PathingCoverLocation	curated-verified	0x141ef5a00	0x1ef5a00	0x141e2faf0	addr-match		RE::RTTI_PathingCoverLocation	Code/client/Games/Skyrim/RTTI.cpp:1603
393897	rtti	BSPathingLocation	curated-weak	0x141ef5a30	0x1ef5a30	0x141e2fb20	addr-match		RE::RTTI_BSPathingLocation	Code/client/Games/Skyrim/RTTI.cpp:1605
393898	rtti	BSPathingCellManager	curated-verified	0x141ef5a58	0x1ef5a58	0x141e2fb48	addr-match		RE::RTTI_BSPathingCellManager	Code/client/Games/Skyrim/RTTI.cpp:1607
393900	rtti	Pathing	curated-verified	0x141ef5ad8	0x1ef5ad8	0x141e2fbc8	addr-match		RE::RTTI_Pathing	Code/client/Games/Skyrim/RTTI.cpp:1609
393905	rtti	BSPathing	curated-verified	0x141ef5c88	0x1ef5c88	0x141e2fd78	addr-match		RE::RTTI_BSPathing	Code/client/Games/Skyrim/RTTI.cpp:1611
393907	rtti	MovementManager	curated-weak	0x141ef5ce8	0x1ef5ce8	0x141e2fdd8	addr-match		RE::RTTI_MovementManager	Code/client/Games/Skyrim/RTTI.cpp:1613
393910	rtti	PathingRequestSafeStraightLine	curated-verified	0x141ef5da8	0x1ef5da8	0x141e2fe98	addr-match		RE::RTTI_PathingRequestSafeStraightLine	Code/client/Games/Skyrim/RTTI.cpp:1615
393911	rtti	PathingRequestClosePoint	curated-verified	0x141ef5de0	0x1ef5de0	0x141e2fed0	addr-match		RE::RTTI_PathingRequestClosePoint	Code/client/Games/Skyrim/RTTI.cpp:1617
393912	rtti	PathingRequest	curated-verified	0x141ef5e10	0x1ef5e10	0x141e2ff00	addr-match		RE::RTTI_PathingRequest	Code/client/Games/Skyrim/RTTI.cpp:1619
393913	rtti	BSPathingRequest	curated-verified	0x141ef5e38	0x1ef5e38	0x141e2ff28	addr-match		RE::RTTI_BSPathingRequest	Code/client/Games/Skyrim/RTTI.cpp:1621
393916	rtti	BSPathingSolution	curated-weak	0x141ef5ef8	0x1ef5ef8	0x141e2ffe8	addr-match		RE::RTTI_BSPathingSolution	Code/client/Games/Skyrim/RTTI.cpp:1623
393922	rtti	BSPathingCell	curated-verified	0x141ef5f70	0x1ef5f70	0x141e30060	addr-match		RE::RTTI_BSPathingCell	Code/client/Games/Skyrim/RTTI.cpp:1625
393923	rtti	PathingCell	curated-verified	0x141ef5f98	0x1ef5f98	0x141e30088	addr-match		RE::RTTI_PathingCell	Code/client/Games/Skyrim/RTTI.cpp:1627
393928	rtti	BSPathingDoor	curated-verified	0x141ef6178	0x1ef6178	0x141e30268	addr-match		RE::RTTI_BSPathingDoor	Code/client/Games/Skyrim/RTTI.cpp:1629
393929	rtti	PathingDoor	curated-verified	0x141ef61a0	0x1ef61a0	0x141e30290	addr-match		RE::RTTI_PathingDoor	Code/client/Games/Skyrim/RTTI.cpp:1631
393934	rtti	BSPathingLockData	curated-verified	0x141ef6388	0x1ef6388	0x141e30478	addr-match		RE::RTTI_BSPathingLockData	Code/client/Games/Skyrim/RTTI.cpp:1633
393935	rtti	PathingLockData	curated-verified	0x141ef63b0	0x1ef63b0	0x141e304a0	addr-match		RE::RTTI_PathingLockData	Code/client/Games/Skyrim/RTTI.cpp:1635
393936	rtti	BSPathingNumericIDVisitor	curated-verified	0x141ef65b8	0x1ef65b8	0x141e306a8	addr-match		RE::RTTI_BSPathingNumericIDVisitor	Code/client/Games/Skyrim/RTTI.cpp:1637
393937	rtti	PathingNumericIDVisitor	curated-verified	0x141ef65e8	0x1ef65e8	0x141e306d8	addr-match		RE::RTTI_PathingNumericIDVisitor	Code/client/Games/Skyrim/RTTI.cpp:1639
393943	rtti	BSPathingSpace	curated-verified	0x141ef6848	0x1ef6848	0x141e30938	addr-match		RE::RTTI_BSPathingSpace	Code/client/Games/Skyrim/RTTI.cpp:1641
393944	rtti	PathingSpace	curated-verified	0x141ef6870	0x1ef6870	0x141e30960	addr-match		RE::RTTI_PathingSpace	Code/client/Games/Skyrim/RTTI.cpp:1643
393945	rtti	TeleportDoorSearch	curated-verified	0x141ef6898	0x1ef6898	0x141e30988	addr-match		RE::RTTI_TeleportDoorSearch	Code/client/Games/Skyrim/RTTI.cpp:1645
393948	rtti	NavMeshSearchClosePoint	curated-verified	0x141ef6960	0x1ef6960	0x141e30a50	addr-match		RE::RTTI_NavMeshSearchClosePoint	Code/client/Games/Skyrim/RTTI.cpp:1647
393952	rtti	NavMeshSearchFitSphere	curated-verified	0x141ef6aa8	0x1ef6aa8	0x141e30b98	addr-match		RE::RTTI_NavMeshSearchFitSphere	Code/client/Games/Skyrim/RTTI.cpp:1649
393954	rtti	NavMeshSearchFlee	curated-verified	0x141ef6b28	0x1ef6b28	0x141e30c18	addr-match		RE::RTTI_NavMeshSearchFlee	Code/client/Games/Skyrim/RTTI.cpp:1651
393956	rtti	NavMeshSearchHide	curated-verified	0x141ef6b80	0x1ef6b80	0x141e30c70	addr-match		RE::RTTI_NavMeshSearchHide	Code/client/Games/Skyrim/RTTI.cpp:1653
393957	rtti	BSNavmeshSearch	curated-verified	0x141ef6ba8	0x1ef6ba8	0x141e30c98	addr-match		RE::RTTI_BSNavmeshSearch	Code/client/Games/Skyrim/RTTI.cpp:1655
393960	rtti	NavMeshSearchLOS	curated-verified	0x141ef6c30	0x1ef6c30	0x141e30d20	addr-match		RE::RTTI_NavMeshSearchLOS	Code/client/Games/Skyrim/RTTI.cpp:1657
393961	rtti	NavMeshSearchMaxCost	curated-verified	0x141ef6c58	0x1ef6c58	0x141e30d48	addr-match		RE::RTTI_NavMeshSearchMaxCost	Code/client/Games/Skyrim/RTTI.cpp:1659
393963	rtti	NavMeshSearchMultipleGoals	curated-verified	0x141ef6cc0	0x1ef6cc0	0x141e30db0	addr-match		RE::RTTI_NavMeshSearchMultipleGoals	Code/client/Games/Skyrim/RTTI.cpp:1661
393964	rtti	NavMeshSearchSLPoint	curated-verified	0x141ef6cf8	0x1ef6cf8	0x141e30de8	addr-match		RE::RTTI_NavMeshSearchSLPoint	Code/client/Games/Skyrim/RTTI.cpp:1663
393969	rtti	IPathBuilderFactoryBase	curated-verified	0x141ef6f90	0x1ef6f90	0x141e31080	addr-match		RE::RTTI_IPathBuilderFactoryBase	Code/client/Games/Skyrim/RTTI.cpp:1665
393976	rtti	PathingRequestClosestGoal	curated-verified	0x141ef6f60	0x1ef6f60	0x141e31050	addr-match		RE::RTTI_PathingRequestClosestGoal	Code/client/Games/Skyrim/RTTI.cpp:1667
393982	rtti	PathingRequestCover	curated-verified	0x141ef72f8	0x1ef72f8	0x141e313e8	addr-match		RE::RTTI_PathingRequestCover	Code/client/Games/Skyrim/RTTI.cpp:1669
393987	rtti	PathingRequestFlee	curated-verified	0x141ef7538	0x1ef7538	0x141e31628	addr-match		RE::RTTI_PathingRequestFlee	Code/client/Games/Skyrim/RTTI.cpp:1671
393992	rtti	PathingRequestFly	curated-verified	0x141ef7778	0x1ef7778	0x141e31868	addr-match		RE::RTTI_PathingRequestFly	Code/client/Games/Skyrim/RTTI.cpp:1673
393997	rtti	PathingRequestFlyAction	curated-verified	0x141ef79a8	0x1ef79a8	0x141e31a98	addr-match		RE::RTTI_PathingRequestFlyAction	Code/client/Games/Skyrim/RTTI.cpp:1675
394002	rtti	PathingRequestFlyHover	curated-verified	0x141ef7c08	0x1ef7c08	0x141e31cf8	addr-match		RE::RTTI_PathingRequestFlyHover	Code/client/Games/Skyrim/RTTI.cpp:1677
394007	rtti	PathingRequestFlyLand	curated-verified	0x141ef7e68	0x1ef7e68	0x141e31f58	addr-match		RE::RTTI_PathingRequestFlyLand	Code/client/Games/Skyrim/RTTI.cpp:1679
394012	rtti	PathingRequestFlyOrbit	curated-verified	0x141ef80b8	0x1ef80b8	0x141e321a8	addr-match		RE::RTTI_PathingRequestFlyOrbit	Code/client/Games/Skyrim/RTTI.cpp:1681
394017	rtti	PathingRequestFlyTakeOff	curated-verified	0x141ef8318	0x1ef8318	0x141e32408	addr-match		RE::RTTI_PathingRequestFlyTakeOff	Code/client/Games/Skyrim/RTTI.cpp:1683
394022	rtti	PathingRequestHide	curated-verified	0x141ef8580	0x1ef8580	0x141e32670	addr-match		RE::RTTI_PathingRequestHide	Code/client/Games/Skyrim/RTTI.cpp:1685
394027	rtti	PathingRequestLOS	curated-verified	0x141ef87b8	0x1ef87b8	0x141e328a8	addr-match		RE::RTTI_PathingRequestLOS	Code/client/Games/Skyrim/RTTI.cpp:1687
394032	rtti	PathingRequestOptimalLocation	curated-verified	0x141ef89e8	0x1ef89e8	0x141e32ad8	addr-match		RE::RTTI_PathingRequestOptimalLocation	Code/client/Games/Skyrim/RTTI.cpp:1689
394037	rtti	PathingRequestRotate	curated-verified	0x141ef8c50	0x1ef8c50	0x141e32d40	addr-match		RE::RTTI_PathingRequestRotate	Code/client/Games/Skyrim/RTTI.cpp:1691
394046	rtti	PathingRequestStopMoving	curated-verified	0x141ef90c0	0x1ef90c0	0x141e331b0	addr-match		RE::RTTI_PathingRequestStopMoving	Code/client/Games/Skyrim/RTTI.cpp:1693
394104	rtti	BGSQueuedTerrainUpdate	curated-verified	0x141efad28	0x1efad28	0x141e34e18	addr-match		RE::RTTI_BGSQueuedTerrainUpdate	Code/client/Games/Skyrim/RTTI.cpp:1695
394105	rtti	BGSQueuedTerrainUpgrade	curated-verified	0x141efad58	0x1efad58	0x141e34e48	addr-match		RE::RTTI_BGSQueuedTerrainUpgrade	Code/client/Games/Skyrim/RTTI.cpp:1697
394106	rtti	BGSQueuedTerrainDowngrade	curated-verified	0x141efad88	0x1efad88	0x141e34e78	addr-match		RE::RTTI_BGSQueuedTerrainDowngrade	Code/client/Games/Skyrim/RTTI.cpp:1699
394107	rtti	BGSQueuedTerrainInitialLoad	curated-verified	0x141efadb8	0x1efadb8	0x141e34ea8	addr-match		RE::RTTI_BGSQueuedTerrainInitialLoad	Code/client/Games/Skyrim/RTTI.cpp:1701
394108	rtti	BGSQueuedObjectUpgrade	curated-verified	0x141efadf0	0x1efadf0	0x141e34ee0	addr-match		RE::RTTI_BGSQueuedObjectUpgrade	Code/client/Games/Skyrim/RTTI.cpp:1703
394109	rtti	BGSQueuedObjectDowngrade	curated-verified	0x141efae20	0x1efae20	0x141e34f10	addr-match		RE::RTTI_BGSQueuedObjectDowngrade	Code/client/Games/Skyrim/RTTI.cpp:1705
394110	rtti	BGSQueuedObjectInitialLoad	curated-verified	0x141efae50	0x1efae50	0x141e34f40	addr-match		RE::RTTI_BGSQueuedObjectInitialLoad	Code/client/Games/Skyrim/RTTI.cpp:1707
394122	rtti	hkpPhantom	curated-verified	0x141efb4f8	0x1efb4f8	0x141e355e8	addr-match		RE::RTTI_hkpPhantom	Code/client/Games/Skyrim/RTTI.cpp:1709
394123	rtti	hkpWorldObject	curated-verified	0x141efb520	0x1efb520	0x141e35610	addr-match		RE::RTTI_hkpWorldObject	Code/client/Games/Skyrim/RTTI.cpp:1711
394124	rtti	hkpAabbPhantom	curated-verified	0x141efb548	0x1efb548	0x141e35638	addr-match		RE::RTTI_hkpAabbPhantom	Code/client/Games/Skyrim/RTTI.cpp:1713
394128	rtti	TESWaterObject	curated-verified	0x141efb5b0	0x1efb5b0	0x141e356a0	addr-match		RE::RTTI_TESWaterObject	Code/client/Games/Skyrim/RTTI.cpp:1715
394129	rtti	TESWaterReflections	curated-verified	0x141efb5d8	0x1efb5d8	0x141e356c8	addr-match		RE::RTTI_TESWaterReflections	Code/client/Games/Skyrim/RTTI.cpp:1717
394130	rtti	TESWaterDisplacement	curated-verified	0x141efb608	0x1efb608	0x141e356f8	addr-match		RE::RTTI_TESWaterDisplacement	Code/client/Games/Skyrim/RTTI.cpp:1719
394131	rtti	TESWaterNormals	curated-verified	0x141efb638	0x1efb638	0x141e35728	addr-match		RE::RTTI_TESWaterNormals	Code/client/Games/Skyrim/RTTI.cpp:1721
394134	rtti	BGSStoryManagerTreeVisitor	curated-verified	0x141efb7f8	0x1efb7f8	0x141e358e8	addr-match		RE::RTTI_BGSStoryManagerTreeVisitor	Code/client/Games/Skyrim/RTTI.cpp:1723
394135	rtti	BGSStoryManagerQuestFinder	curated-verified	0x141efb830	0x1efb830	0x141e35920	addr-match		RE::RTTI_BGSStoryManagerQuestFinder	Code/client/Games/Skyrim/RTTI.cpp:1725
394136	rtti	BGSStoryManager	curated-verified	0x141efb868	0x1efb868	0x141e35958	addr-match		RE::RTTI_BGSStoryManager	Code/client/Games/Skyrim/RTTI.cpp:1727
394142	rtti	BGSStoryManagerEventNode	curated-verified	0x141efba90	0x1efba90	0x141e35b80	addr-match		RE::RTTI_BGSStoryManagerEventNode	Code/client/Games/Skyrim/RTTI.cpp:1729
394145	rtti	BGSStoryManagerQuestNode	curated-verified	0x141efbb70	0x1efbb70	0x141e35c60	addr-match		RE::RTTI_BGSStoryManagerQuestNode	Code/client/Games/Skyrim/RTTI.cpp:1731
394147	rtti	BGSStoryTeller	curated-verified	0x141efbbf0	0x1efbbf0	0x141e35ce0	addr-match		RE::RTTI_BGSStoryTeller	Code/client/Games/Skyrim/RTTI.cpp:1733
394153	rtti	BGSLOSData	curated-verified	0x141efbe18	0x1efbe18	0x141e35f08	addr-match		RE::RTTI_BGSLOSData	Code/client/Games/Skyrim/RTTI.cpp:1735
394154	rtti	AnimationClipDataSingleton	curated-verified	0x141efbe40	0x1efbe40	0x141e35f30	addr-match		RE::RTTI_AnimationClipDataSingleton	Code/client/Games/Skyrim/RTTI.cpp:1737
394160	rtti	IAnimationGraphManagerLoadingTask	curated-verified	0x141efc0c8	0x1efc0c8	0x141e361b8	addr-match		RE::RTTI_IAnimationGraphManagerLoadingTask	Code/client/Games/Skyrim/RTTI.cpp:1739
394163	rtti	hkaRaycastInterface	curated-verified	0x141efc198	0x1efc198	0x141e36288	addr-match		RE::RTTI_hkaRaycastInterface	Code/client/Games/Skyrim/RTTI.cpp:1741
394164	rtti	BSIFootIkRaycastInterfaceDB	curated-verified	0x141efc1c8	0x1efc1c8	0x141e362b8	addr-match		RE::RTTI_BSIFootIkRaycastInterfaceDB	Code/client/Games/Skyrim/RTTI.cpp:1743
394165	rtti	CachedRaycastData	curated-verified	0x141efc200	0x1efc200	0x141e362f0	addr-match		RE::RTTI_CachedRaycastData	Code/client/Games/Skyrim/RTTI.cpp:1745
394166	rtti	BGSFootIkRaycastInterfaceDB	curated-verified	0x141efc228	0x1efc228	0x141e36318	addr-match		RE::RTTI_BGSFootIkRaycastInterfaceDB	Code/client/Games/Skyrim/RTTI.cpp:1747
394171	rtti	IGamebryoSequenceGeneratorHolderSingleton	curated-verified	0x141efc460	0x1efc460	0x141e36550	addr-match		RE::RTTI_IGamebryoSequenceGeneratorHolderSingleton	Code/client/Games/Skyrim/RTTI.cpp:1749
394172	rtti	BGSGamebryoSequenceGeneratorHolderSingleton	curated-verified	0x141efc4a0	0x1efc4a0	0x141e36590	addr-match		RE::RTTI_BGSGamebryoSequenceGeneratorHolderSingleton	Code/client/Games/Skyrim/RTTI.cpp:1751
394178	rtti	BGSSynchronizedAnimationInstance	curated-verified	0x141efc7a0	0x1efc7a0	0x141e36890	addr-match		RE::RTTI_BGSSynchronizedAnimationInstance	Code/client/Games/Skyrim/RTTI.cpp:1753
394181	rtti	BSLimbIKModifierUtilityCastInfo	curated-verified	0x141efc878	0x1efc878	0x141e36968	addr-match		RE::RTTI_BSLimbIKModifierUtilityCastInfo	Code/client/Games/Skyrim/RTTI.cpp:1755
394182	rtti	BSLimbIKModifierCastInfo	curated-verified	0x141efc8b0	0x1efc8b0	0x141e369a0	addr-match		RE::RTTI_BSLimbIKModifierCastInfo	Code/client/Games/Skyrim/RTTI.cpp:1757
394183	rtti	BSLimbIKModifierUtility	curated-verified	0x141efc8e0	0x1efc8e0	0x141e369d0	addr-match		RE::RTTI_BSLimbIKModifierUtility	Code/client/Games/Skyrim/RTTI.cpp:1759
394184	rtti	BSILimbIKModifierSingleton	curated-verified	0x141efc910	0x1efc910	0x141e36a00	addr-match		RE::RTTI_BSILimbIKModifierSingleton	Code/client/Games/Skyrim/RTTI.cpp:1761
394189	rtti	SimpleAnimationGraphManagerLoadingTask	curated-verified	0x141efcb38	0x1efcb38	0x141e36c28	addr-match		RE::RTTI_SimpleAnimationGraphManagerLoadingTask	Code/client/Games/Skyrim/RTTI.cpp:1763
394190	rtti	SimpleAnimationGraphManagerHolder	curated-verified	0x141efcb78	0x1efcb78	0x141e36c68	addr-match		RE::RTTI_SimpleAnimationGraphManagerHolder	Code/client/Games/Skyrim/RTTI.cpp:1765
394191	rtti	WeaponAnimationGraphManagerHolder	curated-verified	0x141efcbb0	0x1efcbb0	0x141e36ca0	addr-match		RE::RTTI_WeaponAnimationGraphManagerHolder	Code/client/Games/Skyrim/RTTI.cpp:1767
394192	rtti	TailAnimationGraphManagerHolder	curated-verified	0x141efcbe8	0x1efcbe8	0x141e36cd8	addr-match		RE::RTTI_TailAnimationGraphManagerHolder	Code/client/Games/Skyrim/RTTI.cpp:1769
394199	rtti	PlayerInputHandler	curated-verified	0x141efceb0	0x1efceb0	0x141e36fa0	addr-match		RE::RTTI_PlayerInputHandler	Code/client/Games/Skyrim/RTTI.cpp:1771
394200	rtti	ThirdPersonState	curated-verified	0x141efcee0	0x1efcee0	0x141e36fd0	addr-match		RE::RTTI_ThirdPersonState	Code/client/Games/Skyrim/RTTI.cpp:1773
394201	rtti	DragonCameraState	curated-verified	0x141efcf08	0x1efcf08	0x141e36ff8	addr-match		RE::RTTI_DragonCameraState	Code/client/Games/Skyrim/RTTI.cpp:1775
394202	rtti	CombatBehaviorTreeRanged	curated-verified	0x141efcf60	0x1efcf60	0x141e37050	addr-match		RE::RTTI_CombatBehaviorTreeRanged	Code/client/Games/Skyrim/RTTI.cpp:1777
394203	rtti	CombatBehaviorTree	curated-verified	0x141efcf90	0x1efcf90	0x141e37080	addr-match		RE::RTTI_CombatBehaviorTree	Code/client/Games/Skyrim/RTTI.cpp:1779
394204	rtti	CombatBehaviorTreeNode	curated-verified	0x141efcf30	0x1efcf30	0x141e37020	addr-match		RE::RTTI_CombatBehaviorTreeNode	Code/client/Games/Skyrim/RTTI.cpp:1781
394227	rtti	GRefCountImpl	curated-verified	0x141efd6c8	0x1efd6c8	0x141e37888	addr-match		RE::RTTI_GRefCountImpl	Code/client/Games/Skyrim/RTTI.cpp:1783
394228	rtti	GRefCountImplCore	curated-verified	0x141efd6f0	0x1efd6f0	0x141e378b0	addr-match		RE::RTTI_GRefCountImplCore	Code/client/Games/Skyrim/RTTI.cpp:1785
394230	rtti	GFxFunctionHandler	curated-verified	0x141efd768	0x1efd768	0x141e37928	addr-match		RE::RTTI_GFxFunctionHandler	Code/client/Games/Skyrim/RTTI.cpp:1787
394232	rtti	FxDelegateHandler	curated-verified	0x141efd7d8	0x1efd7d8	0x141e37998	addr-match		RE::RTTI_FxDelegateHandler	Code/client/Games/Skyrim/RTTI.cpp:1789
394234	rtti	MenuEventHandler	curated-verified	0x141efd840	0x1efd840	0x141e37a00	addr-match		RE::RTTI_MenuEventHandler	Code/client/Games/Skyrim/RTTI.cpp:1791
394235	rtti	CreationClubMenu	UNMAPPED			0x141e37a28	addr-match			Code/client/Games/Skyrim/RTTI.cpp:1793
394236	rtti	IMenu	curated-verified	0x141efd890	0x1efd890	0x141e37a50	addr-match		RE::RTTI_IMenu	Code/client/Games/Skyrim/RTTI.cpp:1795
394237	rtti	MessageBoxData	curated-verified	0x141efd8b0	0x1efd8b0	0x141e37a70	addr-match		RE::RTTI_MessageBoxData	Code/client/Games/Skyrim/RTTI.cpp:1797
394238	rtti	IUIMessageData	curated-verified	0x141efd8d8	0x1efd8d8	0x141e37a98	addr-match		RE::RTTI_IUIMessageData	Code/client/Games/Skyrim/RTTI.cpp:1799
394239	rtti	IMessageBoxCallback	curated-verified	0x141efd900	0x1efd900	0x141e37ac0	addr-match		RE::RTTI_IMessageBoxCallback	Code/client/Games/Skyrim/RTTI.cpp:1801
394276	rtti	ModManagerMenu	curated-verified	0x141efd868	0x1efd868	0x141e38588	addr-match		RE::RTTI_ModManagerMenu	Code/client/Games/Skyrim/RTTI.cpp:1803
394297	rtti	KinectMenu	curated-verified	0x141efe160	0x1efe160	0x141e38bb0	addr-match		RE::RTTI_KinectMenu	Code/client/Games/Skyrim/RTTI.cpp:1805
394300	rtti	LoadWaitSpinner	curated-verified	0x141efe210	0x1efe210	0x141e38c60	addr-match		RE::RTTI_LoadWaitSpinner	Code/client/Games/Skyrim/RTTI.cpp:1807
394301	rtti	AbsorbEffect	curated-verified	0x141efe4c0	0x1efe4c0	0x141e38c88	addr-match		RE::RTTI_AbsorbEffect	Code/client/Games/Skyrim/RTTI.cpp:1809
394302	rtti	ValueModifierEffect	curated-verified	0x141efe4e8	0x1efe4e8	0x141e38cb0	addr-match		RE::RTTI_ValueModifierEffect	Code/client/Games/Skyrim/RTTI.cpp:1811
394303	rtti	ActiveEffect	curated-verified	0x141efe518	0x1efe518	0x141e38ce0	addr-match		RE::RTTI_ActiveEffect	Code/client/Games/Skyrim/RTTI.cpp:1813
394304	rtti	AccumulatingValueModifierEffect	curated-verified	0x141efe540	0x1efe540	0x141e38d08	addr-match		RE::RTTI_AccumulatingValueModifierEffect	Code/client/Games/Skyrim/RTTI.cpp:1815
394305	rtti	FindMaxMagnitudeVisitor	curated-verified	0x141efe578	0x1efe578	0x141e38d40	addr-match		RE::RTTI_FindMaxMagnitudeVisitor	Code/client/Games/Skyrim/RTTI.cpp:1817
394306	rtti	FinishActiveEffectVisitor	curated-verified	0x141efe5a8	0x1efe5a8	0x141e38d70	addr-match		RE::RTTI_FinishActiveEffectVisitor	Code/client/Games/Skyrim/RTTI.cpp:1819
394307	rtti	ActiveEffectReferenceEffectController	curated-verified	0x141efe6a0	0x1efe6a0	0x141e38da0	addr-match		RE::RTTI_ActiveEffectReferenceEffectController	Code/client/Games/Skyrim/RTTI.cpp:1821
394312	rtti	ActorMagicCaster	curated-verified	0x141efea30	0x1efea30	0x141e38ee8	addr-match		RE::RTTI_ActorMagicCaster	Code/client/Games/Skyrim/RTTI.cpp:1823
394315	rtti	MagicItemDataCollector	curated-verified	0x141efeac8	0x1efeac8	0x141e38f80	addr-match		RE::RTTI_MagicItemDataCollector	Code/client/Games/Skyrim/RTTI.cpp:1825
394319	rtti	BoundItemEffect	curated-verified	0x141efebd8	0x1efebd8	0x141e39088	addr-match		RE::RTTI_BoundItemEffect	Code/client/Games/Skyrim/RTTI.cpp:1827
394321	rtti	CloakEffect	curated-verified	0x141efec40	0x1efec40	0x141e390f0	addr-match		RE::RTTI_CloakEffect	Code/client/Games/Skyrim/RTTI.cpp:1829
394323	rtti	CommandEffect	curated-verified	0x141efeca8	0x1efeca8	0x141e39158	addr-match		RE::RTTI_CommandEffect	Code/client/Games/Skyrim/RTTI.cpp:1831
394324	rtti	CommandSummonedEffect	curated-verified	0x141efecd0	0x1efecd0	0x141e39180	addr-match		RE::RTTI_CommandSummonedEffect	Code/client/Games/Skyrim/RTTI.cpp:1833
394325	rtti	CureEffect	curated-verified	0x141efed00	0x1efed00	0x141e391b0	addr-match		RE::RTTI_CureEffect	Code/client/Games/Skyrim/RTTI.cpp:1835
394326	rtti	DarknessEffect	curated-verified	0x141efed28	0x1efed28	0x141e391d8	addr-match		RE::RTTI_DarknessEffect	Code/client/Games/Skyrim/RTTI.cpp:1837
394327	rtti	DetectLifeEffect	curated-verified	0x141efed50	0x1efed50	0x141e39200	addr-match		RE::RTTI_DetectLifeEffect	Code/client/Games/Skyrim/RTTI.cpp:1839
394328	rtti	DisarmEffect	curated-verified	0x141efed78	0x1efed78	0x141e39228	addr-match		RE::RTTI_DisarmEffect	Code/client/Games/Skyrim/RTTI.cpp:1841
394329	rtti	StaggerEffect	curated-verified	0x141efeda0	0x1efeda0	0x141e39250	addr-match		RE::RTTI_StaggerEffect	Code/client/Games/Skyrim/RTTI.cpp:1843
394330	rtti	DetectionListener	curated-verified	0x141efedc8	0x1efedc8	0x141e39278	addr-match		RE::RTTI_DetectionListener	Code/client/Games/Skyrim/RTTI.cpp:1845
394331	rtti	DisguiseEffect	curated-verified	0x141efedf0	0x1efedf0	0x141e392a0	addr-match		RE::RTTI_DisguiseEffect	Code/client/Games/Skyrim/RTTI.cpp:1847
394333	rtti	DetectionCollector	curated-verified	0x141efee50	0x1efee50	0x141e39300	addr-match		RE::RTTI_DetectionCollector	Code/client/Games/Skyrim/RTTI.cpp:1849
394334	rtti	Character	curated-verified	0x141efee80	0x1efee80	0x141e39330	addr-match		RE::RTTI_Character	Code/client/Games/Skyrim/RTTI.cpp:1851
394335	rtti	DispelEffect	curated-verified	0x141efeea0	0x1efeea0	0x141e39350	addr-match		RE::RTTI_DispelEffect	Code/client/Games/Skyrim/RTTI.cpp:1853
394337	rtti	DualValueModifierEffect	curated-verified	0x141efef18	0x1efef18	0x141e393c8	addr-match		RE::RTTI_DualValueModifierEffect	Code/client/Games/Skyrim/RTTI.cpp:1855
394338	rtti	EtherealizationEffect	curated-verified	0x141efef48	0x1efef48	0x141e393f8	addr-match		RE::RTTI_EtherealizationEffect	Code/client/Games/Skyrim/RTTI.cpp:1857
394339	rtti	GrabActorEffect	curated-verified	0x141efef78	0x1efef78	0x141e39428	addr-match		RE::RTTI_GrabActorEffect	Code/client/Games/Skyrim/RTTI.cpp:1859
394340	rtti	VampireLordEffect	curated-verified	0x141efefa0	0x1efefa0	0x141e39450	addr-match		RE::RTTI_VampireLordEffect	Code/client/Games/Skyrim/RTTI.cpp:1861
394341	rtti	ConcussionEffect	curated-verified	0x141efefc8	0x1efefc8	0x141e39478	addr-match		RE::RTTI_ConcussionEffect	Code/client/Games/Skyrim/RTTI.cpp:1863
394342	rtti	GuideEffect	curated-verified	0x141efeff0	0x1efeff0	0x141e394a0	addr-match		RE::RTTI_GuideEffect	Code/client/Games/Skyrim/RTTI.cpp:1865
394343	rtti	InvisibilityEffect	curated-verified	0x141eff018	0x1eff018	0x141e394c8	addr-match		RE::RTTI_InvisibilityEffect	Code/client/Games/Skyrim/RTTI.cpp:1867
394344	rtti	LightEffect	curated-verified	0x141eff048	0x1eff048	0x141e394f8	addr-match		RE::RTTI_LightEffect	Code/client/Games/Skyrim/RTTI.cpp:1869
394347	rtti	LockEffect	curated-verified	0x141eff0f0	0x1eff0f0	0x141e395a0	addr-match		RE::RTTI_LockEffect	Code/client/Games/Skyrim/RTTI.cpp:1871
394350	rtti	ActorTargetCheck	curated-verified	0x141eff1d0	0x1eff1d0	0x141e39638	addr-match		RE::RTTI_ActorTargetCheck	Code/client/Games/Skyrim/RTTI.cpp:1873
394352	rtti	KeywordDispelFunctor	curated-verified	0x141eff858	0x1eff858	0x141e39698	addr-match		RE::RTTI_KeywordDispelFunctor	Code/client/Games/Skyrim/RTTI.cpp:1875
394353	rtti	IsSpellTargetFunctor	curated-verified	0x141eff888	0x1eff888	0x141e396c8	addr-match		RE::RTTI_IsSpellTargetFunctor	Code/client/Games/Skyrim/RTTI.cpp:1877
394354	rtti	IsSpellTypeTargetFunctor	curated-verified	0x141eff8b8	0x1eff8b8	0x141e396f8	addr-match		RE::RTTI_IsSpellTypeTargetFunctor	Code/client/Games/Skyrim/RTTI.cpp:1879
394355	rtti	FindEffectKeywordOnTargetFunctor	curated-verified	0x141eff8e8	0x1eff8e8	0x141e39728	addr-match		RE::RTTI_FindEffectKeywordOnTargetFunctor	Code/client/Games/Skyrim/RTTI.cpp:1881
394363	rtti	FindActiveEffectByIDFunctor	curated-verified	0x141effaf8	0x1effaf8	0x141e39938	addr-match		RE::RTTI_FindActiveEffectByIDFunctor	Code/client/Games/Skyrim/RTTI.cpp:1883
394371	rtti	ModelReferenceEffect	curated-verified	0x141f00a98	0x1f00a98	0x141e39b18	addr-match		RE::RTTI_ModelReferenceEffect	Code/client/Games/Skyrim/RTTI.cpp:1885
394372	rtti	ReferenceEffect	curated-verified	0x141f00ac8	0x1f00ac8	0x141e39b48	addr-match		RE::RTTI_ReferenceEffect	Code/client/Games/Skyrim/RTTI.cpp:1887
394373	rtti	NightEyeEffect	curated-verified	0x141f00b40	0x1f00b40	0x141e39bc0	addr-match		RE::RTTI_NightEyeEffect	Code/client/Games/Skyrim/RTTI.cpp:1889
394374	rtti	ExtraMagicCaster	curated-verified	0x141f00b68	0x1f00b68	0x141e39be8	addr-match		RE::RTTI_ExtraMagicCaster	Code/client/Games/Skyrim/RTTI.cpp:1891
394375	rtti	NonActorMagicCaster	curated-verified	0x141f00b90	0x1f00b90	0x141e39c10	addr-match		RE::RTTI_NonActorMagicCaster	Code/client/Games/Skyrim/RTTI.cpp:1893
394376	rtti	OpenEffect	curated-verified	0x141f00bc0	0x1f00bc0	0x141e39c40	addr-match		RE::RTTI_OpenEffect	Code/client/Games/Skyrim/RTTI.cpp:1895
394377	rtti	ParalysisEffect	curated-verified	0x141f00be8	0x1f00be8	0x141e39c68	addr-match		RE::RTTI_ParalysisEffect	Code/client/Games/Skyrim/RTTI.cpp:1897
394378	rtti	PeakValueModifierEffect	curated-verified	0x141f00c10	0x1f00c10	0x141e39c90	addr-match		RE::RTTI_PeakValueModifierEffect	Code/client/Games/Skyrim/RTTI.cpp:1899
394379	rtti	ReanimateEffect	curated-verified	0x141f00ee0	0x1f00ee0	0x141e39cc0	addr-match		RE::RTTI_ReanimateEffect	Code/client/Games/Skyrim/RTTI.cpp:1901
394381	rtti	WeaponEnchantmentController	curated-verified	0x141f00f58	0x1f00f58	0x141e39d38	addr-match		RE::RTTI_WeaponEnchantmentController	Code/client/Games/Skyrim/RTTI.cpp:1903
394382	rtti	ScriptEffect	curated-verified	0x141f00f90	0x1f00f90	0x141e39d70	addr-match		RE::RTTI_ScriptEffect	Code/client/Games/Skyrim/RTTI.cpp:1905
394383	rtti	ScriptedRefEffect	curated-verified	0x141f00fb8	0x1f00fb8	0x141e39d98	addr-match		RE::RTTI_ScriptedRefEffect	Code/client/Games/Skyrim/RTTI.cpp:1907
394385	rtti	BSParticleShaderObjectEmitter	curated-verified	0x141f00fe0	0x1f00fe0	0x141e39dc0	addr-match		RE::RTTI_BSParticleShaderObjectEmitter	Code/client/Games/Skyrim/RTTI.cpp:1909
394386	rtti	BSParticleShaderRayEmitter	curated-verified	0x141f01018	0x1f01018	0x141e39df8	addr-match		RE::RTTI_BSParticleShaderRayEmitter	Code/client/Games/Skyrim/RTTI.cpp:1911
394387	rtti	BSParticleShaderCollisionEmitter	curated-verified	0x141f01050	0x1f01050	0x141e39e30	addr-match		RE::RTTI_BSParticleShaderCollisionEmitter	Code/client/Games/Skyrim/RTTI.cpp:1913
394388	rtti	BSParticleShaderGeometryEmitter	curated-verified	0x141f01088	0x1f01088	0x141e39e68	addr-match		RE::RTTI_BSParticleShaderGeometryEmitter	Code/client/Games/Skyrim/RTTI.cpp:1915
394391	rtti	ShaderReferenceEffect	curated-verified	0x141f01168	0x1f01168	0x141e39f48	addr-match		RE::RTTI_ShaderReferenceEffect	Code/client/Games/Skyrim/RTTI.cpp:1917
394392	rtti	SlowTimeEffect	curated-verified	0x141f011f0	0x1f011f0	0x141e39fd0	addr-match		RE::RTTI_SlowTimeEffect	Code/client/Games/Skyrim/RTTI.cpp:1919
394393	rtti	SoulTrapEffect	curated-verified	0x141f01218	0x1f01218	0x141e39ff8	addr-match		RE::RTTI_SoulTrapEffect	Code/client/Games/Skyrim/RTTI.cpp:1921
394397	rtti	SummonPlacementEffect	curated-verified	0x141f012b0	0x1f012b0	0x141e3a090	addr-match		RE::RTTI_SummonPlacementEffect	Code/client/Games/Skyrim/RTTI.cpp:1923
394398	rtti	SummonCreatureEffect	curated-verified	0x141f012e0	0x1f012e0	0x141e3a0c0	addr-match		RE::RTTI_SummonCreatureEffect	Code/client/Games/Skyrim/RTTI.cpp:1925
394399	rtti	TargetValueModifierEffect	curated-verified	0x141f01360	0x1f01360	0x141e3a140	addr-match		RE::RTTI_TargetValueModifierEffect	Code/client/Games/Skyrim/RTTI.cpp:1927
394400	rtti	RallyEffect	curated-verified	0x141f01390	0x1f01390	0x141e3a170	addr-match		RE::RTTI_RallyEffect	Code/client/Games/Skyrim/RTTI.cpp:1929
394401	rtti	DemoralizeEffect	curated-verified	0x141f013b8	0x1f013b8	0x141e3a198	addr-match		RE::RTTI_DemoralizeEffect	Code/client/Games/Skyrim/RTTI.cpp:1931
394402	rtti	TurnUndeadEffect	curated-verified	0x141f013e0	0x1f013e0	0x141e3a1c0	addr-match		RE::RTTI_TurnUndeadEffect	Code/client/Games/Skyrim/RTTI.cpp:1933
394403	rtti	BanishEffect	curated-verified	0x141f01408	0x1f01408	0x141e3a1e8	addr-match		RE::RTTI_BanishEffect	Code/client/Games/Skyrim/RTTI.cpp:1935
394404	rtti	CalmEffect	curated-verified	0x141f01430	0x1f01430	0x141e3a210	addr-match		RE::RTTI_CalmEffect	Code/client/Games/Skyrim/RTTI.cpp:1937
394405	rtti	FrenzyEffect	curated-verified	0x141f01458	0x1f01458	0x141e3a238	addr-match		RE::RTTI_FrenzyEffect	Code/client/Games/Skyrim/RTTI.cpp:1939
394406	rtti	TelekinesisEffect	curated-verified	0x141f01480	0x1f01480	0x141e3a260	addr-match		RE::RTTI_TelekinesisEffect	Code/client/Games/Skyrim/RTTI.cpp:1941
394407	rtti	ValueAndConditionsEffect	curated-verified	0x141f014a8	0x1f014a8	0x141e3a288	addr-match		RE::RTTI_ValueAndConditionsEffect	Code/client/Games/Skyrim/RTTI.cpp:1943
394408	rtti	WerewolfEffect	curated-verified	0x141f014d8	0x1f014d8	0x141e3a2b8	addr-match		RE::RTTI_WerewolfEffect	Code/client/Games/Skyrim/RTTI.cpp:1945
394409	rtti	WerewolfFeedEffect	curated-verified	0x141f01500	0x1f01500	0x141e3a2e0	addr-match		RE::RTTI_WerewolfFeedEffect	Code/client/Games/Skyrim/RTTI.cpp:1947
394422	rtti	BGSPlayerMusicChanger	curated-verified	0x141f01828	0x1f01828	0x141e3a588	addr-match		RE::RTTI_BGSPlayerMusicChanger	Code/client/Games/Skyrim/RTTI.cpp:1949
394426	rtti	MenuTopicManager	curated-verified	0x141f01a10	0x1f01a10	0x141e3a7f0	addr-match		RE::RTTI_MenuTopicManager	Code/client/Games/Skyrim/RTTI.cpp:1951
394445	rtti	BGSSaveLoadManager	curated-verified	0x141f02078	0x1f02078	0x141e3ac78	addr-match		RE::RTTI_BGSSaveLoadManager	Code/client/Games/Skyrim/RTTI.cpp:1953
394458	rtti	BGSSaveLoadStatsMap	curated-verified	0x141f02488	0x1f02488	0x141e3b058	addr-match		RE::RTTI_BGSSaveLoadStatsMap	Code/client/Games/Skyrim/RTTI.cpp:1955
394461	rtti	BGSSaveFormBuffer	curated-verified	0x141f025d0	0x1f025d0	0x141e3b1a0	addr-match		RE::RTTI_BGSSaveFormBuffer	Code/client/Games/Skyrim/RTTI.cpp:1957
394462	rtti	BGSSaveGameBuffer	curated-verified	0x141f025f8	0x1f025f8	0x141e3b1c8	addr-match		RE::RTTI_BGSSaveGameBuffer	Code/client/Games/Skyrim/RTTI.cpp:1959
394463	rtti	SaveStorageWrapper	curated-verified	0x141f02620	0x1f02620	0x141e3b1f0	addr-match		RE::RTTI_SaveStorageWrapper	Code/client/Games/Skyrim/RTTI.cpp:1961
394464	rtti	LoadStorageWrapper	curated-verified	0x141f02650	0x1f02650	0x141e3b220	addr-match		RE::RTTI_LoadStorageWrapper	Code/client/Games/Skyrim/RTTI.cpp:1963
394473	rtti	BGSMoviePlayer	curated-verified	0x141f029d8	0x1f029d8	0x141e3b5a8	addr-match		RE::RTTI_BGSMoviePlayer	Code/client/Games/Skyrim/RTTI.cpp:1965
394474	rtti	MoviePlayer	curated-verified	0x141f02a00	0x1f02a00	0x141e3b5d0	addr-match		RE::RTTI_MoviePlayer	Code/client/Games/Skyrim/RTTI.cpp:1967
394478	rtti	IExplosionFactory	curated-verified	0x141f02a88	0x1f02a88	0x141e3b658	addr-match		RE::RTTI_IExplosionFactory	Code/client/Games/Skyrim/RTTI.cpp:1969
394480	rtti	Projectile	curated-verified	0x141f02a60	0x1f02a60	0x141e3b630	addr-match		RE::RTTI_Projectile	Code/client/Games/Skyrim/RTTI.cpp:1971
394481	rtti	ChainExplosion	curated-verified	0x141f02ab0	0x1f02ab0	0x141e3b680	addr-match		RE::RTTI_ChainExplosion	Code/client/Games/Skyrim/RTTI.cpp:1973
394482	rtti	Explosion	curated-verified	0x141f02ad8	0x1f02ad8	0x141e3b6a8	addr-match		RE::RTTI_Explosion	Code/client/Games/Skyrim/RTTI.cpp:1975
394485	rtti	EnhanceWeaponEffect	curated-verified	0x141f02bd0	0x1f02bd0	0x141e3b7a0	addr-match		RE::RTTI_EnhanceWeaponEffect	Code/client/Games/Skyrim/RTTI.cpp:1977
394486	rtti	GarbageCollector	curated-verified	0x141f02c00	0x1f02c00	0x141e3b7d0	addr-match		RE::RTTI_GarbageCollector	Code/client/Games/Skyrim/RTTI.cpp:1979
394498	rtti	MovementAvoidBoxEventAdapter	curated-verified	0x141f03a48	0x1f03a48	0x141e3c5f8	addr-match		RE::RTTI_MovementAvoidBoxEventAdapter	Code/client/Games/Skyrim/RTTI.cpp:1981
394499	rtti	PathManagerPositionPlayerAdapter	curated-verified	0x141f03a80	0x1f03a80	0x141e3c630	addr-match		RE::RTTI_PathManagerPositionPlayerAdapter	Code/client/Games/Skyrim/RTTI.cpp:1983
394500	rtti	CharacterCollisionMessagePlayerAdapter	curated-verified	0x141f03ab8	0x1f03ab8	0x141e3c668	addr-match		RE::RTTI_CharacterCollisionMessagePlayerAdapter	Code/client/Games/Skyrim/RTTI.cpp:1985
394501	rtti	PlayerSleepWaitMovementControllerAdapter	curated-verified	0x141f03af8	0x1f03af8	0x141e3c6a8	addr-match		RE::RTTI_PlayerSleepWaitMovementControllerAdapter	Code/client/Games/Skyrim/RTTI.cpp:1987
394504	rtti	DoorObstacleAdapter	curated-verified	0x141f03c18	0x1f03c18	0x141e3c7c8	addr-match		RE::RTTI_DoorObstacleAdapter	Code/client/Games/Skyrim/RTTI.cpp:1989
394505	rtti	SystemEventAdapter	curated-verified	0x141f03c48	0x1f03c48	0x141e3c7f8	addr-match		RE::RTTI_SystemEventAdapter	Code/client/Games/Skyrim/RTTI.cpp:1991
394509	rtti	Main	curated-verified	0x141f02ec0	0x1f02ec0	0x141e3ba70	addr-match		RE::RTTI_Main	Code/client/Games/Skyrim/RTTI.cpp:1993
394510	rtti	bhkTelekinesisListener	curated-verified	0x141f02f18	0x1f02f18	0x141e3bac8	addr-match		RE::RTTI_bhkTelekinesisListener	Code/client/Games/Skyrim/RTTI.cpp:1995
394515	rtti	MagicFavorites	curated-verified	0x141f03130	0x1f03130	0x141e3bce0	addr-match		RE::RTTI_MagicFavorites	Code/client/Games/Skyrim/RTTI.cpp:1997
394521	rtti	RegSettingCollection	curated-verified	0x141f03480	0x1f03480	0x141e3c030	addr-match		RE::RTTI_RegSettingCollection	Code/client/Games/Skyrim/RTTI.cpp:1999
394522	rtti	BGSImpactManager	curated-verified	0x141f034f0	0x1f034f0	0x141e3c0a0	addr-match		RE::RTTI_BGSImpactManager	Code/client/Games/Skyrim/RTTI.cpp:2001
394537	rtti	InitTESThread	curated-verified	0x141f03c78	0x1f03c78	0x141e3c828	addr-match		RE::RTTI_InitTESThread	Code/client/Games/Skyrim/RTTI.cpp:2003
394538	rtti	DetectSignOut	curated-verified	0x141f03cd0	0x1f03cd0	0x141e3c850	addr-match		RE::RTTI_DetectSignOut	Code/client/Games/Skyrim/RTTI.cpp:2005
394539	rtti	IMemoryManagerFileFactory	curated-verified	0x141f03d78	0x1f03d78	0x141e3c8a8	addr-match		RE::RTTI_IMemoryManagerFileFactory	Code/client/Games/Skyrim/RTTI.cpp:2007
394542	rtti	IMemoryManagerFile	curated-verified	0x141f03d48	0x1f03d48	0x141e3c878	addr-match		RE::RTTI_IMemoryManagerFile	Code/client/Games/Skyrim/RTTI.cpp:2009
394543	rtti	MemoryManagerFile	curated-verified	0x141f03e00	0x1f03e00	0x141e3c930	addr-match		RE::RTTI_MemoryManagerFile	Code/client/Games/Skyrim/RTTI.cpp:2011
394546	rtti	SceneGraph	curated-verified	0x141f03f08	0x1f03f08	0x141e3ca38	addr-match		RE::RTTI_SceneGraph	Code/client/Games/Skyrim/RTTI.cpp:2013
394547	rtti	BSSceneGraph	curated-verified	0x141f03f30	0x1f03f30	0x141e3ca60	addr-match		RE::RTTI_BSSceneGraph	Code/client/Games/Skyrim/RTTI.cpp:2015
394548	rtti	SpawnHazardEffect	curated-verified	0x141f03f58	0x1f03f58	0x141e3ca88	addr-match		RE::RTTI_SpawnHazardEffect	Code/client/Games/Skyrim/RTTI.cpp:2017
394549	rtti	BSUIMessageData	curated-verified	0x141f03f80	0x1f03f80	0x141e3cab0	addr-match		RE::RTTI_BSUIMessageData	Code/client/Games/Skyrim/RTTI.cpp:2019
394634	rtti	hkpWorldPostSimulationListener	curated-verified	0x141f05858	0x1f05858	0x141e3e388	addr-match		RE::RTTI_hkpWorldPostSimulationListener	Code/client/Games/Skyrim/RTTI.cpp:2021
394638	rtti	IPostAnimationChannelUpdateFunctor	curated-verified	0x141f056c8	0x1f056c8	0x141e3e1f8	addr-match		RE::RTTI_IPostAnimationChannelUpdateFunctor	Code/client/Games/Skyrim/RTTI.cpp:2023
394641	rtti	IAnimationSetCallbackFunctor	curated-verified	0x141f05798	0x1f05798	0x141e3e2c8	addr-match		RE::RTTI_IAnimationSetCallbackFunctor	Code/client/Games/Skyrim/RTTI.cpp:2025
394642	rtti	FleePackage	curated-verified	0x141f057d0	0x1f057d0	0x141e3e300	addr-match		RE::RTTI_FleePackage	Code/client/Games/Skyrim/RTTI.cpp:2027
394643	rtti	ActorState	curated-verified	0x141f057f8	0x1f057f8	0x141e3e328	addr-match		RE::RTTI_ActorState	Code/client/Games/Skyrim/RTTI.cpp:2029
394672	rtti	ProcessCallbackAdapter	curated-verified	0x141f06050	0x1f06050	0x141e3eb80	addr-match		RE::RTTI_ProcessCallbackAdapter	Code/client/Games/Skyrim/RTTI.cpp:2031
394674	rtti	SaveLoadMagicCasterVisitor	curated-verified	0x141f06128	0x1f06128	0x141e3ec58	addr-match		RE::RTTI_SaveLoadMagicCasterVisitor	Code/client/Games/Skyrim/RTTI.cpp:2033
394675	rtti	SaveGameMagicCasterVisitor	curated-verified	0x141f06160	0x1f06160	0x141e3ec90	addr-match		RE::RTTI_SaveGameMagicCasterVisitor	Code/client/Games/Skyrim/RTTI.cpp:2035
394676	rtti	LoadGameMagicCasterVisitor	curated-verified	0x141f06198	0x1f06198	0x141e3ecc8	addr-match		RE::RTTI_LoadGameMagicCasterVisitor	Code/client/Games/Skyrim/RTTI.cpp:2037
394677	rtti	RevertSelectedSpellFunctor	curated-verified	0x141f061d0	0x1f061d0	0x141e3ed00	addr-match		RE::RTTI_RevertSelectedSpellFunctor	Code/client/Games/Skyrim/RTTI.cpp:2039
394695	rtti	HoldWardSpellsActiveEffectVisitor	curated-verified	0x141f06970	0x1f06970	0x141e3f4a0	addr-match		RE::RTTI_HoldWardSpellsActiveEffectVisitor	Code/client/Games/Skyrim/RTTI.cpp:2041
394696	rtti	hkpAllCdBodyPairCollector	curated-verified	0x141f069a8	0x1f069a8	0x141e3f4d8	addr-match		RE::RTTI_hkpAllCdBodyPairCollector	Code/client/Games/Skyrim/RTTI.cpp:2043
394697	rtti	bhkFilteredCdBodyCollector	curated-verified	0x141f069d8	0x1f069d8	0x141e3f508	addr-match		RE::RTTI_bhkFilteredCdBodyCollector	Code/client/Games/Skyrim/RTTI.cpp:2045
394703	rtti	HasSpellVisitor	curated-verified	0x141f06b48	0x1f06b48	0x141e3f678	addr-match		RE::RTTI_HasSpellVisitor	Code/client/Games/Skyrim/RTTI.cpp:2047
394704	rtti	SumHostileEffectsFunctor	curated-verified	0x141f06b70	0x1f06b70	0x141e3f6a0	addr-match		RE::RTTI_SumHostileEffectsFunctor	Code/client/Games/Skyrim/RTTI.cpp:2049
394709	rtti	ActorMediator	curated-verified	0x141f06c98	0x1f06c98	0x141e3f7c8	addr-match		RE::RTTI_ActorMediator	Code/client/Games/Skyrim/RTTI.cpp:2051
394714	rtti	AlarmPackage	curated-verified	0x141f06e68	0x1f06e68	0x141e3f998	addr-match		RE::RTTI_AlarmPackage	Code/client/Games/Skyrim/RTTI.cpp:2053
394715	rtti	BGSVisitProceduresProcess	curated-verified	0x141f06e90	0x1f06e90	0x141e3f9c0	addr-match		RE::RTTI_BGSVisitProceduresProcess	Code/client/Games/Skyrim/RTTI.cpp:2055
394716	rtti	BGSVisitProceduresInitActorAnimPose	curated-verified	0x141f06ec0	0x1f06ec0	0x141e3f9f0	addr-match		RE::RTTI_BGSVisitProceduresInitActorAnimPose	Code/client/Games/Skyrim/RTTI.cpp:2057
394719	rtti	InstantInteractionCallback	curated-verified	0x141f06f00	0x1f06f00	0x141e3fa30	addr-match		RE::RTTI_InstantInteractionCallback	Code/client/Games/Skyrim/RTTI.cpp:2059
394720	rtti	RunActionAnimationLoadedCallback	curated-verified	0x141f06f78	0x1f06f78	0x141e3faa8	addr-match		RE::RTTI_RunActionAnimationLoadedCallback	Code/client/Games/Skyrim/RTTI.cpp:2061
394725	rtti	WeaponAnimationLoadedCallback	curated-verified	0x141f07170	0x1f07170	0x141e3fc20	addr-match		RE::RTTI_WeaponAnimationLoadedCallback	Code/client/Games/Skyrim/RTTI.cpp:2063
394727	rtti	BSDoorHavokController	curated-verified	0x141f07330	0x1f07330	0x141e3fc98	addr-match		RE::RTTI_BSDoorHavokController	Code/client/Games/Skyrim/RTTI.cpp:2065
394728	rtti	BSPlayerDistanceCheckController	curated-verified	0x141f07360	0x1f07360	0x141e3fcc8	addr-match		RE::RTTI_BSPlayerDistanceCheckController	Code/client/Games/Skyrim/RTTI.cpp:2067
394729	rtti	BSSimpleScaleController	curated-verified	0x141f07398	0x1f07398	0x141e3fd00	addr-match		RE::RTTI_BSSimpleScaleController	Code/client/Games/Skyrim/RTTI.cpp:2069
394733	rtti	HighActorCuller	curated-verified	0x141f07480	0x1f07480	0x141e3fde8	addr-match		RE::RTTI_HighActorCuller	Code/client/Games/Skyrim/RTTI.cpp:2071
394738	rtti	MountInteraction	curated-verified	0x141f074a8	0x1f074a8	0x141e3fe10	addr-match		RE::RTTI_MountInteraction	Code/client/Games/Skyrim/RTTI.cpp:2073
394739	rtti	RefrInteraction	curated-verified	0x141f074d0	0x1f074d0	0x141e3fe38	addr-match		RE::RTTI_RefrInteraction	Code/client/Games/Skyrim/RTTI.cpp:2075
394740	rtti	SyncQueueObj	curated-verified	0x141f074f8	0x1f074f8	0x141e3fe60	addr-match		RE::RTTI_SyncQueueObj	Code/client/Games/Skyrim/RTTI.cpp:2077
394744	rtti	bhkMouseSpringAction	curated-verified	0x141f07840	0x1f07840	0x141e40130	addr-match		RE::RTTI_bhkMouseSpringAction	Code/client/Games/Skyrim/RTTI.cpp:2079
394747	rtti	PlayerCharacter	curated-verified	0x141f07958	0x1f07958	0x141e401d8	addr-match		RE::RTTI_PlayerCharacter	Code/client/Games/Skyrim/RTTI.cpp:2081
394755	rtti	hkpFirstCdBodyPairCollector	curated-verified	0x141f07b38	0x1f07b38	0x141e403b8	addr-match		RE::RTTI_hkpFirstCdBodyPairCollector	Code/client/Games/Skyrim/RTTI.cpp:2083
394759	rtti	PlayerRegionState	curated-verified	0x141f07e98	0x1f07e98	0x141e404b8	addr-match		RE::RTTI_PlayerRegionState	Code/client/Games/Skyrim/RTTI.cpp:2085
394764	rtti	IMovementFormIDManager	curated-verified	0x141f08080	0x1f08080	0x141e406a0	addr-match		RE::RTTI_IMovementFormIDManager	Code/client/Games/Skyrim/RTTI.cpp:2087
394766	rtti	ProcessListMovementInterface	curated-verified	0x141f080f8	0x1f080f8	0x141e40718	addr-match		RE::RTTI_ProcessListMovementInterface	Code/client/Games/Skyrim/RTTI.cpp:2089
394768	rtti	MovementParametersFixed	curated-verified	0x141f08198	0x1f08198	0x141e407b8	addr-match		RE::RTTI_MovementParametersFixed	Code/client/Games/Skyrim/RTTI.cpp:2091
394778	rtti	ActorMover	curated-verified	0x141f08170	0x1f08170	0x141e40790	addr-match		RE::RTTI_ActorMover	Code/client/Games/Skyrim/RTTI.cpp:2093
394779	rtti	bhkCharacterCollisionHandler	curated-verified	0x141f08660	0x1f08660	0x141e40c80	addr-match		RE::RTTI_bhkCharacterCollisionHandler	Code/client/Games/Skyrim/RTTI.cpp:2095
394781	rtti	CharacterCollisionHandler	curated-verified	0x141f086f0	0x1f086f0	0x141e40d10	addr-match		RE::RTTI_CharacterCollisionHandler	Code/client/Games/Skyrim/RTTI.cpp:2097
394786	rtti	IMovementAvoidanceManager	curated-verified	0x141f08918	0x1f08918	0x141e40f38	addr-match		RE::RTTI_IMovementAvoidanceManager	Code/client/Games/Skyrim/RTTI.cpp:2099
394788	rtti	MovementAvoidanceManager	curated-verified	0x141f089a0	0x1f089a0	0x141e40fc0	addr-match		RE::RTTI_MovementAvoidanceManager	Code/client/Games/Skyrim/RTTI.cpp:2101
394793	rtti	MovementControllerNPC	curated-verified	0x141f08bb8	0x1f08bb8	0x141e411d8	addr-match		RE::RTTI_MovementControllerNPC	Code/client/Games/Skyrim/RTTI.cpp:2103
394794	rtti	MovementControllerAI	curated-verified	0x141f08be8	0x1f08be8	0x141e41208	addr-match		RE::RTTI_MovementControllerAI	Code/client/Games/Skyrim/RTTI.cpp:2105
394795	rtti	IMovementControllerRegisterInterface	curated-verified	0x141f08c18	0x1f08c18	0x141e41238	addr-match		RE::RTTI_IMovementControllerRegisterInterface	Code/client/Games/Skyrim/RTTI.cpp:2107
394796	rtti	IMovementMessageInterface	curated-verified	0x141f08c58	0x1f08c58	0x141e41278	addr-match		RE::RTTI_IMovementMessageInterface	Code/client/Games/Skyrim/RTTI.cpp:2109
394797	rtti	IMovementMotionDrivenControl	curated-verified	0x141f08c88	0x1f08c88	0x141e412a8	addr-match		RE::RTTI_IMovementMotionDrivenControl	Code/client/Games/Skyrim/RTTI.cpp:2111
394798	rtti	IMovementSelectIdle	curated-verified	0x141f08cc0	0x1f08cc0	0x141e412e0	addr-match		RE::RTTI_IMovementSelectIdle	Code/client/Games/Skyrim/RTTI.cpp:2113
394799	rtti	IMovementDirectControl	curated-verified	0x141f08cf0	0x1f08cf0	0x141e41310	addr-match		RE::RTTI_IMovementDirectControl	Code/client/Games/Skyrim/RTTI.cpp:2115
394800	rtti	IMovementPlannerDirectControl	curated-verified	0x141f08d20	0x1f08d20	0x141e41340	addr-match		RE::RTTI_IMovementPlannerDirectControl	Code/client/Games/Skyrim/RTTI.cpp:2117
394801	rtti	BSPathingStreamWrite	curated-verified	0x141f08d58	0x1f08d58	0x141e41378	addr-match		RE::RTTI_BSPathingStreamWrite	Code/client/Games/Skyrim/RTTI.cpp:2119
394803	rtti	BSPathingStreamSimpleBufferWrite	curated-verified	0x141f08de8	0x1f08de8	0x141e41408	addr-match		RE::RTTI_BSPathingStreamSimpleBufferWrite	Code/client/Games/Skyrim/RTTI.cpp:2121
394813	rtti	MovementHandlerAgentDirectControl	curated-verified	0x141f08f68	0x1f08f68	0x141e41588	addr-match		RE::RTTI_MovementHandlerAgentDirectControl	Code/client/Games/Skyrim/RTTI.cpp:2123
394814	rtti	MovementHandlerAgent	curated-verified	0x141f08fa0	0x1f08fa0	0x141e415c0	addr-match		RE::RTTI_MovementHandlerAgent	Code/client/Games/Skyrim/RTTI.cpp:2125
394815	rtti	MovementAgent	curated-verified	0x141f08fd0	0x1f08fd0	0x141e415f0	addr-match		RE::RTTI_MovementAgent	Code/client/Games/Skyrim/RTTI.cpp:2127
394822	rtti	MovementHandlerAgentPlayerControls	curated-verified	0x141f092c0	0x1f092c0	0x141e418e0	addr-match		RE::RTTI_MovementHandlerAgentPlayerControls	Code/client/Games/Skyrim/RTTI.cpp:2129
394827	rtti	MovementHandlerAgentPlayerControlsActionTrigger	curated-verified	0x141f09520	0x1f09520	0x141e41b40	addr-match		RE::RTTI_MovementHandlerAgentPlayerControlsActionTrigger	Code/client/Games/Skyrim/RTTI.cpp:2131
394832	rtti	IMovementSetSprinting	curated-verified	0x141f097d0	0x1f097d0	0x141e41df0	addr-match		RE::RTTI_IMovementSetSprinting	Code/client/Games/Skyrim/RTTI.cpp:2133
394833	rtti	MovementHandlerAgentSprintActionTrigger	curated-verified	0x141f09800	0x1f09800	0x141e41e20	addr-match		RE::RTTI_MovementHandlerAgentSprintActionTrigger	Code/client/Games/Skyrim/RTTI.cpp:2135
394838	rtti	MovementHandlerAgentStairsHelper	curated-verified	0x141f09a78	0x1f09a78	0x141e42098	addr-match		RE::RTTI_MovementHandlerAgentStairsHelper	Code/client/Games/Skyrim/RTTI.cpp:2137
394844	rtti	MovementMessage	curated-verified	0x141f09cd0	0x1f09cd0	0x141e422f0	addr-match		RE::RTTI_MovementMessage	Code/client/Games/Skyrim/RTTI.cpp:2139
394845	rtti	MovementMessageActorCollision	curated-verified	0x141f09cf8	0x1f09cf8	0x141e42318	addr-match		RE::RTTI_MovementMessageActorCollision	Code/client/Games/Skyrim/RTTI.cpp:2141
394850	rtti	MovementMessageMovementTypeChange	curated-verified	0x141f09fb0	0x1f09fb0	0x141e425d0	addr-match		RE::RTTI_MovementMessageMovementTypeChange	Code/client/Games/Skyrim/RTTI.cpp:2143
394855	rtti	MovementPlannerAgentDirectControl	curated-verified	0x141f0a258	0x1f0a258	0x141e42878	addr-match		RE::RTTI_MovementPlannerAgentDirectControl	Code/client/Games/Skyrim/RTTI.cpp:2145
394856	rtti	MovementPlannerAgent	curated-verified	0x141f0a290	0x1f0a290	0x141e428b0	addr-match		RE::RTTI_MovementPlannerAgent	Code/client/Games/Skyrim/RTTI.cpp:2147
394862	rtti	MovementPlannerAgentHorseControls	curated-verified	0x141f0a510	0x1f0a510	0x141e42b30	addr-match		RE::RTTI_MovementPlannerAgentHorseControls	Code/client/Games/Skyrim/RTTI.cpp:2149
394868	rtti	MovementPlannerAgentKeepOffset	curated-verified	0x141f0a7a8	0x1f0a7a8	0x141e42dc8	addr-match		RE::RTTI_MovementPlannerAgentKeepOffset	Code/client/Games/Skyrim/RTTI.cpp:2151
394874	rtti	MovementPlannerAgentWarp	curated-verified	0x141f0aa18	0x1f0aa18	0x141e43038	addr-match		RE::RTTI_MovementPlannerAgentWarp	Code/client/Games/Skyrim/RTTI.cpp:2153
394879	rtti	MovementTweenerAgentAnimationDriven	curated-verified	0x141f0ac58	0x1f0ac58	0x141e43278	addr-match		RE::RTTI_MovementTweenerAgentAnimationDriven	Code/client/Games/Skyrim/RTTI.cpp:2155
394880	rtti	MovementTweenerAgent	curated-verified	0x141f0ac98	0x1f0ac98	0x141e432b8	addr-match		RE::RTTI_MovementTweenerAgent	Code/client/Games/Skyrim/RTTI.cpp:2157
394886	rtti	ITweenerNodeFollowerSetup	curated-verified	0x141f0af28	0x1f0af28	0x141e43548	addr-match		RE::RTTI_ITweenerNodeFollowerSetup	Code/client/Games/Skyrim/RTTI.cpp:2159
394887	rtti	MovementTweenerAgentNodeFollower	curated-verified	0x141f0af58	0x1f0af58	0x141e43578	addr-match		RE::RTTI_MovementTweenerAgentNodeFollower	Code/client/Games/Skyrim/RTTI.cpp:2161
394888	rtti	PathingStreamLoadGame	curated-verified	0x141f0b1b0	0x1f0b1b0	0x141e437d0	addr-match		RE::RTTI_PathingStreamLoadGame	Code/client/Games/Skyrim/RTTI.cpp:2163
394889	rtti	PathingStreamSaveGame	curated-verified	0x141f0b1e0	0x1f0b1e0	0x141e43800	addr-match		RE::RTTI_PathingStreamSaveGame	Code/client/Games/Skyrim/RTTI.cpp:2165
394890	rtti	InputEvent	curated-verified	0x141f0b210	0x1f0b210	0x141e43830	addr-match		RE::RTTI_InputEvent	Code/client/Games/Skyrim/RTTI.cpp:2167
394891	rtti	ButtonEvent	curated-verified	0x141f0b280	0x1f0b280	0x141e43858	addr-match		RE::RTTI_ButtonEvent	Code/client/Games/Skyrim/RTTI.cpp:2169
394892	rtti	IDEvent	curated-verified	0x141f0b238	0x1f0b238	0x141e43880	addr-match		RE::RTTI_IDEvent	Code/client/Games/Skyrim/RTTI.cpp:2171
394893	rtti	HeldStateHandler	curated-verified	0x141f0b2a8	0x1f0b2a8	0x141e438a0	addr-match		RE::RTTI_HeldStateHandler	Code/client/Games/Skyrim/RTTI.cpp:2173
394894	rtti	PlayerControls	curated-verified	0x141f0b2d0	0x1f0b2d0	0x141e438c8	addr-match		RE::RTTI_PlayerControls	Code/client/Games/Skyrim/RTTI.cpp:2175
394913	rtti	IStaticAvoidNodeManager	curated-verified	0x141f0b780	0x1f0b780	0x141e43cf0	addr-match		RE::RTTI_IStaticAvoidNodeManager	Code/client/Games/Skyrim/RTTI.cpp:2177
394915	rtti	StaticAvoidNodeManager	curated-verified	0x141f0b7f8	0x1f0b7f8	0x141e43d68	addr-match		RE::RTTI_StaticAvoidNodeManager	Code/client/Games/Skyrim/RTTI.cpp:2179
394920	rtti	CustomActorPackageData	curated-verified	0x141f0ba10	0x1f0ba10	0x141e43f80	addr-match		RE::RTTI_CustomActorPackageData	Code/client/Games/Skyrim/RTTI.cpp:2181
394921	rtti	EscortActorPackageData	curated-verified	0x141f0ba40	0x1f0ba40	0x141e43fb0	addr-match		RE::RTTI_EscortActorPackageData	Code/client/Games/Skyrim/RTTI.cpp:2183
394922	rtti	GuardActorPackageData	curated-verified	0x141f0ba70	0x1f0ba70	0x141e43fe0	addr-match		RE::RTTI_GuardActorPackageData	Code/client/Games/Skyrim/RTTI.cpp:2185
394923	rtti	GuardPackageData	curated-verified	0x141f0baa0	0x1f0baa0	0x141e44010	addr-match		RE::RTTI_GuardPackageData	Code/client/Games/Skyrim/RTTI.cpp:2187
394924	rtti	PatrolActorPackageData	curated-verified	0x141f0bac8	0x1f0bac8	0x141e44038	addr-match		RE::RTTI_PatrolActorPackageData	Code/client/Games/Skyrim/RTTI.cpp:2189
394925	rtti	SandBoxActorPackageData	curated-verified	0x141f0baf8	0x1f0baf8	0x141e44068	addr-match		RE::RTTI_SandBoxActorPackageData	Code/client/Games/Skyrim/RTTI.cpp:2191
394926	rtti	SpectatorPackage	curated-verified	0x141f0bb28	0x1f0bb28	0x141e44098	addr-match		RE::RTTI_SpectatorPackage	Code/client/Games/Skyrim/RTTI.cpp:2193
394927	rtti	TrespassPackage	curated-verified	0x141f0bb50	0x1f0bb50	0x141e440c0	addr-match		RE::RTTI_TrespassPackage	Code/client/Games/Skyrim/RTTI.cpp:2195
394928	rtti	ActorKnowledge	curated-verified	0x141f0bb78	0x1f0bb78	0x141e440e8	addr-match		RE::RTTI_ActorKnowledge	Code/client/Games/Skyrim/RTTI.cpp:2197
394929	rtti	DetectionState	curated-verified	0x141f0bba0	0x1f0bba0	0x141e44110	addr-match		RE::RTTI_DetectionState	Code/client/Games/Skyrim/RTTI.cpp:2199
394933	rtti	WeaponRightSwingHandler	curated-verified	0x141f0bcc8	0x1f0bcc8	0x141e44238	addr-match		RE::RTTI_WeaponRightSwingHandler	Code/client/Games/Skyrim/RTTI.cpp:2201
394934	rtti	WeaponLeftSwingHandler	curated-verified	0x141f0bcf8	0x1f0bcf8	0x141e44268	addr-match		RE::RTTI_WeaponLeftSwingHandler	Code/client/Games/Skyrim/RTTI.cpp:2203
394935	rtti	AttackWinStartHandler	curated-verified	0x141f0bd28	0x1f0bd28	0x141e44298	addr-match		RE::RTTI_AttackWinStartHandler	Code/client/Games/Skyrim/RTTI.cpp:2205
394936	rtti	AttackWinEndHandler	curated-verified	0x141f0bd58	0x1f0bd58	0x141e442c8	addr-match		RE::RTTI_AttackWinEndHandler	Code/client/Games/Skyrim/RTTI.cpp:2207
394937	rtti	AttackStopHandler	curated-verified	0x141f0bd88	0x1f0bd88	0x141e442f8	addr-match		RE::RTTI_AttackStopHandler	Code/client/Games/Skyrim/RTTI.cpp:2209
394938	rtti	RecoilStopHandler	curated-verified	0x141f0bdb0	0x1f0bdb0	0x141e44320	addr-match		RE::RTTI_RecoilStopHandler	Code/client/Games/Skyrim/RTTI.cpp:2211
394939	rtti	LeftHandSpellFireHandler	curated-verified	0x141f0bdd8	0x1f0bdd8	0x141e44348	addr-match		RE::RTTI_LeftHandSpellFireHandler	Code/client/Games/Skyrim/RTTI.cpp:2213
394940	rtti	RightHandSpellFireHandler	curated-verified	0x141f0be08	0x1f0be08	0x141e44378	addr-match		RE::RTTI_RightHandSpellFireHandler	Code/client/Games/Skyrim/RTTI.cpp:2215
394941	rtti	VoiceSpellFireHandler	curated-verified	0x141f0be38	0x1f0be38	0x141e443a8	addr-match		RE::RTTI_VoiceSpellFireHandler	Code/client/Games/Skyrim/RTTI.cpp:2217
394942	rtti	LeftHandSpellCastHandler	curated-verified	0x141f0be68	0x1f0be68	0x141e443d8	addr-match		RE::RTTI_LeftHandSpellCastHandler	Code/client/Games/Skyrim/RTTI.cpp:2219
394943	rtti	RightHandSpellCastHandler	curated-verified	0x141f0be98	0x1f0be98	0x141e44408	addr-match		RE::RTTI_RightHandSpellCastHandler	Code/client/Games/Skyrim/RTTI.cpp:2221
394944	rtti	VoiceSpellCastHandler	curated-verified	0x141f0bec8	0x1f0bec8	0x141e44438	addr-match		RE::RTTI_VoiceSpellCastHandler	Code/client/Games/Skyrim/RTTI.cpp:2223
394945	rtti	WeaponBeginDrawRightHandler	curated-verified	0x141f0bef8	0x1f0bef8	0x141e44468	addr-match		RE::RTTI_WeaponBeginDrawRightHandler	Code/client/Games/Skyrim/RTTI.cpp:2225
394946	rtti	WeaponBeginSheatheRightHandler	curated-verified	0x141f0bf30	0x1f0bf30	0x141e444a0	addr-match		RE::RTTI_WeaponBeginSheatheRightHandler	Code/client/Games/Skyrim/RTTI.cpp:2227
394947	rtti	RightHandWeaponDrawHandler	curated-verified	0x141f0bf68	0x1f0bf68	0x141e444d8	addr-match		RE::RTTI_RightHandWeaponDrawHandler	Code/client/Games/Skyrim/RTTI.cpp:2229
394948	rtti	RightHandWeaponSheatheHandler	curated-verified	0x141f0bfa0	0x1f0bfa0	0x141e44510	addr-match		RE::RTTI_RightHandWeaponSheatheHandler	Code/client/Games/Skyrim/RTTI.cpp:2231
394949	rtti	CameraOverrideStartHandler	curated-verified	0x141f0bfd8	0x1f0bfd8	0x141e44548	addr-match		RE::RTTI_CameraOverrideStartHandler	Code/client/Games/Skyrim/RTTI.cpp:2233
394950	rtti	CameraOverrideStopHandler	curated-verified	0x141f0c010	0x1f0c010	0x141e44580	addr-match		RE::RTTI_CameraOverrideStopHandler	Code/client/Games/Skyrim/RTTI.cpp:2235
394951	rtti	HitFrameHandler	curated-verified	0x141f0c040	0x1f0c040	0x141e445b0	addr-match		RE::RTTI_HitFrameHandler	Code/client/Games/Skyrim/RTTI.cpp:2237
394952	rtti	AnticipateAttackHandler	curated-verified	0x141f0c068	0x1f0c068	0x141e445d8	addr-match		RE::RTTI_AnticipateAttackHandler	Code/client/Games/Skyrim/RTTI.cpp:2239
394953	rtti	StaggeredStopHandler	curated-verified	0x141f0c098	0x1f0c098	0x141e44608	addr-match		RE::RTTI_StaggeredStopHandler	Code/client/Games/Skyrim/RTTI.cpp:2241
394954	rtti	ChairEnterHandler	curated-verified	0x141f0c0c8	0x1f0c0c8	0x141e44638	addr-match		RE::RTTI_ChairEnterHandler	Code/client/Games/Skyrim/RTTI.cpp:2243
394955	rtti	PlayerChairEnterHandler	curated-verified	0x141f0c0f0	0x1f0c0f0	0x141e44660	addr-match		RE::RTTI_PlayerChairEnterHandler	Code/client/Games/Skyrim/RTTI.cpp:2245
394956	rtti	BedEnterHandler	curated-verified	0x141f0c120	0x1f0c120	0x141e44690	addr-match		RE::RTTI_BedEnterHandler	Code/client/Games/Skyrim/RTTI.cpp:2247
394957	rtti	PlayerBedEnterHandler	curated-verified	0x141f0c148	0x1f0c148	0x141e446b8	addr-match		RE::RTTI_PlayerBedEnterHandler	Code/client/Games/Skyrim/RTTI.cpp:2249
394958	rtti	ChairFurnitureExitHandler	curated-verified	0x141f0c178	0x1f0c178	0x141e446e8	addr-match		RE::RTTI_ChairFurnitureExitHandler	Code/client/Games/Skyrim/RTTI.cpp:2251
394959	rtti	BedFurnitureExitHandler	curated-verified	0x141f0c1a8	0x1f0c1a8	0x141e44718	addr-match		RE::RTTI_BedFurnitureExitHandler	Code/client/Games/Skyrim/RTTI.cpp:2253
394960	rtti	PlayerFurnitureExitHandler	curated-verified	0x141f0c1d8	0x1f0c1d8	0x141e44748	addr-match		RE::RTTI_PlayerFurnitureExitHandler	Code/client/Games/Skyrim/RTTI.cpp:2255
394961	rtti	KillActorHandler	curated-verified	0x141f0c210	0x1f0c210	0x141e44780	addr-match		RE::RTTI_KillActorHandler	Code/client/Games/Skyrim/RTTI.cpp:2257
394962	rtti	DecapitateHandler	curated-verified	0x141f0c238	0x1f0c238	0x141e447a8	addr-match		RE::RTTI_DecapitateHandler	Code/client/Games/Skyrim/RTTI.cpp:2259
394963	rtti	HeadTrackingOnHandler	curated-verified	0x141f0c260	0x1f0c260	0x141e447d0	addr-match		RE::RTTI_HeadTrackingOnHandler	Code/client/Games/Skyrim/RTTI.cpp:2261
394964	rtti	HeadTrackingOffHandler	curated-verified	0x141f0c290	0x1f0c290	0x141e44800	addr-match		RE::RTTI_HeadTrackingOffHandler	Code/client/Games/Skyrim/RTTI.cpp:2263
394965	rtti	FlightTakeOffHandler	curated-verified	0x141f0c2c0	0x1f0c2c0	0x141e44830	addr-match		RE::RTTI_FlightTakeOffHandler	Code/client/Games/Skyrim/RTTI.cpp:2265
394966	rtti	FlightCruisingHandler	curated-verified	0x141f0c2f0	0x1f0c2f0	0x141e44860	addr-match		RE::RTTI_FlightCruisingHandler	Code/client/Games/Skyrim/RTTI.cpp:2267
394967	rtti	FlightHoveringHandler	curated-verified	0x141f0c320	0x1f0c320	0x141e44890	addr-match		RE::RTTI_FlightHoveringHandler	Code/client/Games/Skyrim/RTTI.cpp:2269
394968	rtti	FlightLandingHandler	curated-verified	0x141f0c350	0x1f0c350	0x141e448c0	addr-match		RE::RTTI_FlightLandingHandler	Code/client/Games/Skyrim/RTTI.cpp:2271
394969	rtti	FlightPerchingHandler	curated-verified	0x141f0c380	0x1f0c380	0x141e448f0	addr-match		RE::RTTI_FlightPerchingHandler	Code/client/Games/Skyrim/RTTI.cpp:2273
394970	rtti	FlightLandHandler	curated-verified	0x141f0c3b0	0x1f0c3b0	0x141e44920	addr-match		RE::RTTI_FlightLandHandler	Code/client/Games/Skyrim/RTTI.cpp:2275
394971	rtti	FlightLandEndHandler	curated-verified	0x141f0c3d8	0x1f0c3d8	0x141e44948	addr-match		RE::RTTI_FlightLandEndHandler	Code/client/Games/Skyrim/RTTI.cpp:2277
394972	rtti	FlightActionHandler	curated-verified	0x141f0c408	0x1f0c408	0x141e44978	addr-match		RE::RTTI_FlightActionHandler	Code/client/Games/Skyrim/RTTI.cpp:2279
394973	rtti	FlightActionEntryEndHandler	curated-verified	0x141f0c438	0x1f0c438	0x141e449a8	addr-match		RE::RTTI_FlightActionEntryEndHandler	Code/client/Games/Skyrim/RTTI.cpp:2281
394974	rtti	FlightActionEndHandler	curated-verified	0x141f0c470	0x1f0c470	0x141e449e0	addr-match		RE::RTTI_FlightActionEndHandler	Code/client/Games/Skyrim/RTTI.cpp:2283
394975	rtti	FlightActionGrabHandler	curated-verified	0x141f0c4a0	0x1f0c4a0	0x141e44a10	addr-match		RE::RTTI_FlightActionGrabHandler	Code/client/Games/Skyrim/RTTI.cpp:2285
394976	rtti	FlightActionReleaseHandler	curated-verified	0x141f0c4d0	0x1f0c4d0	0x141e44a40	addr-match		RE::RTTI_FlightActionReleaseHandler	Code/client/Games/Skyrim/RTTI.cpp:2287
394977	rtti	FlightCrashLandStartHandler	curated-verified	0x141f0c508	0x1f0c508	0x141e44a78	addr-match		RE::RTTI_FlightCrashLandStartHandler	Code/client/Games/Skyrim/RTTI.cpp:2289
394978	rtti	BowDrawnHandler	curated-verified	0x141f0c540	0x1f0c540	0x141e44ab0	addr-match		RE::RTTI_BowDrawnHandler	Code/client/Games/Skyrim/RTTI.cpp:2291
394979	rtti	BowReleaseHandler	curated-verified	0x141f0c568	0x1f0c568	0x141e44ad8	addr-match		RE::RTTI_BowReleaseHandler	Code/client/Games/Skyrim/RTTI.cpp:2293
394980	rtti	ArrowAttachHandler	curated-verified	0x141f0c590	0x1f0c590	0x141e44b00	addr-match		RE::RTTI_ArrowAttachHandler	Code/client/Games/Skyrim/RTTI.cpp:2295
394981	rtti	ArrowDetachHandler	curated-verified	0x141f0c5c0	0x1f0c5c0	0x141e44b30	addr-match		RE::RTTI_ArrowDetachHandler	Code/client/Games/Skyrim/RTTI.cpp:2297
394982	rtti	ArrowReleaseHandler	curated-verified	0x141f0c5f0	0x1f0c5f0	0x141e44b60	addr-match		RE::RTTI_ArrowReleaseHandler	Code/client/Games/Skyrim/RTTI.cpp:2299
394983	rtti	BowZoomStartHandler	curated-verified	0x141f0c620	0x1f0c620	0x141e44b90	addr-match		RE::RTTI_BowZoomStartHandler	Code/client/Games/Skyrim/RTTI.cpp:2301
394984	rtti	BowZoomStopHandler	curated-verified	0x141f0c650	0x1f0c650	0x141e44bc0	addr-match		RE::RTTI_BowZoomStopHandler	Code/client/Games/Skyrim/RTTI.cpp:2303
394985	rtti	InterruptCastHandler	curated-verified	0x141f0c680	0x1f0c680	0x141e44bf0	addr-match		RE::RTTI_InterruptCastHandler	Code/client/Games/Skyrim/RTTI.cpp:2305
394986	rtti	EndSummonAnimationHandler	curated-verified	0x141f0c6b0	0x1f0c6b0	0x141e44c20	addr-match		RE::RTTI_EndSummonAnimationHandler	Code/client/Games/Skyrim/RTTI.cpp:2307
394987	rtti	PickNewIdleHandler	curated-verified	0x141f0c6e0	0x1f0c6e0	0x141e44c50	addr-match		RE::RTTI_PickNewIdleHandler	Code/client/Games/Skyrim/RTTI.cpp:2309
394988	rtti	DeathStopHandler	curated-verified	0x141f0c710	0x1f0c710	0x141e44c80	addr-match		RE::RTTI_DeathStopHandler	Code/client/Games/Skyrim/RTTI.cpp:2311
394989	rtti	ActionActivateDoneHandler	curated-verified	0x141f0c738	0x1f0c738	0x141e44ca8	addr-match		RE::RTTI_ActionActivateDoneHandler	Code/client/Games/Skyrim/RTTI.cpp:2313
394990	rtti	StopMountCameraHandler	curated-verified	0x141f0c768	0x1f0c768	0x141e44cd8	addr-match		RE::RTTI_StopMountCameraHandler	Code/client/Games/Skyrim/RTTI.cpp:2315
394991	rtti	PairedStopHandler	curated-verified	0x141f0c798	0x1f0c798	0x141e44d08	addr-match		RE::RTTI_PairedStopHandler	Code/client/Games/Skyrim/RTTI.cpp:2317
394992	rtti	CameraShakeHandler	curated-verified	0x141f0c7c0	0x1f0c7c0	0x141e44d30	addr-match		RE::RTTI_CameraShakeHandler	Code/client/Games/Skyrim/RTTI.cpp:2319
394993	rtti	KillMoveStartHandler	curated-verified	0x141f0c7f0	0x1f0c7f0	0x141e44d60	addr-match		RE::RTTI_KillMoveStartHandler	Code/client/Games/Skyrim/RTTI.cpp:2321
394994	rtti	KillMoveEndHandler	curated-verified	0x141f0c820	0x1f0c820	0x141e44d90	addr-match		RE::RTTI_KillMoveEndHandler	Code/client/Games/Skyrim/RTTI.cpp:2323
394995	rtti	DeathEmoteHandler	curated-verified	0x141f0c850	0x1f0c850	0x141e44dc0	addr-match		RE::RTTI_DeathEmoteHandler	Code/client/Games/Skyrim/RTTI.cpp:2325
394996	rtti	AddRagdollHandler	curated-verified	0x141f0c878	0x1f0c878	0x141e44de8	addr-match		RE::RTTI_AddRagdollHandler	Code/client/Games/Skyrim/RTTI.cpp:2327
394997	rtti	MotionDrivenHandler	curated-verified	0x141f0c8a0	0x1f0c8a0	0x141e44e10	addr-match		RE::RTTI_MotionDrivenHandler	Code/client/Games/Skyrim/RTTI.cpp:2329
394998	rtti	AnimationDrivenHandler	curated-verified	0x141f0c8d0	0x1f0c8d0	0x141e44e40	addr-match		RE::RTTI_AnimationDrivenHandler	Code/client/Games/Skyrim/RTTI.cpp:2331
394999	rtti	AllowRotationHandler	curated-verified	0x141f0c900	0x1f0c900	0x141e44e70	addr-match		RE::RTTI_AllowRotationHandler	Code/client/Games/Skyrim/RTTI.cpp:2333
395000	rtti	RemoveRagdollHandler	curated-verified	0x141f0c930	0x1f0c930	0x141e44ea0	addr-match		RE::RTTI_RemoveRagdollHandler	Code/client/Games/Skyrim/RTTI.cpp:2335
395001	rtti	RagdollStartHandler	curated-verified	0x141f0c960	0x1f0c960	0x141e44ed0	addr-match		RE::RTTI_RagdollStartHandler	Code/client/Games/Skyrim/RTTI.cpp:2337
395002	rtti	GetUpStartHandler	curated-verified	0x141f0c990	0x1f0c990	0x141e44f00	addr-match		RE::RTTI_GetUpStartHandler	Code/client/Games/Skyrim/RTTI.cpp:2339
395003	rtti	GetUpEndHandler	curated-verified	0x141f0c9b8	0x1f0c9b8	0x141e44f28	addr-match		RE::RTTI_GetUpEndHandler	Code/client/Games/Skyrim/RTTI.cpp:2341
395004	rtti	MountDismountEndHandler	curated-verified	0x141f0c9e0	0x1f0c9e0	0x141e44f50	addr-match		RE::RTTI_MountDismountEndHandler	Code/client/Games/Skyrim/RTTI.cpp:2343
395005	rtti	ExitCartBeginHandler	curated-verified	0x141f0ca10	0x1f0ca10	0x141e44f80	addr-match		RE::RTTI_ExitCartBeginHandler	Code/client/Games/Skyrim/RTTI.cpp:2345
395006	rtti	ExitCartEndHandler	curated-verified	0x141f0ca40	0x1f0ca40	0x141e44fb0	addr-match		RE::RTTI_ExitCartEndHandler	Code/client/Games/Skyrim/RTTI.cpp:2347
395007	rtti	NPCAttachHandler	curated-verified	0x141f0ca70	0x1f0ca70	0x141e44fe0	addr-match		RE::RTTI_NPCAttachHandler	Code/client/Games/Skyrim/RTTI.cpp:2349
395008	rtti	NPCDetachHandler	curated-verified	0x141f0ca98	0x1f0ca98	0x141e45008	addr-match		RE::RTTI_NPCDetachHandler	Code/client/Games/Skyrim/RTTI.cpp:2351
395009	rtti	EnableCharacterBumperHandler	curated-verified	0x141f0cac0	0x1f0cac0	0x141e45030	addr-match		RE::RTTI_EnableCharacterBumperHandler	Code/client/Games/Skyrim/RTTI.cpp:2353
395010	rtti	DisableCharacterBumperHandler	curated-verified	0x141f0caf8	0x1f0caf8	0x141e45068	addr-match		RE::RTTI_DisableCharacterBumperHandler	Code/client/Games/Skyrim/RTTI.cpp:2355
395011	rtti	AnimationObjectLoadHandler	curated-verified	0x141f0cb30	0x1f0cb30	0x141e450a0	addr-match		RE::RTTI_AnimationObjectLoadHandler	Code/client/Games/Skyrim/RTTI.cpp:2357
395012	rtti	AnimationObjectDrawHandler	curated-verified	0x141f0cb68	0x1f0cb68	0x141e450d8	addr-match		RE::RTTI_AnimationObjectDrawHandler	Code/client/Games/Skyrim/RTTI.cpp:2359
395013	rtti	EnableCharacterPitchHandler	curated-verified	0x141f0cba0	0x1f0cba0	0x141e45110	addr-match		RE::RTTI_EnableCharacterPitchHandler	Code/client/Games/Skyrim/RTTI.cpp:2361
395014	rtti	DisableCharacterPitchHandler	curated-verified	0x141f0cbd8	0x1f0cbd8	0x141e45148	addr-match		RE::RTTI_DisableCharacterPitchHandler	Code/client/Games/Skyrim/RTTI.cpp:2363
395015	rtti	JumpAnimEventHandler	curated-verified	0x141f0cc10	0x1f0cc10	0x141e45180	addr-match		RE::RTTI_JumpAnimEventHandler	Code/client/Games/Skyrim/RTTI.cpp:2365
395016	rtti	IdleDialogueEnterHandler	curated-verified	0x141f0cc40	0x1f0cc40	0x141e451b0	addr-match		RE::RTTI_IdleDialogueEnterHandler	Code/client/Games/Skyrim/RTTI.cpp:2367
395017	rtti	IdleDialogueExitHandler	curated-verified	0x141f0cc70	0x1f0cc70	0x141e451e0	addr-match		RE::RTTI_IdleDialogueExitHandler	Code/client/Games/Skyrim/RTTI.cpp:2369
395018	rtti	AnimatedCameraStartHandler	curated-verified	0x141f0cca0	0x1f0cca0	0x141e45210	addr-match		RE::RTTI_AnimatedCameraStartHandler	Code/client/Games/Skyrim/RTTI.cpp:2371
395019	rtti	AnimatedCameraDeltaStartHandler	curated-verified	0x141f0ccd8	0x1f0ccd8	0x141e45248	addr-match		RE::RTTI_AnimatedCameraDeltaStartHandler	Code/client/Games/Skyrim/RTTI.cpp:2373
395020	rtti	AnimatedCameraEndHandler	curated-verified	0x141f0cd10	0x1f0cd10	0x141e45280	addr-match		RE::RTTI_AnimatedCameraEndHandler	Code/client/Games/Skyrim/RTTI.cpp:2375
395021	rtti	PitchOverrideStartHandler	curated-verified	0x141f0cd40	0x1f0cd40	0x141e452b0	addr-match		RE::RTTI_PitchOverrideStartHandler	Code/client/Games/Skyrim/RTTI.cpp:2377
395022	rtti	PitchOverrideEndHandler	curated-verified	0x141f0cd70	0x1f0cd70	0x141e452e0	addr-match		RE::RTTI_PitchOverrideEndHandler	Code/client/Games/Skyrim/RTTI.cpp:2379
395023	rtti	MTStateHandler	curated-verified	0x141f0cda0	0x1f0cda0	0x141e45310	addr-match		RE::RTTI_MTStateHandler	Code/client/Games/Skyrim/RTTI.cpp:2381
395024	rtti	ZeroPitchHandler	curated-verified	0x141f0cdc8	0x1f0cdc8	0x141e45338	addr-match		RE::RTTI_ZeroPitchHandler	Code/client/Games/Skyrim/RTTI.cpp:2383
395025	rtti	VampireFeedEndHandler	curated-verified	0x141f0cdf0	0x1f0cdf0	0x141e45360	addr-match		RE::RTTI_VampireFeedEndHandler	Code/client/Games/Skyrim/RTTI.cpp:2385
395320	rtti	BGShkMatFadeController	curated-verified	0x141f1a650	0x1f1a650	0x141e52bc0	addr-match		RE::RTTI_BGShkMatFadeController	Code/client/Games/Skyrim/RTTI.cpp:2387
395324	rtti	BSDirectAtModifierInterface	curated-verified	0x141f1a858	0x1f1a858	0x141e52dc8	addr-match		RE::RTTI_BSDirectAtModifierInterface	Code/client/Games/Skyrim/RTTI.cpp:2389
395325	rtti	BSIDirectAtModifierSingleton	curated-verified	0x141f1a890	0x1f1a890	0x141e52e00	addr-match		RE::RTTI_BSIDirectAtModifierSingleton	Code/client/Games/Skyrim/RTTI.cpp:2391
395330	rtti	BSPassByTargetTriggerModifierInterface	curated-verified	0x141f1aac8	0x1f1aac8	0x141e53038	addr-match		RE::RTTI_BSPassByTargetTriggerModifierInterface	Code/client/Games/Skyrim/RTTI.cpp:2393
395331	rtti	BSIPassByTargetTriggerModifierSingleton	curated-verified	0x141f1ab08	0x1f1ab08	0x141e53078	addr-match		RE::RTTI_BSIPassByTargetTriggerModifierSingleton	Code/client/Games/Skyrim/RTTI.cpp:2395
395337	rtti	BSRagdollContactListenerModifierInterface	curated-verified	0x141f1adf0	0x1f1adf0	0x141e53360	addr-match		RE::RTTI_BSRagdollContactListenerModifierInterface	Code/client/Games/Skyrim/RTTI.cpp:2397
395338	rtti	BSIRagdollContactListenerModifierSingleton	curated-verified	0x141f1ae30	0x1f1ae30	0x141e533a0	addr-match		RE::RTTI_BSIRagdollContactListenerModifierSingleton	Code/client/Games/Skyrim/RTTI.cpp:2399
395344	rtti	ArrowProjectile	curated-verified	0x141f1b138	0x1f1b138	0x141e536a8	addr-match		RE::RTTI_ArrowProjectile	Code/client/Games/Skyrim/RTTI.cpp:2401
395345	rtti	MissileProjectile	curated-verified	0x141f1b160	0x1f1b160	0x141e536d0	addr-match		RE::RTTI_MissileProjectile	Code/client/Games/Skyrim/RTTI.cpp:2403
395346	rtti	BarrierPhantomCallbackShape	curated-verified	0x141f1b188	0x1f1b188	0x141e536f8	addr-match		RE::RTTI_BarrierPhantomCallbackShape	Code/client/Games/Skyrim/RTTI.cpp:2405
395347	rtti	BarrierProjectile	curated-verified	0x141f1b1c0	0x1f1b1c0	0x141e53730	addr-match		RE::RTTI_BarrierProjectile	Code/client/Games/Skyrim/RTTI.cpp:2407
395348	rtti	bhkSPCollisionObject	curated-verified	0x141f1b1e8	0x1f1b1e8	0x141e53758	addr-match		RE::RTTI_bhkSPCollisionObject	Code/client/Games/Skyrim/RTTI.cpp:2409
395349	rtti	BeamProjectile	curated-verified	0x141f1b218	0x1f1b218	0x141e53788	addr-match		RE::RTTI_BeamProjectile	Code/client/Games/Skyrim/RTTI.cpp:2411
395352	rtti	ConeProjectile	curated-verified	0x141f1b2c8	0x1f1b2c8	0x141e53838	addr-match		RE::RTTI_ConeProjectile	Code/client/Games/Skyrim/RTTI.cpp:2413
395354	rtti	hkpFixedBufferCdPointCollector	curated-verified	0x141f1b2f0	0x1f1b2f0	0x141e53860	addr-match		RE::RTTI_hkpFixedBufferCdPointCollector	Code/client/Games/Skyrim/RTTI.cpp:2415
395355	rtti	FlameProjectile	curated-verified	0x141f1b378	0x1f1b378	0x141e538e8	addr-match		RE::RTTI_FlameProjectile	Code/client/Games/Skyrim/RTTI.cpp:2417
395356	rtti	GrenadeProjectile	curated-verified	0x141f1b3a0	0x1f1b3a0	0x141e53910	addr-match		RE::RTTI_GrenadeProjectile	Code/client/Games/Skyrim/RTTI.cpp:2419
395357	rtti	Hazard	curated-verified	0x141f1b3c8	0x1f1b3c8	0x141e53938	addr-match		RE::RTTI_Hazard	Code/client/Games/Skyrim/RTTI.cpp:2421
395359	rtti	bhkHingeConstraint	curated-verified	0x141f1b418	0x1f1b418	0x141e53988	addr-match		RE::RTTI_bhkHingeConstraint	Code/client/Games/Skyrim/RTTI.cpp:2423
395360	rtti	ProjectilePickCache	curated-verified	0x141f1b448	0x1f1b448	0x141e539b8	addr-match		RE::RTTI_ProjectilePickCache	Code/client/Games/Skyrim/RTTI.cpp:2425
395361	rtti	HealthDamageFunctor	curated-verified	0x141f1b478	0x1f1b478	0x141e539e8	addr-match		RE::RTTI_HealthDamageFunctor	Code/client/Games/Skyrim/RTTI.cpp:2427
395363	rtti	CombatAimController	curated-verified	0x141f1b4d8	0x1f1b4d8	0x141e53a48	addr-match		RE::RTTI_CombatAimController	Code/client/Games/Skyrim/RTTI.cpp:2429
395364	rtti	CombatAimControllerBase	curated-verified	0x141f1b508	0x1f1b508	0x141e53a78	addr-match		RE::RTTI_CombatAimControllerBase	Code/client/Games/Skyrim/RTTI.cpp:2431
395365	rtti	CombatObject	curated-verified	0x141f1b538	0x1f1b538	0x141e53aa8	addr-match		RE::RTTI_CombatObject	Code/client/Games/Skyrim/RTTI.cpp:2433
395366	rtti	CombatTrackTargetAimController	curated-verified	0x141f1b560	0x1f1b560	0x141e53ad0	addr-match		RE::RTTI_CombatTrackTargetAimController	Code/client/Games/Skyrim/RTTI.cpp:2435
395367	rtti	CombatMeleeAimController	curated-verified	0x141f1b598	0x1f1b598	0x141e53b08	addr-match		RE::RTTI_CombatMeleeAimController	Code/client/Games/Skyrim/RTTI.cpp:2437
395368	rtti	CombatProjectileAimController	curated-verified	0x141f1b5c8	0x1f1b5c8	0x141e53b38	addr-match		RE::RTTI_CombatProjectileAimController	Code/client/Games/Skyrim/RTTI.cpp:2439
395369	rtti	CombatDisableAimController	curated-verified	0x141f1b600	0x1f1b600	0x141e53b70	addr-match		RE::RTTI_CombatDisableAimController	Code/client/Games/Skyrim/RTTI.cpp:2441
395391	rtti	CombatArea	curated-verified	0x141f1bfe8	0x1f1bfe8	0x141e54558	addr-match		RE::RTTI_CombatArea	Code/client/Games/Skyrim/RTTI.cpp:2443
395392	rtti	CombatAreaRadius	curated-verified	0x141f1c010	0x1f1c010	0x141e54580	addr-match		RE::RTTI_CombatAreaRadius	Code/client/Games/Skyrim/RTTI.cpp:2445
395393	rtti	CombatAreaReference	curated-verified	0x141f1c038	0x1f1c038	0x141e545a8	addr-match		RE::RTTI_CombatAreaReference	Code/client/Games/Skyrim/RTTI.cpp:2447
395394	rtti	CombatAreaStandard	curated-verified	0x141f1c068	0x1f1c068	0x141e545d8	addr-match		RE::RTTI_CombatAreaStandard	Code/client/Games/Skyrim/RTTI.cpp:2449
395395	rtti	CombatAreaHoldPosition	curated-verified	0x141f1c098	0x1f1c098	0x141e54608	addr-match		RE::RTTI_CombatAreaHoldPosition	Code/client/Games/Skyrim/RTTI.cpp:2451
395412	rtti	CombatBlackboardKeyBase	curated-verified	0x141f1c7d8	0x1f1c7d8	0x141e54d48	addr-match		RE::RTTI_CombatBlackboardKeyBase	Code/client/Games/Skyrim/RTTI.cpp:2453
395413	rtti	CombatCoverSearchResult	curated-verified	0x141f1c808	0x1f1c808	0x141e54d78	addr-match		RE::RTTI_CombatCoverSearchResult	Code/client/Games/Skyrim/RTTI.cpp:2455
395414	rtti	CombatCoverLocation	curated-verified	0x141f1c838	0x1f1c838	0x141e54da8	addr-match		RE::RTTI_CombatCoverLocation	Code/client/Games/Skyrim/RTTI.cpp:2457
395415	rtti	CombatCoverSearchDebugData	curated-verified	0x141f1c868	0x1f1c868	0x141e54dd8	addr-match		RE::RTTI_CombatCoverSearchDebugData	Code/client/Games/Skyrim/RTTI.cpp:2459
395416	rtti	CombatCoverSearch	curated-verified	0x141f1c8a0	0x1f1c8a0	0x141e54e10	addr-match		RE::RTTI_CombatCoverSearch	Code/client/Games/Skyrim/RTTI.cpp:2461
395433	rtti	CombatGroupDetectionListener	curated-verified	0x141f1cff8	0x1f1cff8	0x141e55568	addr-match		RE::RTTI_CombatGroupDetectionListener	Code/client/Games/Skyrim/RTTI.cpp:2463
395434	rtti	GatherSpellsFunctor	curated-verified	0x141f1d030	0x1f1d030	0x141e555a0	addr-match		RE::RTTI_GatherSpellsFunctor	Code/client/Games/Skyrim/RTTI.cpp:2465
395437	rtti	BSScrapArrayAllocator	curated-weak	0x141f1d0f0	0x1f1d0f0	0x141e55660	addr-match		RE::RTTI_BSScrapArrayAllocator	Code/client/Games/Skyrim/RTTI.cpp:2467
395438	rtti	BSTArrayBase	curated-weak	0x141f1d120	0x1f1d120	0x141e55690	addr-match		RE::RTTI_BSTArrayBase	Code/client/Games/Skyrim/RTTI.cpp:2469
395440	rtti	CombatInventoryItem	curated-verified	0x141f1d1a8	0x1f1d1a8	0x141e55718	addr-match		RE::RTTI_CombatInventoryItem	Code/client/Games/Skyrim/RTTI.cpp:2471
395441	rtti	CombatInventoryItemComposite	curated-verified	0x141f1d1d8	0x1f1d1d8	0x141e55748	addr-match		RE::RTTI_CombatInventoryItemComposite	Code/client/Games/Skyrim/RTTI.cpp:2473
395442	rtti	CombatInventoryItemMelee	curated-verified	0x141f1d210	0x1f1d210	0x141e55780	addr-match		RE::RTTI_CombatInventoryItemMelee	Code/client/Games/Skyrim/RTTI.cpp:2475
395443	rtti	CombatInventoryItemRanged	curated-verified	0x141f1d240	0x1f1d240	0x141e557b0	addr-match		RE::RTTI_CombatInventoryItemRanged	Code/client/Games/Skyrim/RTTI.cpp:2477
395444	rtti	CombatInventoryItemShield	curated-verified	0x141f1d270	0x1f1d270	0x141e557e0	addr-match		RE::RTTI_CombatInventoryItemShield	Code/client/Games/Skyrim/RTTI.cpp:2479
395445	rtti	CombatInventoryItemOneHandedBlock	curated-verified	0x141f1d2a0	0x1f1d2a0	0x141e55810	addr-match		RE::RTTI_CombatInventoryItemOneHandedBlock	Code/client/Games/Skyrim/RTTI.cpp:2481
395446	rtti	CombatInventoryItemTorch	curated-verified	0x141f1d2d8	0x1f1d2d8	0x141e55848	addr-match		RE::RTTI_CombatInventoryItemTorch	Code/client/Games/Skyrim/RTTI.cpp:2483
395467	rtti	CombatInventoryItemMagic	curated-verified	0x141f1d308	0x1f1d308	0x141e55878	addr-match		RE::RTTI_CombatInventoryItemMagic	Code/client/Games/Skyrim/RTTI.cpp:2485
395744	rtti	CombatMagicCaster	curated-verified	0x141f1dcb8	0x1f1dcb8	0x141e56228	addr-match		RE::RTTI_CombatMagicCaster	Code/client/Games/Skyrim/RTTI.cpp:2487
395745	rtti	CombatInventoryItemShout	curated-verified	0x141f1dce0	0x1f1dce0	0x141e56250	addr-match		RE::RTTI_CombatInventoryItemShout	Code/client/Games/Skyrim/RTTI.cpp:2489
395746	rtti	CombatInventoryItemStaff	curated-verified	0x141f1dd10	0x1f1dd10	0x141e56280	addr-match		RE::RTTI_CombatInventoryItemStaff	Code/client/Games/Skyrim/RTTI.cpp:2491
395747	rtti	CombatInventoryItemPotion	curated-verified	0x141f1dd40	0x1f1dd40	0x141e562b0	addr-match		RE::RTTI_CombatInventoryItemPotion	Code/client/Games/Skyrim/RTTI.cpp:2493
395748	rtti	CombatInventoryItemScroll	curated-verified	0x141f1dd70	0x1f1dd70	0x141e562e0	addr-match		RE::RTTI_CombatInventoryItemScroll	Code/client/Games/Skyrim/RTTI.cpp:2495
395749	rtti	CombatMagicCasterOffensive	curated-verified	0x141f1de08	0x1f1de08	0x141e56378	addr-match		RE::RTTI_CombatMagicCasterOffensive	Code/client/Games/Skyrim/RTTI.cpp:2497
395750	rtti	CombatMagicCasterWard	curated-verified	0x141f1de40	0x1f1de40	0x141e563b0	addr-match		RE::RTTI_CombatMagicCasterWard	Code/client/Games/Skyrim/RTTI.cpp:2499
395751	rtti	CombatMagicCasterRestore	curated-verified	0x141f1de70	0x1f1de70	0x141e563e0	addr-match		RE::RTTI_CombatMagicCasterRestore	Code/client/Games/Skyrim/RTTI.cpp:2501
395752	rtti	CombatMagicCasterSummon	curated-verified	0x141f1dea0	0x1f1dea0	0x141e56410	addr-match		RE::RTTI_CombatMagicCasterSummon	Code/client/Games/Skyrim/RTTI.cpp:2503
395753	rtti	CombatMagicCasterStagger	curated-verified	0x141f1ded0	0x1f1ded0	0x141e56440	addr-match		RE::RTTI_CombatMagicCasterStagger	Code/client/Games/Skyrim/RTTI.cpp:2505
395754	rtti	CombatMagicCasterDisarm	curated-verified	0x141f1df00	0x1f1df00	0x141e56470	addr-match		RE::RTTI_CombatMagicCasterDisarm	Code/client/Games/Skyrim/RTTI.cpp:2507
395755	rtti	CombatMagicCasterCloak	curated-verified	0x141f1df30	0x1f1df30	0x141e564a0	addr-match		RE::RTTI_CombatMagicCasterCloak	Code/client/Games/Skyrim/RTTI.cpp:2509
395756	rtti	CombatMagicCasterLight	curated-verified	0x141f1df60	0x1f1df60	0x141e564d0	addr-match		RE::RTTI_CombatMagicCasterLight	Code/client/Games/Skyrim/RTTI.cpp:2511
395757	rtti	CombatMagicCasterInvisibility	curated-verified	0x141f1df90	0x1f1df90	0x141e56500	addr-match		RE::RTTI_CombatMagicCasterInvisibility	Code/client/Games/Skyrim/RTTI.cpp:2513
395758	rtti	CombatMagicCasterBoundItem	curated-verified	0x141f1dfc8	0x1f1dfc8	0x141e56538	addr-match		RE::RTTI_CombatMagicCasterBoundItem	Code/client/Games/Skyrim/RTTI.cpp:2515
395759	rtti	CombatMagicCasterArmor	curated-verified	0x141f1e000	0x1f1e000	0x141e56570	addr-match		RE::RTTI_CombatMagicCasterArmor	Code/client/Games/Skyrim/RTTI.cpp:2517
395760	rtti	CombatMagicCasterTargetEffect	curated-verified	0x141f1e030	0x1f1e030	0x141e565a0	addr-match		RE::RTTI_CombatMagicCasterTargetEffect	Code/client/Games/Skyrim/RTTI.cpp:2519
395761	rtti	CombatMagicCasterParalyze	curated-verified	0x141f1e0a0	0x1f1e0a0	0x141e56610	addr-match		RE::RTTI_CombatMagicCasterParalyze	Code/client/Games/Skyrim/RTTI.cpp:2521
395762	rtti	CombatMagicCasterScript	curated-verified	0x141f1e0d0	0x1f1e0d0	0x141e56640	addr-match		RE::RTTI_CombatMagicCasterScript	Code/client/Games/Skyrim/RTTI.cpp:2523
395938	rtti	CombatMagicItemData	curated-verified	0x141f1dda0	0x1f1dda0	0x141e56310	addr-match		RE::RTTI_CombatMagicItemData	Code/client/Games/Skyrim/RTTI.cpp:2525
395939	rtti	CombatMagicItemSkillChecker	curated-verified	0x141f1ddd0	0x1f1ddd0	0x141e56340	addr-match		RE::RTTI_CombatMagicItemSkillChecker	Code/client/Games/Skyrim/RTTI.cpp:2527
395940	rtti	CombatMagicCasterReanimate	curated-verified	0x141f1e068	0x1f1e068	0x141e565d8	addr-match		RE::RTTI_CombatMagicCasterReanimate	Code/client/Games/Skyrim/RTTI.cpp:2529
395945	rtti	CombatPathingRequest	curated-verified	0x141f2f510	0x1f2f510	0x141e67a80	addr-match		RE::RTTI_CombatPathingRequest	Code/client/Games/Skyrim/RTTI.cpp:2531
395946	rtti	CombatTargetLocationSearchResult	curated-verified	0x141f2f540	0x1f2f540	0x141e67ab0	addr-match		RE::RTTI_CombatTargetLocationSearchResult	Code/client/Games/Skyrim/RTTI.cpp:2533
395947	rtti	CombatTargetLocation	curated-verified	0x141f2f578	0x1f2f578	0x141e67ae8	addr-match		RE::RTTI_CombatTargetLocation	Code/client/Games/Skyrim/RTTI.cpp:2535
395948	rtti	CombatTargetLocationSearch	curated-verified	0x141f2f5a8	0x1f2f5a8	0x141e67b18	addr-match		RE::RTTI_CombatTargetLocationSearch	Code/client/Games/Skyrim/RTTI.cpp:2537
395949	rtti	CombatPath	curated-verified	0x141f2f5e0	0x1f2f5e0	0x141e67b50	addr-match		RE::RTTI_CombatPath	Code/client/Games/Skyrim/RTTI.cpp:2539
395950	rtti	IPathBuilder	curated-verified	0x141f2f608	0x1f2f608	0x141e67b78	addr-match		RE::RTTI_IPathBuilder	Code/client/Games/Skyrim/RTTI.cpp:2541
395969	rtti	CombatPathingRequestBuilder	curated-weak	0x141f300c8	0x1f300c8	0x141e68638	addr-match		RE::RTTI_CombatPathingRequestBuilder	Code/client/Games/Skyrim/RTTI.cpp:2543
395978	rtti	CombatPathDestinationRef	curated-weak	0x141f30740	0x1f30740	0x141e68cb0	addr-match		RE::RTTI_CombatPathDestinationRef	Code/client/Games/Skyrim/RTTI.cpp:2545
395979	rtti	CombatPathDestination	curated-weak	0x141f30770	0x1f30770	0x141e68ce0	addr-match		RE::RTTI_CombatPathDestination	Code/client/Games/Skyrim/RTTI.cpp:2547
395980	rtti	CombatPathBuilderStandard	curated-verified	0x141f307a0	0x1f307a0	0x141e68d10	addr-match		RE::RTTI_CombatPathBuilderStandard	Code/client/Games/Skyrim/RTTI.cpp:2549
395981	rtti	CombatPathBuilder	curated-verified	0x141f307d0	0x1f307d0	0x141e68d40	addr-match		RE::RTTI_CombatPathBuilder	Code/client/Games/Skyrim/RTTI.cpp:2551
395983	rtti	CombatNavmeshSearch	curated-verified	0x141f30898	0x1f30898	0x141e68e08	addr-match		RE::RTTI_CombatNavmeshSearch	Code/client/Games/Skyrim/RTTI.cpp:2553
395984	rtti	CombatPathingGoalPolicyStandard	curated-weak	0x141f308c8	0x1f308c8	0x141e68e38	addr-match		RE::RTTI_CombatPathingGoalPolicyStandard	Code/client/Games/Skyrim/RTTI.cpp:2555
395985	rtti	CombatPathingGoalPolicyLocation	curated-weak	0x141f30900	0x1f30900	0x141e68e70	addr-match		RE::RTTI_CombatPathingGoalPolicyLocation	Code/client/Games/Skyrim/RTTI.cpp:2557
395986	rtti	CombatPathingGoalPolicy	curated-weak	0x141f30938	0x1f30938	0x141e68ea8	addr-match		RE::RTTI_CombatPathingGoalPolicy	Code/client/Games/Skyrim/RTTI.cpp:2559
395987	rtti	CombatPathingSearchPolicyStandard	curated-weak	0x141f30968	0x1f30968	0x141e68ed8	addr-match		RE::RTTI_CombatPathingSearchPolicyStandard	Code/client/Games/Skyrim/RTTI.cpp:2561
395988	rtti	CombatPathingSearchPolicy	curated-weak	0x141f309a0	0x1f309a0	0x141e68f10	addr-match		RE::RTTI_CombatPathingSearchPolicy	Code/client/Games/Skyrim/RTTI.cpp:2563
395990	rtti	CombatPathingGoalPolicyFindTargetLocation	curated-weak	0x141f30a50	0x1f30a50	0x141e68fc0	addr-match		RE::RTTI_CombatPathingGoalPolicyFindTargetLocation	Code/client/Games/Skyrim/RTTI.cpp:2565
395991	rtti	CombatTargetSelector	curated-verified	0x141f30a90	0x1f30a90	0x141e69000	addr-match		RE::RTTI_CombatTargetSelector	Code/client/Games/Skyrim/RTTI.cpp:2567
395992	rtti	CombatTargetSelectorStandard	curated-verified	0x141f30ac0	0x1f30ac0	0x141e69030	addr-match		RE::RTTI_CombatTargetSelectorStandard	Code/client/Games/Skyrim/RTTI.cpp:2569
395993	rtti	CombatTargetSelectorFixed	curated-verified	0x141f30af8	0x1f30af8	0x141e69068	addr-match		RE::RTTI_CombatTargetSelectorFixed	Code/client/Games/Skyrim/RTTI.cpp:2571
396002	rtti	CombatThreat	curated-verified	0x141f30ef8	0x1f30ef8	0x141e69468	addr-match		RE::RTTI_CombatThreat	Code/client/Games/Skyrim/RTTI.cpp:2573
396007	rtti	hkpClosestCdPointCollector	curated-verified	0x141f310d0	0x1f310d0	0x141e69640	addr-match		RE::RTTI_hkpClosestCdPointCollector	Code/client/Games/Skyrim/RTTI.cpp:2575
396014	rtti	CombatBehaviorResource	curated-verified	0x141f311b8	0x1f311b8	0x141e69728	addr-match		RE::RTTI_CombatBehaviorResource	Code/client/Games/Skyrim/RTTI.cpp:2577
396015	rtti	CombatBehaviorTreeRootNode	curated-verified	0x141f311e8	0x1f311e8	0x141e69758	addr-match		RE::RTTI_CombatBehaviorTreeRootNode	Code/client/Games/Skyrim/RTTI.cpp:2579
396016	rtti	CombatBehaviorTreeLinkNode	curated-verified	0x141f31220	0x1f31220	0x141e69790	addr-match		RE::RTTI_CombatBehaviorTreeLinkNode	Code/client/Games/Skyrim/RTTI.cpp:2581
396017	rtti	CombatBehaviorTreeCombat	curated-verified	0x141f31258	0x1f31258	0x141e697c8	addr-match		RE::RTTI_CombatBehaviorTreeCombat	Code/client/Games/Skyrim/RTTI.cpp:2583
396020	rtti	CombatBehaviorTreeAcquireWeapon	curated-verified	0x141f31338	0x1f31338	0x141e698a8	addr-match		RE::RTTI_CombatBehaviorTreeAcquireWeapon	Code/client/Games/Skyrim/RTTI.cpp:2585
396037	rtti	CombatBehaviorTreeAction	curated-verified	0x141f31b30	0x1f31b30	0x141e6a0a0	addr-match		RE::RTTI_CombatBehaviorTreeAction	Code/client/Games/Skyrim/RTTI.cpp:2587
396038	rtti	CombatBehaviorTreeActionEquipmentSelector	curated-verified	0x141f31b60	0x1f31b60	0x141e6a0d0	addr-match		RE::RTTI_CombatBehaviorTreeActionEquipmentSelector	Code/client/Games/Skyrim/RTTI.cpp:2589
396039	rtti	CombatBehaviorTreeWrapperNode	curated-verified	0x141f31af8	0x1f31af8	0x141e6a068	addr-match		RE::RTTI_CombatBehaviorTreeWrapperNode	Code/client/Games/Skyrim/RTTI.cpp:2591
396065	rtti	CombatBehaviorTreeDodgeThreat	curated-verified	0x141f326c8	0x1f326c8	0x141e6ac38	addr-match		RE::RTTI_CombatBehaviorTreeDodgeThreat	Code/client/Games/Skyrim/RTTI.cpp:2593
396071	rtti	CombatBehaviorTreeBlock	curated-verified	0x141f32938	0x1f32938	0x141e6aea8	addr-match		RE::RTTI_CombatBehaviorTreeBlock	Code/client/Games/Skyrim/RTTI.cpp:2595
396081	rtti	CombatBehaviorTreeCloseMovement	curated-verified	0x141f32e58	0x1f32e58	0x141e6b3c8	addr-match		RE::RTTI_CombatBehaviorTreeCloseMovement	Code/client/Games/Skyrim/RTTI.cpp:2597
396082	rtti	CombatPathSpeedController	curated-verified	0x141f32de8	0x1f32de8	0x141e6b358	addr-match		RE::RTTI_CombatPathSpeedController	Code/client/Games/Skyrim/RTTI.cpp:2599
396083	rtti	CombatApproachTargetSpeedController	curated-verified	0x141f32e18	0x1f32e18	0x141e6b388	addr-match		RE::RTTI_CombatApproachTargetSpeedController	Code/client/Games/Skyrim/RTTI.cpp:2601
396117	rtti	CombatPathDestinationNone	curated-weak	0x141f33d38	0x1f33d38	0x141e6c2a8	addr-match		RE::RTTI_CombatPathDestinationNone	Code/client/Games/Skyrim/RTTI.cpp:2603
396120	rtti	CombatPathBuilderOpen	curated-verified	0x141f33e80	0x1f33e80	0x141e6c3f0	addr-match		RE::RTTI_CombatPathBuilderOpen	Code/client/Games/Skyrim/RTTI.cpp:2605
396122	rtti	CombatPathingGoalPolicyRetreat	curated-weak	0x141f33f28	0x1f33f28	0x141e6c498	addr-match		RE::RTTI_CombatPathingGoalPolicyRetreat	Code/client/Games/Skyrim/RTTI.cpp:2607
396123	rtti	CombatBehaviorTreeFindAttackLocation	curated-verified	0x141f33f60	0x1f33f60	0x141e6c4d0	addr-match		RE::RTTI_CombatBehaviorTreeFindAttackLocation	Code/client/Games/Skyrim/RTTI.cpp:2609
396140	rtti	CombatPathingGoalPolicyFindAttackLocation	curated-weak	0x141f35060	0x1f35060	0x141e6d5d0	addr-match		RE::RTTI_CombatPathingGoalPolicyFindAttackLocation	Code/client/Games/Skyrim/RTTI.cpp:2611
396151	rtti	CombatBehaviorTreeFlankingMovement	curated-verified	0x141f350a0	0x1f350a0	0x141e6d610	addr-match		RE::RTTI_CombatBehaviorTreeFlankingMovement	Code/client/Games/Skyrim/RTTI.cpp:2613
396152	rtti	CombatFlankingSearchData	curated-verified	0x141f350e0	0x1f350e0	0x141e6d650	addr-match		RE::RTTI_CombatFlankingSearchData	Code/client/Games/Skyrim/RTTI.cpp:2615
396185	rtti	CombatPathDestinationLocation	curated-weak	0x141f36848	0x1f36848	0x141e6edb8	addr-match		RE::RTTI_CombatPathDestinationLocation	Code/client/Games/Skyrim/RTTI.cpp:2617
396189	rtti	CombatPathingGoalPolicyFlankDistant	curated-weak	0x141f36f08	0x1f36f08	0x141e6f478	addr-match		RE::RTTI_CombatPathingGoalPolicyFlankDistant	Code/client/Games/Skyrim/RTTI.cpp:2619
396191	rtti	CombatPathingGoalPolicyFlank	curated-weak	0x141f36fc0	0x1f36fc0	0x141e6f530	addr-match		RE::RTTI_CombatPathingGoalPolicyFlank	Code/client/Games/Skyrim/RTTI.cpp:2621
396192	rtti	CombatPathingSearchPolicyFlank	curated-weak	0x141f36ff8	0x1f36ff8	0x141e6f568	addr-match		RE::RTTI_CombatPathingSearchPolicyFlank	Code/client/Games/Skyrim/RTTI.cpp:2623
396207	rtti	CombatBehaviorTreeFlee	curated-verified	0x141f37090	0x1f37090	0x141e6f600	addr-match		RE::RTTI_CombatBehaviorTreeFlee	Code/client/Games/Skyrim/RTTI.cpp:2625
396236	rtti	CombatBehaviorTreeHide	curated-verified	0x141f38650	0x1f38650	0x141e70bc0	addr-match		RE::RTTI_CombatBehaviorTreeHide	Code/client/Games/Skyrim/RTTI.cpp:2627
396240	rtti	CombatPathingGoalPolicyFlee	curated-weak	0x141f39330	0x1f39330	0x141e718a0	addr-match		RE::RTTI_CombatPathingGoalPolicyFlee	Code/client/Games/Skyrim/RTTI.cpp:2629
396242	rtti	CombatPathingGoalPolicyFindHideCover	curated-weak	0x141f393f0	0x1f393f0	0x141e71960	addr-match		RE::RTTI_CombatPathingGoalPolicyFindHideCover	Code/client/Games/Skyrim/RTTI.cpp:2631
396270	rtti	CombatBehaviorTreeFlight	curated-verified	0x141f39430	0x1f39430	0x141e719a0	addr-match		RE::RTTI_CombatBehaviorTreeFlight	Code/client/Games/Skyrim/RTTI.cpp:2633
396271	rtti	DiveBombSpeedController	curated-verified	0x141f39460	0x1f39460	0x141e719d0	addr-match		RE::RTTI_DiveBombSpeedController	Code/client/Games/Skyrim/RTTI.cpp:2635
396309	rtti	CombatBehaviorTreeLowCombat	curated-verified	0x141f3a580	0x1f3a580	0x141e72af0	addr-match		RE::RTTI_CombatBehaviorTreeLowCombat	Code/client/Games/Skyrim/RTTI.cpp:2637
396318	rtti	CombatBehaviorTreeMagic	curated-verified	0x141f3aac0	0x1f3aac0	0x141e73030	addr-match		RE::RTTI_CombatBehaviorTreeMagic	Code/client/Games/Skyrim/RTTI.cpp:2639
396332	rtti	CombatBehaviorTreeMelee	curated-verified	0x141f3b150	0x1f3b150	0x141e736c0	addr-match		RE::RTTI_CombatBehaviorTreeMelee	Code/client/Games/Skyrim/RTTI.cpp:2641
396339	rtti	CombatDisableActionController	curated-verified	0x141f3b448	0x1f3b448	0x141e739b8	addr-match		RE::RTTI_CombatDisableActionController	Code/client/Games/Skyrim/RTTI.cpp:2643
396340	rtti	CombatBehaviorTreeCheckUnreachableTarget	curated-verified	0x141f3b480	0x1f3b480	0x141e739f0	addr-match		RE::RTTI_CombatBehaviorTreeCheckUnreachableTarget	Code/client/Games/Skyrim/RTTI.cpp:2645
396341	rtti	CombatBehaviorTreeReturnToCombatArea	curated-verified	0x141f3b4c0	0x1f3b4c0	0x141e73a30	addr-match		RE::RTTI_CombatBehaviorTreeReturnToCombatArea	Code/client/Games/Skyrim/RTTI.cpp:2647
396356	rtti	CombatBehaviorTreeExitWater	curated-verified	0x141f3c070	0x1f3c070	0x141e745e0	addr-match		RE::RTTI_CombatBehaviorTreeExitWater	Code/client/Games/Skyrim/RTTI.cpp:2649
396378	rtti	CombatPathingGoalPolicyExitWater	curated-weak	0x141f3d168	0x1f3d168	0x141e756d8	addr-match		RE::RTTI_CombatPathingGoalPolicyExitWater	Code/client/Games/Skyrim/RTTI.cpp:2651
396380	rtti	CombatPathingGoalPolicyReturnToCombatArea	curated-weak	0x141f3d220	0x1f3d220	0x141e75790	addr-match		RE::RTTI_CombatPathingGoalPolicyReturnToCombatArea	Code/client/Games/Skyrim/RTTI.cpp:2653
396387	rtti	CombatBehaviorTreeMovement	curated-verified	0x141f3d260	0x1f3d260	0x141e757d0	addr-match		RE::RTTI_CombatBehaviorTreeMovement	Code/client/Games/Skyrim/RTTI.cpp:2655
396395	rtti	CombatBehaviorTreeRangedMovement	curated-verified	0x141f3d940	0x1f3d940	0x141e75eb0	addr-match		RE::RTTI_CombatBehaviorTreeRangedMovement	Code/client/Games/Skyrim/RTTI.cpp:2657
396404	rtti	CombatBehaviorTreeSearch	curated-verified	0x141f3dd18	0x1f3dd18	0x141e76288	addr-match		RE::RTTI_CombatBehaviorTreeSearch	Code/client/Games/Skyrim/RTTI.cpp:2659
396419	rtti	CombatSearchLockData	curated-verified	0x141f3e800	0x1f3e800	0x141e76d70	addr-match		RE::RTTI_CombatSearchLockData	Code/client/Games/Skyrim/RTTI.cpp:2661
396440	rtti	CombatPathingGoalPolicySearchWander	curated-weak	0x141f3fe38	0x1f3fe38	0x141e783a8	addr-match		RE::RTTI_CombatPathingGoalPolicySearchWander	Code/client/Games/Skyrim/RTTI.cpp:2663
396442	rtti	CombatPathingGoalPolicySearch	curated-weak	0x141f3fef8	0x1f3fef8	0x141e78468	addr-match		RE::RTTI_CombatPathingGoalPolicySearch	Code/client/Games/Skyrim/RTTI.cpp:2665
396460	rtti	CombatBehaviorTreeShout	curated-verified	0x141f3ff30	0x1f3ff30	0x141e784a0	addr-match		RE::RTTI_CombatBehaviorTreeShout	Code/client/Games/Skyrim/RTTI.cpp:2667
396466	rtti	CombatBehaviorTreeUseCover	curated-verified	0x141f40240	0x1f40240	0x141e787b0	addr-match		RE::RTTI_CombatBehaviorTreeUseCover	Code/client/Games/Skyrim/RTTI.cpp:2669
396483	rtti	CombatPathingGoalPolicyFindCover	curated-weak	0x141f41268	0x1f41268	0x141e797d8	addr-match		RE::RTTI_CombatPathingGoalPolicyFindCover	Code/client/Games/Skyrim/RTTI.cpp:2671
396494	rtti	CombatBehaviorTreeUsePotion	curated-verified	0x141f412a0	0x1f412a0	0x141e79810	addr-match		RE::RTTI_CombatBehaviorTreeUsePotion	Code/client/Games/Skyrim/RTTI.cpp:2673
396500	rtti	CombatPathingRequestStandard	curated-verified	0x141f41568	0x1f41568	0x141e79ad8	addr-match		RE::RTTI_CombatPathingRequestStandard	Code/client/Games/Skyrim/RTTI.cpp:2675
396501	rtti	CombatPathingRequestAdapter	curated-verified	0x141f415a0	0x1f415a0	0x141e79b10	addr-match		RE::RTTI_CombatPathingRequestAdapter	Code/client/Games/Skyrim/RTTI.cpp:2677
396502	rtti	CombatPathingRequestMultiGoal	curated-verified	0x141f415d8	0x1f415d8	0x141e79b48	addr-match		RE::RTTI_CombatPathingRequestMultiGoal	Code/client/Games/Skyrim/RTTI.cpp:2679
396521	rtti	CombatPathingDebugData	curated-verified	0x141f41538	0x1f41538	0x141e79aa8	addr-match		RE::RTTI_CombatPathingDebugData	Code/client/Games/Skyrim/RTTI.cpp:2681
396525	rtti	CombatPathRequestStandard	curated-weak	0x141f420e8	0x1f420e8	0x141e7a658	addr-match		RE::RTTI_CombatPathRequestStandard	Code/client/Games/Skyrim/RTTI.cpp:2683
396537	rtti	CombatPathRequestMultiGoal	curated-weak	0x141f42768	0x1f42768	0x141e7acd8	addr-match		RE::RTTI_CombatPathRequestMultiGoal	Code/client/Games/Skyrim/RTTI.cpp:2685
396539	rtti	CombatPathDestinationLocations	curated-weak	0x141f427f0	0x1f427f0	0x141e7ad60	addr-match		RE::RTTI_CombatPathDestinationLocations	Code/client/Games/Skyrim/RTTI.cpp:2687
396545	rtti	CombatPathDestinationRefs	curated-weak	0x141f42b40	0x1f42b40	0x141e7b0b0	addr-match		RE::RTTI_CombatPathDestinationRefs	Code/client/Games/Skyrim/RTTI.cpp:2689
396551	rtti	CombatPathRequestWeightedMultiGoal	curated-weak	0x141f42e70	0x1f42e70	0x141e7b3e0	addr-match		RE::RTTI_CombatPathRequestWeightedMultiGoal	Code/client/Games/Skyrim/RTTI.cpp:2691
396562	rtti	CombatPathRequestStraightPath	curated-weak	0x141f43518	0x1f43518	0x141e7ba88	addr-match		RE::RTTI_CombatPathRequestStraightPath	Code/client/Games/Skyrim/RTTI.cpp:2693
396568	rtti	CombatPathRequestRotatePath	curated-weak	0x141f43878	0x1f43878	0x141e7bde8	addr-match		RE::RTTI_CombatPathRequestRotatePath	Code/client/Games/Skyrim/RTTI.cpp:2695
396574	rtti	CombatPathRequestFlight	curated-weak	0x141f43bc0	0x1f43bc0	0x141e7c130	addr-match		RE::RTTI_CombatPathRequestFlight	Code/client/Games/Skyrim/RTTI.cpp:2697
396587	rtti	CombatPathRequestOrbit	curated-weak	0x141f44270	0x1f44270	0x141e7c7e0	addr-match		RE::RTTI_CombatPathRequestOrbit	Code/client/Games/Skyrim/RTTI.cpp:2699
396594	rtti	CombatPathRequestLanding	curated-weak	0x141f445e0	0x1f445e0	0x141e7cb50	addr-match		RE::RTTI_CombatPathRequestLanding	Code/client/Games/Skyrim/RTTI.cpp:2701
396601	rtti	CombatPathRequestHover	curated-weak	0x141f44960	0x1f44960	0x141e7ced0	addr-match		RE::RTTI_CombatPathRequestHover	Code/client/Games/Skyrim/RTTI.cpp:2703
396608	rtti	CombatPathRequestFlyingAttack	curated-weak	0x141f44cc8	0x1f44cc8	0x141e7d238	addr-match		RE::RTTI_CombatPathRequestFlyingAttack	Code/client/Games/Skyrim/RTTI.cpp:2705
396629	rtti	HorseCameraState	curated-verified	0x141f45a90	0x1f45a90	0x141e7e000	addr-match		RE::RTTI_HorseCameraState	Code/client/Games/Skyrim/RTTI.cpp:2707
396630	rtti	FirstPersonState	curated-verified	0x141f45ab8	0x1f45ab8	0x141e7e028	addr-match		RE::RTTI_FirstPersonState	Code/client/Games/Skyrim/RTTI.cpp:2709
396631	rtti	PlayerCamera	curated-verified	0x141f45ae0	0x1f45ae0	0x141e7e050	addr-match		RE::RTTI_PlayerCamera	Code/client/Games/Skyrim/RTTI.cpp:2711
396637	rtti	AutoVanityState	curated-verified	0x141f45ca8	0x1f45ca8	0x141e7e278	addr-match		RE::RTTI_AutoVanityState	Code/client/Games/Skyrim/RTTI.cpp:2713
396638	rtti	FreeCameraState	curated-verified	0x141f45cd0	0x1f45cd0	0x141e7e2a0	addr-match		RE::RTTI_FreeCameraState	Code/client/Games/Skyrim/RTTI.cpp:2715
396639	rtti	IronSightsState	curated-verified	0x141f45cf8	0x1f45cf8	0x141e7e2c8	addr-match		RE::RTTI_IronSightsState	Code/client/Games/Skyrim/RTTI.cpp:2717
396640	rtti	FurnitureCameraState	curated-verified	0x141f45d20	0x1f45d20	0x141e7e2f0	addr-match		RE::RTTI_FurnitureCameraState	Code/client/Games/Skyrim/RTTI.cpp:2719
396641	rtti	PlayerCameraTransitionState	curated-verified	0x141f45d50	0x1f45d50	0x141e7e320	addr-match		RE::RTTI_PlayerCameraTransitionState	Code/client/Games/Skyrim/RTTI.cpp:2721
396642	rtti	BleedoutCameraState	curated-verified	0x141f45d88	0x1f45d88	0x141e7e358	addr-match		RE::RTTI_BleedoutCameraState	Code/client/Games/Skyrim/RTTI.cpp:2723
396643	rtti	TweenMenuCameraState	curated-verified	0x141f45de0	0x1f45de0	0x141e7e388	addr-match		RE::RTTI_TweenMenuCameraState	Code/client/Games/Skyrim/RTTI.cpp:2725
396644	rtti	VATSCameraState	curated-verified	0x141f45e10	0x1f45e10	0x141e7e3b8	addr-match		RE::RTTI_VATSCameraState	Code/client/Games/Skyrim/RTTI.cpp:2727
396645	rtti	FxResponseArgsBase	curated-verified	0x141f45e38	0x1f45e38	0x141e7e3e0	addr-match		RE::RTTI_FxResponseArgsBase	Code/client/Games/Skyrim/RTTI.cpp:2729
396646	rtti	FxResponseArgsList	curated-verified	0x141f45e68	0x1f45e68	0x141e7e410	addr-match		RE::RTTI_FxResponseArgsList	Code/client/Games/Skyrim/RTTI.cpp:2731
396647	rtti	StandardItemData	curated-verified	0x141f45e98	0x1f45e98	0x141e7e440	addr-match		RE::RTTI_StandardItemData	Code/client/Games/Skyrim/RTTI.cpp:2733
396648	rtti	BarterMenu	curated-verified	0x141f45ec0	0x1f45ec0	0x141e7e468	addr-match		RE::RTTI_BarterMenu	Code/client/Games/Skyrim/RTTI.cpp:2735
396653	rtti	BookMenu	curated-verified	0x141f45fa8	0x1f45fa8	0x141e7e550	addr-match		RE::RTTI_BookMenu	Code/client/Games/Skyrim/RTTI.cpp:2737
396654	rtti	IStringForwarder	curated-verified	0x141f46000	0x1f46000	0x141e7e570	addr-match		RE::RTTI_IStringForwarder	Code/client/Games/Skyrim/RTTI.cpp:2739
396655	rtti	Console	curated-verified	0x141f46028	0x1f46028	0x141e7e598	addr-match		RE::RTTI_Console	Code/client/Games/Skyrim/RTTI.cpp:2741
396657	rtti	ConsoleNativeUIMenu	curated-verified	0x141f46080	0x1f46080	0x141e7e5f0	addr-match		RE::RTTI_ConsoleNativeUIMenu	Code/client/Games/Skyrim/RTTI.cpp:2743
396658	rtti	ContainerMenu	curated-verified	0x141f460b0	0x1f460b0	0x141e7e620	addr-match		RE::RTTI_ContainerMenu	Code/client/Games/Skyrim/RTTI.cpp:2745
396660	rtti	CraftingMenu	curated-verified	0x141f46110	0x1f46110	0x141e7e680	addr-match		RE::RTTI_CraftingMenu	Code/client/Games/Skyrim/RTTI.cpp:2747
396679	rtti	CreditsMenu	curated-verified	0x141f466d8	0x1f466d8	0x141e7ec48	addr-match		RE::RTTI_CreditsMenu	Code/client/Games/Skyrim/RTTI.cpp:2749
396680	rtti	CursorMenu	curated-verified	0x141f46700	0x1f46700	0x141e7ec70	addr-match		RE::RTTI_CursorMenu	Code/client/Games/Skyrim/RTTI.cpp:2751
396681	rtti	DialogueMenu	curated-verified	0x141f46728	0x1f46728	0x141e7ec98	addr-match		RE::RTTI_DialogueMenu	Code/client/Games/Skyrim/RTTI.cpp:2753
396682	rtti	FaderMenu	curated-verified	0x141f46750	0x1f46750	0x141e7ecc0	addr-match		RE::RTTI_FaderMenu	Code/client/Games/Skyrim/RTTI.cpp:2755
396683	rtti	FavoritesMenu	curated-verified	0x141f46770	0x1f46770	0x141e7ece0	addr-match		RE::RTTI_FavoritesMenu	Code/client/Games/Skyrim/RTTI.cpp:2757
396684	rtti	GiftMenu	curated-verified	0x141f46798	0x1f46798	0x141e7ed08	addr-match		RE::RTTI_GiftMenu	Code/client/Games/Skyrim/RTTI.cpp:2759
396686	rtti	HUDObject	curated-verified	0x141efe398	0x1efe398	0x141e7ed68	addr-match		RE::RTTI_HUDObject	Code/client/Games/Skyrim/RTTI.cpp:2761
396687	rtti	HUDMeter	curated-verified	0x141f467f8	0x1f467f8	0x141e7ed88	addr-match		RE::RTTI_HUDMeter	Code/client/Games/Skyrim/RTTI.cpp:2763
396688	rtti	HUDMenu	curated-verified	0x141f46818	0x1f46818	0x141e7eda8	addr-match		RE::RTTI_HUDMenu	Code/client/Games/Skyrim/RTTI.cpp:2765
396689	rtti	HUDNotifications	curated-verified	0x141f46838	0x1f46838	0x141e7edc8	addr-match		RE::RTTI_HUDNotifications	Code/client/Games/Skyrim/RTTI.cpp:2767
396690	rtti	ActorValueMeter	curated-verified	0x141f46860	0x1f46860	0x141e7edf0	addr-match		RE::RTTI_ActorValueMeter	Code/client/Games/Skyrim/RTTI.cpp:2769
396691	rtti	ShoutMeter	curated-verified	0x141f46888	0x1f46888	0x141e7ee18	addr-match		RE::RTTI_ShoutMeter	Code/client/Games/Skyrim/RTTI.cpp:2771
396692	rtti	HUDChargeMeter	curated-verified	0x141f468b0	0x1f468b0	0x141e7ee40	addr-match		RE::RTTI_HUDChargeMeter	Code/client/Games/Skyrim/RTTI.cpp:2773
396693	rtti	Compass	curated-verified	0x141f468d8	0x1f468d8	0x141e7ee68	addr-match		RE::RTTI_Compass	Code/client/Games/Skyrim/RTTI.cpp:2775
396694	rtti	EnemyHealth	curated-verified	0x141efe3b8	0x1efe3b8	0x141e7ee88	addr-match		RE::RTTI_EnemyHealth	Code/client/Games/Skyrim/RTTI.cpp:2777
396695	rtti	FloatingQuestMarker	curated-verified	0x141f468f8	0x1f468f8	0x141e7eeb0	addr-match		RE::RTTI_FloatingQuestMarker	Code/client/Games/Skyrim/RTTI.cpp:2779
396696	rtti	StealthMeter	curated-verified	0x141f46928	0x1f46928	0x141e7eee0	addr-match		RE::RTTI_StealthMeter	Code/client/Games/Skyrim/RTTI.cpp:2781
396697	rtti	HelpMessageManager	curated-verified	0x141f46950	0x1f46950	0x141e7ef08	addr-match		RE::RTTI_HelpMessageManager	Code/client/Games/Skyrim/RTTI.cpp:2783
396702	rtti	NewInventoryMenuItemLoadTask	curated-verified	0x141f46b40	0x1f46b40	0x141e7f100	addr-match		RE::RTTI_NewInventoryMenuItemLoadTask	Code/client/Games/Skyrim/RTTI.cpp:2785
396703	rtti	Inventory3DManager	curated-verified	0x141f46b78	0x1f46b78	0x141e7f138	addr-match		RE::RTTI_Inventory3DManager	Code/client/Games/Skyrim/RTTI.cpp:2787
396710	rtti	InventoryMenu	curated-verified	0x141f46e18	0x1f46e18	0x141e7f3d8	addr-match		RE::RTTI_InventoryMenu	Code/client/Games/Skyrim/RTTI.cpp:2789
396712	rtti	LevelUpMenu	curated-verified	0x141f46e88	0x1f46e88	0x141e7f448	addr-match		RE::RTTI_LevelUpMenu	Code/client/Games/Skyrim/RTTI.cpp:2791
396714	rtti	LoadingMenu	curated-verified	0x141f46ef8	0x1f46ef8	0x141e7f4b8	addr-match		RE::RTTI_LoadingMenu	Code/client/Games/Skyrim/RTTI.cpp:2793
396716	rtti	LockpickingMenu	curated-verified	0x141f46f50	0x1f46f50	0x141e7f510	addr-match		RE::RTTI_LockpickingMenu	Code/client/Games/Skyrim/RTTI.cpp:2795
396718	rtti	MagicItemData	curated-verified	0x141f46fa8	0x1f46fa8	0x141e7f568	addr-match		RE::RTTI_MagicItemData	Code/client/Games/Skyrim/RTTI.cpp:2797
396719	rtti	MagicMenu	curated-verified	0x141f46fd0	0x1f46fd0	0x141e7f590	addr-match		RE::RTTI_MagicMenu	Code/client/Games/Skyrim/RTTI.cpp:2799
396727	rtti	MainMenu	curated-verified	0x141f47148	0x1f47148	0x141e7f828	addr-match		RE::RTTI_MainMenu	Code/client/Games/Skyrim/RTTI.cpp:2801
396737	rtti	MenuControls	curated-verified	0x141f47220	0x1f47220	0x141e7fbe8	addr-match		RE::RTTI_MenuControls	Code/client/Games/Skyrim/RTTI.cpp:2803
396749	rtti	MessageBoxMenu	curated-verified	0x141f47580	0x1f47580	0x141e7fed0	addr-match		RE::RTTI_MessageBoxMenu	Code/client/Games/Skyrim/RTTI.cpp:2805
396751	rtti	MistMenu	curated-verified	0x141f475e8	0x1f475e8	0x141e7ff38	addr-match		RE::RTTI_MistMenu	Code/client/Games/Skyrim/RTTI.cpp:2807
396752	rtti	ThumbstickEvent	curated-verified	0x141f47608	0x1f47608	0x141e7ff58	addr-match		RE::RTTI_ThumbstickEvent	Code/client/Games/Skyrim/RTTI.cpp:2809
396753	rtti	RaceSexCamera	UNMAPPED			0x141e7ff80	addr-match			Code/client/Games/Skyrim/RTTI.cpp:2811
396754	rtti	RaceSexMenu	curated-verified	0x141f47630	0x1f47630	0x141e7ffa8	addr-match		RE::RTTI_RaceSexMenu	Code/client/Games/Skyrim/RTTI.cpp:2813
396759	rtti	SafeZoneMenu	curated-verified	0x141f47770	0x1f47770	0x141e800e0	addr-match		RE::RTTI_SafeZoneMenu	Code/client/Games/Skyrim/RTTI.cpp:2815
396760	rtti	SleepWaitMenu	curated-verified	0x141f47798	0x1f47798	0x141e80108	addr-match		RE::RTTI_SleepWaitMenu	Code/client/Games/Skyrim/RTTI.cpp:2817
396761	rtti	StatsNode	curated-verified	0x141f477c0	0x1f477c0	0x141e80130	addr-match		RE::RTTI_StatsNode	Code/client/Games/Skyrim/RTTI.cpp:2819
396762	rtti	StatsMenu	curated-verified	0x141f477e0	0x1f477e0	0x141e80150	addr-match		RE::RTTI_StatsMenu	Code/client/Games/Skyrim/RTTI.cpp:2821
396763	rtti	LineNode	curated-verified	0x141f47800	0x1f47800	0x141e80170	addr-match		RE::RTTI_LineNode	Code/client/Games/Skyrim/RTTI.cpp:2823
396773	rtti	StreamingInstallMenu	curated-verified	0x141f479c8	0x1f479c8	0x141e80390	addr-match		RE::RTTI_StreamingInstallMenu	Code/client/Games/Skyrim/RTTI.cpp:2825
396774	rtti	TitleSequenceMenu	curated-verified	0x141f479f8	0x1f479f8	0x141e803c0	addr-match		RE::RTTI_TitleSequenceMenu	Code/client/Games/Skyrim/RTTI.cpp:2827
396775	rtti	TrainingMenu	curated-verified	0x141f47a20	0x1f47a20	0x141e803e8	addr-match		RE::RTTI_TrainingMenu	Code/client/Games/Skyrim/RTTI.cpp:2829
396776	rtti	TutorialMenu	curated-verified	0x141f47a48	0x1f47a48	0x141e80410	addr-match		RE::RTTI_TutorialMenu	Code/client/Games/Skyrim/RTTI.cpp:2831
396777	rtti	TweenMenu	curated-verified	0x141f47a70	0x1f47a70	0x141e80438	addr-match		RE::RTTI_TweenMenu	Code/client/Games/Skyrim/RTTI.cpp:2833
396778	rtti	UIBlurManager	curated-verified	0x141f47ac8	0x1f47ac8	0x141e80458	addr-match		RE::RTTI_UIBlurManager	Code/client/Games/Skyrim/RTTI.cpp:2835
396783	rtti	HUDData	curated-verified	0x141f47c98	0x1f47c98	0x141e80628	addr-match		RE::RTTI_HUDData	Code/client/Games/Skyrim/RTTI.cpp:2837
396784	rtti	ConsoleData	curated-verified	0x141f47cb8	0x1f47cb8	0x141e80648	addr-match		RE::RTTI_ConsoleData	Code/client/Games/Skyrim/RTTI.cpp:2839
396786	rtti	InventoryUpdateData	curated-verified	0x141f47d00	0x1f47d00	0x141e80690	addr-match		RE::RTTI_InventoryUpdateData	Code/client/Games/Skyrim/RTTI.cpp:2841
396790	rtti	KinectStateChangeData	curated-verified	0x141f47da8	0x1f47da8	0x141e80738	addr-match		RE::RTTI_KinectStateChangeData	Code/client/Games/Skyrim/RTTI.cpp:2843
396791	rtti	KinectUserEventData	curated-verified	0x141f47dd8	0x1f47dd8	0x141e80768	addr-match		RE::RTTI_KinectUserEventData	Code/client/Games/Skyrim/RTTI.cpp:2845
396823	rtti	UISaveLoadManager	curated-verified	0x141f48df8	0x1f48df8	0x141e81758	addr-match		RE::RTTI_UISaveLoadManager	Code/client/Games/Skyrim/RTTI.cpp:2847
396833	rtti	TransitionState	UNMAPPED			0x141e81a30	addr-match			Code/client/Games/Skyrim/RTTI.cpp:2849
396837	rtti	MapCamera	UNMAPPED			0x141e81af0	addr-match			Code/client/Games/Skyrim/RTTI.cpp:2851
396841	rtti	MapMenu	curated-verified	0x141f490d0	0x1f490d0	0x141e81bd8	addr-match		RE::RTTI_MapMenu	Code/client/Games/Skyrim/RTTI.cpp:2853
396842	rtti	MapInputHandler	curated-verified	0x141f490f0	0x1f490f0	0x141e81bf8	addr-match		RE::RTTI_MapInputHandler	Code/client/Games/Skyrim/RTTI.cpp:2855
396843	rtti	MapLookHandler	curated-verified	0x141f49118	0x1f49118	0x141e81c20	addr-match		RE::RTTI_MapLookHandler	Code/client/Games/Skyrim/RTTI.cpp:2857
396844	rtti	MapMoveHandler	curated-verified	0x141f49140	0x1f49140	0x141e81c48	addr-match		RE::RTTI_MapMoveHandler	Code/client/Games/Skyrim/RTTI.cpp:2859
396845	rtti	MapZoomHandler	curated-verified	0x141f49168	0x1f49168	0x141e81c70	addr-match		RE::RTTI_MapZoomHandler	Code/client/Games/Skyrim/RTTI.cpp:2861
396849	rtti	JournalTab	curated-verified	0x141f49328	0x1f49328	0x141e81d68	addr-match		RE::RTTI_JournalTab	Code/client/Games/Skyrim/RTTI.cpp:2863
396861	rtti	ModManagerData	curated-verified	0x141f49648	0x1f49648	0x141e82088	addr-match		RE::RTTI_ModManagerData	Code/client/Games/Skyrim/RTTI.cpp:2865
396866	rtti	JournalMenu	curated-verified	0x141f49738	0x1f49738	0x141e82178	addr-match		RE::RTTI_JournalMenu	Code/client/Games/Skyrim/RTTI.cpp:2867
396931	rtti	BSCounterStorage	curated-verified	0x141f4b870	0x1f4b870	0x141e842b0	addr-match		RE::RTTI_BSCounterStorage	Code/client/Games/Skyrim/RTTI.cpp:2869
396984	rtti	SkyrimVM	curated-verified	0x141f4c540	0x1f4c540	0x141e84fc0	addr-match		RE::RTTI_SkyrimVM	Code/client/Games/Skyrim/RTTI.cpp:2871
397043	rtti	IGiftMenuScriptCallback	curated-verified	0x141f4d478	0x1f4d478	0x141e85fa8	addr-match		RE::RTTI_IGiftMenuScriptCallback	Code/client/Games/Skyrim/RTTI.cpp:2873
397427	rtti	SkyrimSpeechRecognition	curated-verified	0x141f55bc8	0x1f55bc8	0x141e8e718	addr-match		RE::RTTI_SkyrimSpeechRecognition	Code/client/Games/Skyrim/RTTI.cpp:2875
397436	rtti	hkaFootPlacementIkSolver	curated-verified	0x141f55f30	0x1f55f30	0x141e8ea80	addr-match		RE::RTTI_hkaFootPlacementIkSolver	Code/client/Games/Skyrim/RTTI.cpp:2877
397437	rtti	hkReferencedObjectLock	curated-verified	0x141f55f60	0x1f55f60	0x141e8eab0	addr-match		RE::RTTI_hkReferencedObjectLock	Code/client/Games/Skyrim/RTTI.cpp:2879
397439	rtti	hkMemoryAllocator	curated-verified	0x141f55fd0	0x1f55fd0	0x141e8eb20	addr-match		RE::RTTI_hkMemoryAllocator	Code/client/Games/Skyrim/RTTI.cpp:2881
397440	rtti	hkLifoAllocator	curated-verified	0x141f55ff8	0x1f55ff8	0x141e8eb48	addr-match		RE::RTTI_hkLifoAllocator	Code/client/Games/Skyrim/RTTI.cpp:2883
397444	rtti	hkOstream	curated-verified	0x141f560e0	0x1f560e0	0x141e8ec30	addr-match		RE::RTTI_hkOstream	Code/client/Games/Skyrim/RTTI.cpp:2885
397445	rtti	hkErrStream	curated-verified	0x141f56100	0x1f56100	0x141e8ec50	addr-match		RE::RTTI_hkErrStream	Code/client/Games/Skyrim/RTTI.cpp:2887
397446	rtti	hkLocalFrameGroup	curated-verified	0x141f56128	0x1f56128	0x141e8ec78	addr-match		RE::RTTI_hkLocalFrameGroup	Code/client/Games/Skyrim/RTTI.cpp:2889
397447	rtti	hkLocalFrame	curated-verified	0x141f56150	0x1f56150	0x141e8eca0	addr-match		RE::RTTI_hkLocalFrame	Code/client/Games/Skyrim/RTTI.cpp:2891
397448	rtti	hkSimpleLocalFrame	curated-verified	0x141f56178	0x1f56178	0x141e8ecc8	addr-match		RE::RTTI_hkSimpleLocalFrame	Code/client/Games/Skyrim/RTTI.cpp:2893
397449	rtti	hkBufferedStreamReader	curated-verified	0x141f561a8	0x1f561a8	0x141e8ecf8	addr-match		RE::RTTI_hkBufferedStreamReader	Code/client/Games/Skyrim/RTTI.cpp:2895
397450	rtti	hkBufferedStreamWriter	curated-verified	0x141f561d8	0x1f561d8	0x141e8ed28	addr-match		RE::RTTI_hkBufferedStreamWriter	Code/client/Games/Skyrim/RTTI.cpp:2897
397451	rtti	hkSeekableStreamReader	curated-verified	0x141f56208	0x1f56208	0x141e8ed58	addr-match		RE::RTTI_hkSeekableStreamReader	Code/client/Games/Skyrim/RTTI.cpp:2899
397452	rtti	hkStdioStreamReader	curated-verified	0x141f56238	0x1f56238	0x141e8ed88	addr-match		RE::RTTI_hkStdioStreamReader	Code/client/Games/Skyrim/RTTI.cpp:2901
397453	rtti	hkStdioStreamWriter	curated-verified	0x141f56268	0x1f56268	0x141e8edb8	addr-match		RE::RTTI_hkStdioStreamWriter	Code/client/Games/Skyrim/RTTI.cpp:2903
397454	rtti	hkMemoryTrackStreamWriter	curated-verified	0x141f56298	0x1f56298	0x141e8ede8	addr-match		RE::RTTI_hkMemoryTrackStreamWriter	Code/client/Games/Skyrim/RTTI.cpp:2905
397455	rtti	hkArrayStreamWriter	curated-verified	0x141f562c8	0x1f562c8	0x141e8ee18	addr-match		RE::RTTI_hkArrayStreamWriter	Code/client/Games/Skyrim/RTTI.cpp:2907
397456	rtti	hkStatisticsCollector	curated-verified	0x141f562f8	0x1f562f8	0x141e8ee48	addr-match		RE::RTTI_hkStatisticsCollector	Code/client/Games/Skyrim/RTTI.cpp:2909
397457	rtti	hkCrc32StreamWriter	curated-verified	0x141f56328	0x1f56328	0x141e8ee78	addr-match		RE::RTTI_hkCrc32StreamWriter	Code/client/Games/Skyrim/RTTI.cpp:2911
397459	rtti	hkStackTracer	curated-verified	0x141f56390	0x1f56390	0x141e8eee0	addr-match		RE::RTTI_hkStackTracer	Code/client/Games/Skyrim/RTTI.cpp:2913
397461	rtti	hkDummySingleton	curated-verified	0x141f563f0	0x1f563f0	0x141e8ef40	addr-match		RE::RTTI_hkDummySingleton	Code/client/Games/Skyrim/RTTI.cpp:2915
397463	rtti	hkTrackerSerializableScanSnapshot	curated-verified	0x141f56450	0x1f56450	0x141e8efa0	addr-match		RE::RTTI_hkTrackerSerializableScanSnapshot	Code/client/Games/Skyrim/RTTI.cpp:2917
397464	rtti	hkTrackerTypeTreeTextCache	curated-verified	0x141f56488	0x1f56488	0x141e8efd8	addr-match		RE::RTTI_hkTrackerTypeTreeTextCache	Code/client/Games/Skyrim/RTTI.cpp:2919
397465	rtti	hkMemoryTrackStreamReader	curated-verified	0x141f564c0	0x1f564c0	0x141e8f010	addr-match		RE::RTTI_hkMemoryTrackStreamReader	Code/client/Games/Skyrim/RTTI.cpp:2921
397466	rtti	hkOArchive	curated-verified	0x141f564f0	0x1f564f0	0x141e8f040	addr-match		RE::RTTI_hkOArchive	Code/client/Games/Skyrim/RTTI.cpp:2923
397467	rtti	hkDefaultError	curated-verified	0x141f56518	0x1f56518	0x141e8f068	addr-match		RE::RTTI_hkDefaultError	Code/client/Games/Skyrim/RTTI.cpp:2925
397468	rtti	hkSocket	curated-verified	0x141f56540	0x1f56540	0x141e8f090	addr-match		RE::RTTI_hkSocket	Code/client/Games/Skyrim/RTTI.cpp:2927
397471	rtti	hkTrackerScanSnapshot	curated-verified	0x141f565c0	0x1f565c0	0x141e8f110	addr-match		RE::RTTI_hkTrackerScanSnapshot	Code/client/Games/Skyrim/RTTI.cpp:2929
397472	rtti	hkBsdSocket	curated-verified	0x141f565f0	0x1f565f0	0x141e8f140	addr-match		RE::RTTI_hkBsdSocket	Code/client/Games/Skyrim/RTTI.cpp:2931
397473	rtti	hkTrackerTypeTreeCache	curated-verified	0x141f56618	0x1f56618	0x141e8f168	addr-match		RE::RTTI_hkTrackerTypeTreeCache	Code/client/Games/Skyrim/RTTI.cpp:2933
397474	rtti	hkMemoryTracker	curated-verified	0x141f56648	0x1f56648	0x141e8f198	addr-match		RE::RTTI_hkMemoryTracker	Code/client/Games/Skyrim/RTTI.cpp:2935
397475	rtti	hkDefaultMemoryTracker	curated-verified	0x141f56670	0x1f56670	0x141e8f1c0	addr-match		RE::RTTI_hkDefaultMemoryTracker	Code/client/Games/Skyrim/RTTI.cpp:2937
397476	rtti	hkMemorySystem	curated-verified	0x141f566a0	0x1f566a0	0x141e8f1f0	addr-match		RE::RTTI_hkMemorySystem	Code/client/Games/Skyrim/RTTI.cpp:2939
397477	rtti	hkDummyMemoryTrackerImpl	curated-verified	0x141f566c8	0x1f566c8	0x141e8f218	addr-match		RE::RTTI_hkDummyMemoryTrackerImpl	Code/client/Games/Skyrim/RTTI.cpp:2941
397478	rtti	hkTrackerArrayLayoutHandler	curated-verified	0x141f566f8	0x1f566f8	0x141e8f248	addr-match		RE::RTTI_hkTrackerArrayLayoutHandler	Code/client/Games/Skyrim/RTTI.cpp:2943
397479	rtti	hkTrackerLayoutHandler	curated-verified	0x141f56730	0x1f56730	0x141e8f280	addr-match		RE::RTTI_hkTrackerLayoutHandler	Code/client/Games/Skyrim/RTTI.cpp:2945
397480	rtti	hkTrackerStringPtrLayoutHandler	curated-verified	0x141f56760	0x1f56760	0x141e8f2b0	addr-match		RE::RTTI_hkTrackerStringPtrLayoutHandler	Code/client/Games/Skyrim/RTTI.cpp:2947
397481	rtti	hkTrackerCachedHashMapLayoutHandler	curated-verified	0x141f56798	0x1f56798	0x141e8f2e8	addr-match		RE::RTTI_hkTrackerCachedHashMapLayoutHandler	Code/client/Games/Skyrim/RTTI.cpp:2949
397482	rtti	hkTrackerStringMapLayoutHandler	curated-verified	0x141f567d8	0x1f567d8	0x141e8f328	addr-match		RE::RTTI_hkTrackerStringMapLayoutHandler	Code/client/Games/Skyrim/RTTI.cpp:2951
397483	rtti	hkTrackerTypeLayout	curated-verified	0x141f56810	0x1f56810	0x141e8f360	addr-match		RE::RTTI_hkTrackerTypeLayout	Code/client/Games/Skyrim/RTTI.cpp:2953
397484	rtti	hkTrackerLayoutCalculator	curated-verified	0x141f56840	0x1f56840	0x141e8f390	addr-match		RE::RTTI_hkTrackerLayoutCalculator	Code/client/Games/Skyrim/RTTI.cpp:2955
397485	rtti	hkTrackerRefPtrLayoutHandler	curated-verified	0x141f56870	0x1f56870	0x141e8f3c0	addr-match		RE::RTTI_hkTrackerRefPtrLayoutHandler	Code/client/Games/Skyrim/RTTI.cpp:2957
397486	rtti	hkbRagdollDriver	curated-verified	0x141f568a8	0x1f568a8	0x141e8f3f8	addr-match		RE::RTTI_hkbRagdollDriver	Code/client/Games/Skyrim/RTTI.cpp:2959
397487	rtti	hkbNode	curated-verified	0x141f568d0	0x1f568d0	0x141e8f420	addr-match		RE::RTTI_hkbNode	Code/client/Games/Skyrim/RTTI.cpp:2961
397488	rtti	hkbBindable	curated-verified	0x141f568f0	0x1f568f0	0x141e8f440	addr-match		RE::RTTI_hkbBindable	Code/client/Games/Skyrim/RTTI.cpp:2963
397489	rtti	hkbBehaviorGraph	curated-verified	0x141f56918	0x1f56918	0x141e8f468	addr-match		RE::RTTI_hkbBehaviorGraph	Code/client/Games/Skyrim/RTTI.cpp:2965
397490	rtti	hkbGenerator	curated-verified	0x141f56940	0x1f56940	0x141e8f490	addr-match		RE::RTTI_hkbGenerator	Code/client/Games/Skyrim/RTTI.cpp:2967
397491	rtti	hkbNodeInternalStateInfo	curated-verified	0x141f56968	0x1f56968	0x141e8f4b8	addr-match		RE::RTTI_hkbNodeInternalStateInfo	Code/client/Games/Skyrim/RTTI.cpp:2969
397494	rtti	hkbFootIkDriver	curated-verified	0x141f56a08	0x1f56a08	0x141e8f558	addr-match		RE::RTTI_hkbFootIkDriver	Code/client/Games/Skyrim/RTTI.cpp:2971
397495	rtti	hkbAnimationBindingSet	curated-verified	0x141f56a30	0x1f56a30	0x141e8f580	addr-match		RE::RTTI_hkbAnimationBindingSet	Code/client/Games/Skyrim/RTTI.cpp:2973
397496	rtti	hkbCharacter	curated-verified	0x141f56a60	0x1f56a60	0x141e8f5b0	addr-match		RE::RTTI_hkbCharacter	Code/client/Games/Skyrim/RTTI.cpp:2975
397497	rtti	hkbWorld	curated-verified	0x141f56a88	0x1f56a88	0x141e8f5d8	addr-match		RE::RTTI_hkbWorld	Code/client/Games/Skyrim/RTTI.cpp:2977
397498	rtti	hkbSceneModifier	curated-verified	0x141f56aa8	0x1f56aa8	0x141e8f5f8	addr-match		RE::RTTI_hkbSceneModifier	Code/client/Games/Skyrim/RTTI.cpp:2979
397499	rtti	hkbFootIkSceneModifier	curated-verified	0x141f56ad0	0x1f56ad0	0x141e8f620	addr-match		RE::RTTI_hkbFootIkSceneModifier	Code/client/Games/Skyrim/RTTI.cpp:2981
397500	rtti	hkbHandIkSceneModifier	curated-verified	0x141f56b00	0x1f56b00	0x141e8f650	addr-match		RE::RTTI_hkbHandIkSceneModifier	Code/client/Games/Skyrim/RTTI.cpp:2983
397501	rtti	hkbHandIkFixupSceneModifier	curated-verified	0x141f56b30	0x1f56b30	0x141e8f680	addr-match		RE::RTTI_hkbHandIkFixupSceneModifier	Code/client/Games/Skyrim/RTTI.cpp:2985
397502	rtti	hkbBindableCollector	curated-verified	0x141f56b68	0x1f56b68	0x141e8f6b8	addr-match		RE::RTTI_hkbBindableCollector	Code/client/Games/Skyrim/RTTI.cpp:2987
397505	rtti	hkbAttachmentSetup	curated-verified	0x141f56c10	0x1f56c10	0x141e8f760	addr-match		RE::RTTI_hkbAttachmentSetup	Code/client/Games/Skyrim/RTTI.cpp:2989
397506	rtti	hkbEventPayload	curated-verified	0x141f56c40	0x1f56c40	0x141e8f790	addr-match		RE::RTTI_hkbEventPayload	Code/client/Games/Skyrim/RTTI.cpp:2991
397507	rtti	hkbRealEventPayload	curated-verified	0x141f56c68	0x1f56c68	0x141e8f7b8	addr-match		RE::RTTI_hkbRealEventPayload	Code/client/Games/Skyrim/RTTI.cpp:2993
397508	rtti	hkbIntEventPayload	curated-verified	0x141f56c98	0x1f56c98	0x141e8f7e8	addr-match		RE::RTTI_hkbIntEventPayload	Code/client/Games/Skyrim/RTTI.cpp:2995
397509	rtti	hkbStringEventPayload	curated-verified	0x141f56cc8	0x1f56cc8	0x141e8f818	addr-match		RE::RTTI_hkbStringEventPayload	Code/client/Games/Skyrim/RTTI.cpp:2997
397510	rtti	hkbNamedEventPayload	curated-verified	0x141f56cf8	0x1f56cf8	0x141e8f848	addr-match		RE::RTTI_hkbNamedEventPayload	Code/client/Games/Skyrim/RTTI.cpp:2999
397511	rtti	hkbNamedRealEventPayload	curated-verified	0x141f56d28	0x1f56d28	0x141e8f878	addr-match		RE::RTTI_hkbNamedRealEventPayload	Code/client/Games/Skyrim/RTTI.cpp:3001
397512	rtti	hkbNamedIntEventPayload	curated-verified	0x141f56d58	0x1f56d58	0x141e8f8a8	addr-match		RE::RTTI_hkbNamedIntEventPayload	Code/client/Games/Skyrim/RTTI.cpp:3003
397513	rtti	hkbNamedStringEventPayload	curated-verified	0x141f56d88	0x1f56d88	0x141e8f8d8	addr-match		RE::RTTI_hkbNamedStringEventPayload	Code/client/Games/Skyrim/RTTI.cpp:3005
397514	rtti	hkbEventPayloadList	curated-verified	0x141f56dc0	0x1f56dc0	0x141e8f910	addr-match		RE::RTTI_hkbEventPayloadList	Code/client/Games/Skyrim/RTTI.cpp:3007
397515	rtti	hkbVariableBindingSet	curated-verified	0x141f56df0	0x1f56df0	0x141e8f940	addr-match		RE::RTTI_hkbVariableBindingSet	Code/client/Games/Skyrim/RTTI.cpp:3009
397516	rtti	hkbHandle	curated-verified	0x141f56e20	0x1f56e20	0x141e8f970	addr-match		RE::RTTI_hkbHandle	Code/client/Games/Skyrim/RTTI.cpp:3011
397517	rtti	hkbHandIkDriverInfo	curated-verified	0x141f56e40	0x1f56e40	0x141e8f990	addr-match		RE::RTTI_hkbHandIkDriverInfo	Code/client/Games/Skyrim/RTTI.cpp:3013
397518	rtti	hkbTransitionEffect	curated-verified	0x141f56e70	0x1f56e70	0x141e8f9c0	addr-match		RE::RTTI_hkbTransitionEffect	Code/client/Games/Skyrim/RTTI.cpp:3015
397519	rtti	hkbProjectStringData	curated-verified	0x141f56ea0	0x1f56ea0	0x141e8f9f0	addr-match		RE::RTTI_hkbProjectStringData	Code/client/Games/Skyrim/RTTI.cpp:3017
397520	rtti	hkbBehaviorGraphInternalState	curated-verified	0x141f56ed0	0x1f56ed0	0x141e8fa20	addr-match		RE::RTTI_hkbBehaviorGraphInternalState	Code/client/Games/Skyrim/RTTI.cpp:3019
397521	rtti	hkbBehaviorGraphData	curated-verified	0x141f56f08	0x1f56f08	0x141e8fa58	addr-match		RE::RTTI_hkbBehaviorGraphData	Code/client/Games/Skyrim/RTTI.cpp:3021
397522	rtti	hkbStateListener	curated-verified	0x141f56f38	0x1f56f38	0x141e8fa88	addr-match		RE::RTTI_hkbStateListener	Code/client/Games/Skyrim/RTTI.cpp:3023
397523	rtti	hkbSequence	curated-verified	0x141f56f60	0x1f56f60	0x141e8fab0	addr-match		RE::RTTI_hkbSequence	Code/client/Games/Skyrim/RTTI.cpp:3025
397524	rtti	hkbModifier	curated-verified	0x141f56f88	0x1f56f88	0x141e8fad8	addr-match		RE::RTTI_hkbModifier	Code/client/Games/Skyrim/RTTI.cpp:3027
397525	rtti	hkbBehaviorGraphStringData	curated-verified	0x141f56fb0	0x1f56fb0	0x141e8fb00	addr-match		RE::RTTI_hkbBehaviorGraphStringData	Code/client/Games/Skyrim/RTTI.cpp:3029
397526	rtti	hkbBoneIndexArray	curated-verified	0x141f56fe8	0x1f56fe8	0x141e8fb38	addr-match		RE::RTTI_hkbBoneIndexArray	Code/client/Games/Skyrim/RTTI.cpp:3031
397527	rtti	hkbBoneWeightArray	curated-verified	0x141f57010	0x1f57010	0x141e8fb60	addr-match		RE::RTTI_hkbBoneWeightArray	Code/client/Games/Skyrim/RTTI.cpp:3033
397528	rtti	hkbCharacterStringData	curated-verified	0x141f57040	0x1f57040	0x141e8fb90	addr-match		RE::RTTI_hkbCharacterStringData	Code/client/Games/Skyrim/RTTI.cpp:3035
397529	rtti	hkbFootIkDriverInfo	curated-verified	0x141f57070	0x1f57070	0x141e8fbc0	addr-match		RE::RTTI_hkbFootIkDriverInfo	Code/client/Games/Skyrim/RTTI.cpp:3037
397530	rtti	hkbMirroredSkeletonInfo	curated-verified	0x141f570a0	0x1f570a0	0x141e8fbf0	addr-match		RE::RTTI_hkbMirroredSkeletonInfo	Code/client/Games/Skyrim/RTTI.cpp:3039
397531	rtti	hkbCondition	curated-verified	0x141f570d0	0x1f570d0	0x141e8fc20	addr-match		RE::RTTI_hkbCondition	Code/client/Games/Skyrim/RTTI.cpp:3041
397532	rtti	hkbCompiledExpressionSet	curated-verified	0x141f570f8	0x1f570f8	0x141e8fc48	addr-match		RE::RTTI_hkbCompiledExpressionSet	Code/client/Games/Skyrim/RTTI.cpp:3043
397533	rtti	hkbExpressionCondition	curated-verified	0x141f57128	0x1f57128	0x141e8fc78	addr-match		RE::RTTI_hkbExpressionCondition	Code/client/Games/Skyrim/RTTI.cpp:3045
397534	rtti	hkbStringCondition	curated-verified	0x141f57158	0x1f57158	0x141e8fca8	addr-match		RE::RTTI_hkbStringCondition	Code/client/Games/Skyrim/RTTI.cpp:3047
397535	rtti	hkbBehaviorReferenceGenerator	curated-verified	0x141f57188	0x1f57188	0x141e8fcd8	addr-match		RE::RTTI_hkbBehaviorReferenceGenerator	Code/client/Games/Skyrim/RTTI.cpp:3049
397536	rtti	hkbBlenderGeneratorChild	curated-verified	0x141f571c0	0x1f571c0	0x141e8fd10	addr-match		RE::RTTI_hkbBlenderGeneratorChild	Code/client/Games/Skyrim/RTTI.cpp:3051
397537	rtti	hkbBlenderGenerator	curated-verified	0x141f571f0	0x1f571f0	0x141e8fd40	addr-match		RE::RTTI_hkbBlenderGenerator	Code/client/Games/Skyrim/RTTI.cpp:3053
397538	rtti	hkbBlenderGeneratorInternalState	curated-verified	0x141f57220	0x1f57220	0x141e8fd70	addr-match		RE::RTTI_hkbBlenderGeneratorInternalState	Code/client/Games/Skyrim/RTTI.cpp:3055
397539	rtti	hkbClipTriggerArray	curated-verified	0x141f57258	0x1f57258	0x141e8fda8	addr-match		RE::RTTI_hkbClipTriggerArray	Code/client/Games/Skyrim/RTTI.cpp:3057
397540	rtti	hkbClipGeneratorInternalState	curated-verified	0x141f57288	0x1f57288	0x141e8fdd8	addr-match		RE::RTTI_hkbClipGeneratorInternalState	Code/client/Games/Skyrim/RTTI.cpp:3059
397541	rtti	hkbRegisteredGenerator	curated-verified	0x141f572c0	0x1f572c0	0x141e8fe10	addr-match		RE::RTTI_hkbRegisteredGenerator	Code/client/Games/Skyrim/RTTI.cpp:3061
397542	rtti	hkbManualSelectorGenerator	curated-verified	0x141f572f0	0x1f572f0	0x141e8fe40	addr-match		RE::RTTI_hkbManualSelectorGenerator	Code/client/Games/Skyrim/RTTI.cpp:3063
397543	rtti	hkbManualSelectorGeneratorInternalState	curated-verified	0x141f57328	0x1f57328	0x141e8fe78	addr-match		RE::RTTI_hkbManualSelectorGeneratorInternalState	Code/client/Games/Skyrim/RTTI.cpp:3065
397544	rtti	hkbModifierGenerator	curated-verified	0x141f57368	0x1f57368	0x141e8feb8	addr-match		RE::RTTI_hkbModifierGenerator	Code/client/Games/Skyrim/RTTI.cpp:3067
397545	rtti	hkbPoseMatchingGenerator	curated-verified	0x141f57398	0x1f57398	0x141e8fee8	addr-match		RE::RTTI_hkbPoseMatchingGenerator	Code/client/Games/Skyrim/RTTI.cpp:3069
397546	rtti	hkbPoseMatchingGeneratorInternalState	curated-verified	0x141f573c8	0x1f573c8	0x141e8ff18	addr-match		RE::RTTI_hkbPoseMatchingGeneratorInternalState	Code/client/Games/Skyrim/RTTI.cpp:3071
397547	rtti	hkbReferencePoseGenerator	curated-verified	0x141f57408	0x1f57408	0x141e8ff58	addr-match		RE::RTTI_hkbReferencePoseGenerator	Code/client/Games/Skyrim/RTTI.cpp:3073
397548	rtti	hkbAttachmentModifier	curated-verified	0x141f57438	0x1f57438	0x141e8ff88	addr-match		RE::RTTI_hkbAttachmentModifier	Code/client/Games/Skyrim/RTTI.cpp:3075
397549	rtti	hkbAttributeModifier	curated-verified	0x141f57468	0x1f57468	0x141e8ffb8	addr-match		RE::RTTI_hkbAttributeModifier	Code/client/Games/Skyrim/RTTI.cpp:3077
397550	rtti	hkbCharacterControllerModifier	curated-verified	0x141f57498	0x1f57498	0x141e8ffe8	addr-match		RE::RTTI_hkbCharacterControllerModifier	Code/client/Games/Skyrim/RTTI.cpp:3079
397551	rtti	hkbCharacterControllerModifierInternalState	curated-verified	0x141f574d0	0x1f574d0	0x141e90020	addr-match		RE::RTTI_hkbCharacterControllerModifierInternalState	Code/client/Games/Skyrim/RTTI.cpp:3081
397552	rtti	hkbCombineTransformsModifier	curated-verified	0x141f57518	0x1f57518	0x141e90068	addr-match		RE::RTTI_hkbCombineTransformsModifier	Code/client/Games/Skyrim/RTTI.cpp:3083
397553	rtti	hkbCombineTransformsModifierInternalState	curated-verified	0x141f57550	0x1f57550	0x141e900a0	addr-match		RE::RTTI_hkbCombineTransformsModifierInternalState	Code/client/Games/Skyrim/RTTI.cpp:3085
397554	rtti	hkbComputeDirectionModifier	curated-verified	0x141f57590	0x1f57590	0x141e900e0	addr-match		RE::RTTI_hkbComputeDirectionModifier	Code/client/Games/Skyrim/RTTI.cpp:3087
397555	rtti	hkbComputeDirectionModifierInternalState	curated-verified	0x141f575c8	0x1f575c8	0x141e90118	addr-match		RE::RTTI_hkbComputeDirectionModifierInternalState	Code/client/Games/Skyrim/RTTI.cpp:3089
397556	rtti	hkbComputeRotationFromAxisAngleModifier	curated-verified	0x141f57608	0x1f57608	0x141e90158	addr-match		RE::RTTI_hkbComputeRotationFromAxisAngleModifier	Code/client/Games/Skyrim/RTTI.cpp:3091
397557	rtti	hkbComputeRotationFromAxisAngleModifierInternalState	curated-verified	0x141f57650	0x1f57650	0x141e901a0	addr-match		RE::RTTI_hkbComputeRotationFromAxisAngleModifierInternalState	Code/client/Games/Skyrim/RTTI.cpp:3093
397558	rtti	hkbComputeRotationToTargetModifier	curated-verified	0x141f576a0	0x1f576a0	0x141e901f0	addr-match		RE::RTTI_hkbComputeRotationToTargetModifier	Code/client/Games/Skyrim/RTTI.cpp:3095
397559	rtti	hkbComputeRotationToTargetModifierInternalState	curated-verified	0x141f576e0	0x1f576e0	0x141e90230	addr-match		RE::RTTI_hkbComputeRotationToTargetModifierInternalState	Code/client/Games/Skyrim/RTTI.cpp:3097
397560	rtti	hkbDampingModifier	curated-verified	0x141f57728	0x1f57728	0x141e90278	addr-match		RE::RTTI_hkbDampingModifier	Code/client/Games/Skyrim/RTTI.cpp:3099
397561	rtti	hkbDampingModifierInternalState	curated-verified	0x141f57758	0x1f57758	0x141e902a8	addr-match		RE::RTTI_hkbDampingModifierInternalState	Code/client/Games/Skyrim/RTTI.cpp:3101
397562	rtti	hkbModifierWrapper	curated-verified	0x141f57790	0x1f57790	0x141e902e0	addr-match		RE::RTTI_hkbModifierWrapper	Code/client/Games/Skyrim/RTTI.cpp:3103
397563	rtti	hkbDelayedModifier	curated-verified	0x141f577c0	0x1f577c0	0x141e90310	addr-match		RE::RTTI_hkbDelayedModifier	Code/client/Games/Skyrim/RTTI.cpp:3105
397564	rtti	hkbDelayedModifierInternalState	curated-verified	0x141f577f0	0x1f577f0	0x141e90340	addr-match		RE::RTTI_hkbDelayedModifierInternalState	Code/client/Games/Skyrim/RTTI.cpp:3107
397565	rtti	hkbDetectCloseToGroundModifier	curated-verified	0x141f57828	0x1f57828	0x141e90378	addr-match		RE::RTTI_hkbDetectCloseToGroundModifier	Code/client/Games/Skyrim/RTTI.cpp:3109
397566	rtti	hkbDetectCloseToGroundModifierInternalState	curated-verified	0x141f57860	0x1f57860	0x141e903b0	addr-match		RE::RTTI_hkbDetectCloseToGroundModifierInternalState	Code/client/Games/Skyrim/RTTI.cpp:3111
397567	rtti	hkbExpressionDataArray	curated-verified	0x141f578a8	0x1f578a8	0x141e903f8	addr-match		RE::RTTI_hkbExpressionDataArray	Code/client/Games/Skyrim/RTTI.cpp:3113
397568	rtti	hkbEvaluateExpressionModifier	curated-verified	0x141f578d8	0x1f578d8	0x141e90428	addr-match		RE::RTTI_hkbEvaluateExpressionModifier	Code/client/Games/Skyrim/RTTI.cpp:3115
397569	rtti	hkbEvaluateExpressionModifierInternalState	curated-verified	0x141f57910	0x1f57910	0x141e90460	addr-match		RE::RTTI_hkbEvaluateExpressionModifierInternalState	Code/client/Games/Skyrim/RTTI.cpp:3117
397570	rtti	hkbEvaluateHandleModifier	curated-verified	0x141f57958	0x1f57958	0x141e904a8	addr-match		RE::RTTI_hkbEvaluateHandleModifier	Code/client/Games/Skyrim/RTTI.cpp:3119
397571	rtti	hkbEventDrivenModifier	curated-verified	0x141f57988	0x1f57988	0x141e904d8	addr-match		RE::RTTI_hkbEventDrivenModifier	Code/client/Games/Skyrim/RTTI.cpp:3121
397572	rtti	hkbEventDrivenModifierInternalState	curated-verified	0x141f579b8	0x1f579b8	0x141e90508	addr-match		RE::RTTI_hkbEventDrivenModifierInternalState	Code/client/Games/Skyrim/RTTI.cpp:3123
397573	rtti	hkbEventRangeDataArray	curated-verified	0x141f579f8	0x1f579f8	0x141e90548	addr-match		RE::RTTI_hkbEventRangeDataArray	Code/client/Games/Skyrim/RTTI.cpp:3125
397574	rtti	hkbEventsFromRangeModifier	curated-verified	0x141f57a28	0x1f57a28	0x141e90578	addr-match		RE::RTTI_hkbEventsFromRangeModifier	Code/client/Games/Skyrim/RTTI.cpp:3127
397575	rtti	hkbEventsFromRangeModifierInternalState	curated-verified	0x141f57a60	0x1f57a60	0x141e905b0	addr-match		RE::RTTI_hkbEventsFromRangeModifierInternalState	Code/client/Games/Skyrim/RTTI.cpp:3129
397576	rtti	hkbFootIkControlsModifier	curated-verified	0x141f57aa0	0x1f57aa0	0x141e905f0	addr-match		RE::RTTI_hkbFootIkControlsModifier	Code/client/Games/Skyrim/RTTI.cpp:3131
397577	rtti	hkbFootIkModifier	curated-verified	0x141f57ad0	0x1f57ad0	0x141e90620	addr-match		RE::RTTI_hkbFootIkModifier	Code/client/Games/Skyrim/RTTI.cpp:3133
397578	rtti	hkbGetHandleOnBoneModifier	curated-verified	0x141f57af8	0x1f57af8	0x141e90648	addr-match		RE::RTTI_hkbGetHandleOnBoneModifier	Code/client/Games/Skyrim/RTTI.cpp:3135
397579	rtti	hkbGetUpModifier	curated-verified	0x141f57b30	0x1f57b30	0x141e90680	addr-match		RE::RTTI_hkbGetUpModifier	Code/client/Games/Skyrim/RTTI.cpp:3137
397580	rtti	hkbGetUpModifierInternalState	curated-verified	0x141f57b58	0x1f57b58	0x141e906a8	addr-match		RE::RTTI_hkbGetUpModifierInternalState	Code/client/Games/Skyrim/RTTI.cpp:3139
397581	rtti	hkbGetWorldFromModelModifier	curated-verified	0x141f57b90	0x1f57b90	0x141e906e0	addr-match		RE::RTTI_hkbGetWorldFromModelModifier	Code/client/Games/Skyrim/RTTI.cpp:3141
397582	rtti	hkbGetWorldFromModelModifierInternalState	curated-verified	0x141f57bd0	0x1f57bd0	0x141e90720	addr-match		RE::RTTI_hkbGetWorldFromModelModifierInternalState	Code/client/Games/Skyrim/RTTI.cpp:3143
397583	rtti	hkbHandIkControlsModifier	curated-verified	0x141f57c10	0x1f57c10	0x141e90760	addr-match		RE::RTTI_hkbHandIkControlsModifier	Code/client/Games/Skyrim/RTTI.cpp:3145
397584	rtti	hkbHandIkModifier	curated-verified	0x141f57c40	0x1f57c40	0x141e90790	addr-match		RE::RTTI_hkbHandIkModifier	Code/client/Games/Skyrim/RTTI.cpp:3147
397585	rtti	hkbModifierList	curated-verified	0x141f57c68	0x1f57c68	0x141e907b8	addr-match		RE::RTTI_hkbModifierList	Code/client/Games/Skyrim/RTTI.cpp:3149
397586	rtti	hkbLookAtModifier	curated-verified	0x141f57c90	0x1f57c90	0x141e907e0	addr-match		RE::RTTI_hkbLookAtModifier	Code/client/Games/Skyrim/RTTI.cpp:3151
397587	rtti	hkbLookAtModifierInternalState	curated-verified	0x141f57cb8	0x1f57cb8	0x141e90808	addr-match		RE::RTTI_hkbLookAtModifierInternalState	Code/client/Games/Skyrim/RTTI.cpp:3153
397588	rtti	hkbMirrorModifier	curated-verified	0x141f57cf0	0x1f57cf0	0x141e90840	addr-match		RE::RTTI_hkbMirrorModifier	Code/client/Games/Skyrim/RTTI.cpp:3155
397589	rtti	hkbMoveCharacterModifier	curated-verified	0x141f57d18	0x1f57d18	0x141e90868	addr-match		RE::RTTI_hkbMoveCharacterModifier	Code/client/Games/Skyrim/RTTI.cpp:3157
397590	rtti	hkbMoveCharacterModifierInternalState	curated-verified	0x141f57d48	0x1f57d48	0x141e90898	addr-match		RE::RTTI_hkbMoveCharacterModifierInternalState	Code/client/Games/Skyrim/RTTI.cpp:3159
397591	rtti	hkbProxyModifier	curated-verified	0x141f57d88	0x1f57d88	0x141e908d8	addr-match		RE::RTTI_hkbProxyModifier	Code/client/Games/Skyrim/RTTI.cpp:3161
397592	rtti	hkbExtractRagdollPoseModifier	curated-verified	0x141f57db0	0x1f57db0	0x141e90900	addr-match		RE::RTTI_hkbExtractRagdollPoseModifier	Code/client/Games/Skyrim/RTTI.cpp:3163
397593	rtti	hkbKeyframeBonesModifier	curated-verified	0x141f57de8	0x1f57de8	0x141e90938	addr-match		RE::RTTI_hkbKeyframeBonesModifier	Code/client/Games/Skyrim/RTTI.cpp:3165
397594	rtti	hkbPoweredRagdollControlsModifier	curated-verified	0x141f57e18	0x1f57e18	0x141e90968	addr-match		RE::RTTI_hkbPoweredRagdollControlsModifier	Code/client/Games/Skyrim/RTTI.cpp:3167
397595	rtti	hkbRigidBodyRagdollControlsModifier	curated-verified	0x141f57e50	0x1f57e50	0x141e909a0	addr-match		RE::RTTI_hkbRigidBodyRagdollControlsModifier	Code/client/Games/Skyrim/RTTI.cpp:3169
397596	rtti	hkbRotateCharacterModifier	curated-verified	0x141f57e90	0x1f57e90	0x141e909e0	addr-match		RE::RTTI_hkbRotateCharacterModifier	Code/client/Games/Skyrim/RTTI.cpp:3171
397597	rtti	hkbRotateCharacterModifierInternalState	curated-verified	0x141f57ec8	0x1f57ec8	0x141e90a18	addr-match		RE::RTTI_hkbRotateCharacterModifierInternalState	Code/client/Games/Skyrim/RTTI.cpp:3173
397598	rtti	hkbSenseHandleModifier	curated-verified	0x141f57f08	0x1f57f08	0x141e90a58	addr-match		RE::RTTI_hkbSenseHandleModifier	Code/client/Games/Skyrim/RTTI.cpp:3175
397599	rtti	hkbSetWorldFromModelModifier	curated-verified	0x141f57f38	0x1f57f38	0x141e90a88	addr-match		RE::RTTI_hkbSetWorldFromModelModifier	Code/client/Games/Skyrim/RTTI.cpp:3177
397600	rtti	hkbTimerModifier	curated-verified	0x141f57f70	0x1f57f70	0x141e90ac0	addr-match		RE::RTTI_hkbTimerModifier	Code/client/Games/Skyrim/RTTI.cpp:3179
397601	rtti	hkbTimerModifierInternalState	curated-verified	0x141f57f98	0x1f57f98	0x141e90ae8	addr-match		RE::RTTI_hkbTimerModifierInternalState	Code/client/Games/Skyrim/RTTI.cpp:3181
397602	rtti	hkbTransformVectorModifier	curated-verified	0x141f57fd0	0x1f57fd0	0x141e90b20	addr-match		RE::RTTI_hkbTransformVectorModifier	Code/client/Games/Skyrim/RTTI.cpp:3183
397603	rtti	hkbTransformVectorModifierInternalState	curated-verified	0x141f58008	0x1f58008	0x141e90b58	addr-match		RE::RTTI_hkbTransformVectorModifierInternalState	Code/client/Games/Skyrim/RTTI.cpp:3185
397604	rtti	hkbTwistModifier	curated-verified	0x141f58048	0x1f58048	0x141e90b98	addr-match		RE::RTTI_hkbTwistModifier	Code/client/Games/Skyrim/RTTI.cpp:3187
397605	rtti	hkbSequenceStringData	curated-verified	0x141f58070	0x1f58070	0x141e90bc0	addr-match		RE::RTTI_hkbSequenceStringData	Code/client/Games/Skyrim/RTTI.cpp:3189
397606	rtti	hkbEventSequencedData	curated-verified	0x141f580a0	0x1f580a0	0x141e90bf0	addr-match		RE::RTTI_hkbEventSequencedData	Code/client/Games/Skyrim/RTTI.cpp:3191
397607	rtti	hkbSequencedData	curated-verified	0x141f580d0	0x1f580d0	0x141e90c20	addr-match		RE::RTTI_hkbSequencedData	Code/client/Games/Skyrim/RTTI.cpp:3193
397608	rtti	hkbRealVariableSequencedData	curated-verified	0x141f580f8	0x1f580f8	0x141e90c48	addr-match		RE::RTTI_hkbRealVariableSequencedData	Code/client/Games/Skyrim/RTTI.cpp:3195
397609	rtti	hkbBoolVariableSequencedData	curated-verified	0x141f58130	0x1f58130	0x141e90c80	addr-match		RE::RTTI_hkbBoolVariableSequencedData	Code/client/Games/Skyrim/RTTI.cpp:3197
397610	rtti	hkbIntVariableSequencedData	curated-verified	0x141f58168	0x1f58168	0x141e90cb8	addr-match		RE::RTTI_hkbIntVariableSequencedData	Code/client/Games/Skyrim/RTTI.cpp:3199
397611	rtti	hkbSequenceInternalState	curated-verified	0x141f581a0	0x1f581a0	0x141e90cf0	addr-match		RE::RTTI_hkbSequenceInternalState	Code/client/Games/Skyrim/RTTI.cpp:3201
397615	rtti	hkbStateMachineInternalState	curated-verified	0x141f58280	0x1f58280	0x141e90dd0	addr-match		RE::RTTI_hkbStateMachineInternalState	Code/client/Games/Skyrim/RTTI.cpp:3203
397616	rtti	hkbBlendingTransitionEffect	curated-verified	0x141f582b8	0x1f582b8	0x141e90e08	addr-match		RE::RTTI_hkbBlendingTransitionEffect	Code/client/Games/Skyrim/RTTI.cpp:3205
397617	rtti	hkbBlendingTransitionEffectInternalState	curated-verified	0x141f582f0	0x1f582f0	0x141e90e40	addr-match		RE::RTTI_hkbBlendingTransitionEffectInternalState	Code/client/Games/Skyrim/RTTI.cpp:3207
397618	rtti	hkbGeneratorTransitionEffect	curated-verified	0x141f58330	0x1f58330	0x141e90e80	addr-match		RE::RTTI_hkbGeneratorTransitionEffect	Code/client/Games/Skyrim/RTTI.cpp:3209
397619	rtti	hkbGeneratorTransitionEffectInternalState	curated-verified	0x141f58370	0x1f58370	0x141e90ec0	addr-match		RE::RTTI_hkbGeneratorTransitionEffectInternalState	Code/client/Games/Skyrim/RTTI.cpp:3211
397620	rtti	hkbClipGenerator	curated-verified	0x141f583b0	0x1f583b0	0x141e90f00	addr-match		RE::RTTI_hkbClipGenerator	Code/client/Games/Skyrim/RTTI.cpp:3213
397621	rtti	hkbStateMachine	curated-verified	0x141f583d8	0x1f583d8	0x141e90f28	addr-match		RE::RTTI_hkbStateMachine	Code/client/Games/Skyrim/RTTI.cpp:3215
397622	rtti	hkbAnimationBindingWithTriggers	curated-verified	0x141f58400	0x1f58400	0x141e90f50	addr-match		RE::RTTI_hkbAnimationBindingWithTriggers	Code/client/Games/Skyrim/RTTI.cpp:3217
397623	rtti	hkbHandIkDriver	curated-verified	0x141f58438	0x1f58438	0x141e90f88	addr-match		RE::RTTI_hkbHandIkDriver	Code/client/Games/Skyrim/RTTI.cpp:3219
397624	rtti	hkbAttachmentSceneModifier	curated-verified	0x141f58460	0x1f58460	0x141e90fb0	addr-match		RE::RTTI_hkbAttachmentSceneModifier	Code/client/Games/Skyrim/RTTI.cpp:3221
397625	rtti	hkbAttachmentFixupSceneModifier	curated-verified	0x141f58498	0x1f58498	0x141e90fe8	addr-match		RE::RTTI_hkbAttachmentFixupSceneModifier	Code/client/Games/Skyrim/RTTI.cpp:3223
397626	rtti	hkbRagdollSceneModifier	curated-verified	0x141f584d0	0x1f584d0	0x141e91020	addr-match		RE::RTTI_hkbRagdollSceneModifier	Code/client/Games/Skyrim/RTTI.cpp:3225
397627	rtti	hkbCharacterControllerSceneModifier	curated-verified	0x141f58500	0x1f58500	0x141e91050	addr-match		RE::RTTI_hkbCharacterControllerSceneModifier	Code/client/Games/Skyrim/RTTI.cpp:3227
397628	rtti	hkbCharacterSetup	curated-verified	0x141f58540	0x1f58540	0x141e91090	addr-match		RE::RTTI_hkbCharacterSetup	Code/client/Games/Skyrim/RTTI.cpp:3229
397629	rtti	hkbProjectData	curated-verified	0x141f58568	0x1f58568	0x141e910b8	addr-match		RE::RTTI_hkbProjectData	Code/client/Games/Skyrim/RTTI.cpp:3231
397630	rtti	hkbCharacterData	curated-verified	0x141f58590	0x1f58590	0x141e910e0	addr-match		RE::RTTI_hkbCharacterData	Code/client/Games/Skyrim/RTTI.cpp:3233
397631	rtti	hkpCharacterControllerCinfo	curated-verified	0x141f585b8	0x1f585b8	0x141e91108	addr-match		RE::RTTI_hkpCharacterControllerCinfo	Code/client/Games/Skyrim/RTTI.cpp:3235
397632	rtti	hkpCharacterProxyCinfo	curated-verified	0x141f585f0	0x1f585f0	0x141e91140	addr-match		RE::RTTI_hkpCharacterProxyCinfo	Code/client/Games/Skyrim/RTTI.cpp:3237
397633	rtti	hkLocalFrameCollector	curated-verified	0x141f58620	0x1f58620	0x141e91170	addr-match		RE::RTTI_hkLocalFrameCollector	Code/client/Games/Skyrim/RTTI.cpp:3239
397634	rtti	hkbClosestLocalFrameCollector	curated-verified	0x141f58650	0x1f58650	0x141e911a0	addr-match		RE::RTTI_hkbClosestLocalFrameCollector	Code/client/Games/Skyrim/RTTI.cpp:3241
397635	rtti	hkbDefaultRaycastInterface	curated-verified	0x141f58688	0x1f58688	0x141e911d8	addr-match		RE::RTTI_hkbDefaultRaycastInterface	Code/client/Games/Skyrim/RTTI.cpp:3243
397636	rtti	hkbSymbolIdMap	curated-verified	0x141f586c0	0x1f586c0	0x141e91210	addr-match		RE::RTTI_hkbSymbolIdMap	Code/client/Games/Skyrim/RTTI.cpp:3245
397637	rtti	hkVtableClassRegistry	curated-verified	0x141f586e8	0x1f586e8	0x141e91238	addr-match		RE::RTTI_hkVtableClassRegistry	Code/client/Games/Skyrim/RTTI.cpp:3247
397639	rtti	hkClassNameRegistry	curated-verified	0x141f58758	0x1f58758	0x141e912a8	addr-match		RE::RTTI_hkClassNameRegistry	Code/client/Games/Skyrim/RTTI.cpp:3249
397640	rtti	hkTypeInfoRegistry	curated-verified	0x141f58788	0x1f58788	0x141e912d8	addr-match		RE::RTTI_hkTypeInfoRegistry	Code/client/Games/Skyrim/RTTI.cpp:3251
397642	rtti	hkBuiltinTypeRegistry	curated-verified	0x141f587f8	0x1f587f8	0x141e91348	addr-match		RE::RTTI_hkBuiltinTypeRegistry	Code/client/Games/Skyrim/RTTI.cpp:3253
397644	rtti	hkDynamicClassNameRegistry	curated-verified	0x141f58868	0x1f58868	0x141e913b8	addr-match		RE::RTTI_hkDynamicClassNameRegistry	Code/client/Games/Skyrim/RTTI.cpp:3255
397645	rtti	hkDefaultClassNameRegistry	curated-verified	0x141f588a0	0x1f588a0	0x141e913f0	addr-match		RE::RTTI_hkDefaultClassNameRegistry	Code/client/Games/Skyrim/RTTI.cpp:3257
397647	rtti	hkDefaultBuiltinTypeRegistry	curated-verified	0x141f58928	0x1f58928	0x141e91478	addr-match		RE::RTTI_hkDefaultBuiltinTypeRegistry	Code/client/Games/Skyrim/RTTI.cpp:3259
397648	rtti	hkObjectCopier	curated-verified	0x141f58960	0x1f58960	0x141e914b0	addr-match		RE::RTTI_hkObjectCopier	Code/client/Games/Skyrim/RTTI.cpp:3261
397649	rtti	hkStaticClassNameRegistry	curated-verified	0x141f58988	0x1f58988	0x141e914d8	addr-match		RE::RTTI_hkStaticClassNameRegistry	Code/client/Games/Skyrim/RTTI.cpp:3263
397650	rtti	hkResourceContainer	curated-verified	0x141f589b8	0x1f589b8	0x141e91508	addr-match		RE::RTTI_hkResourceContainer	Code/client/Games/Skyrim/RTTI.cpp:3265
397651	rtti	hkResourceBase	curated-verified	0x141f589e8	0x1f589e8	0x141e91538	addr-match		RE::RTTI_hkResourceBase	Code/client/Games/Skyrim/RTTI.cpp:3267
397652	rtti	hkResourceMap	curated-verified	0x141f58a10	0x1f58a10	0x141e91560	addr-match		RE::RTTI_hkResourceMap	Code/client/Games/Skyrim/RTTI.cpp:3269
397653	rtti	hkResourceHandle	curated-verified	0x141f58a38	0x1f58a38	0x141e91588	addr-match		RE::RTTI_hkResourceHandle	Code/client/Games/Skyrim/RTTI.cpp:3271
397654	rtti	hkMemoryResourceHandle	curated-verified	0x141f58a60	0x1f58a60	0x141e915b0	addr-match		RE::RTTI_hkMemoryResourceHandle	Code/client/Games/Skyrim/RTTI.cpp:3273
397655	rtti	hkMemoryResourceContainer	curated-verified	0x141f58a90	0x1f58a90	0x141e915e0	addr-match		RE::RTTI_hkMemoryResourceContainer	Code/client/Games/Skyrim/RTTI.cpp:3275
397656	rtti	hkContainerResourceMap	curated-verified	0x141f58ac0	0x1f58ac0	0x141e91610	addr-match		RE::RTTI_hkContainerResourceMap	Code/client/Games/Skyrim/RTTI.cpp:3277
397657	rtti	hkpShapeContainer	curated-verified	0x141f58af0	0x1f58af0	0x141e91640	addr-match		RE::RTTI_hkpShapeContainer	Code/client/Games/Skyrim/RTTI.cpp:3279
397658	rtti	hkpSingleShapeContainer	curated-verified	0x141f58b18	0x1f58b18	0x141e91668	addr-match		RE::RTTI_hkpSingleShapeContainer	Code/client/Games/Skyrim/RTTI.cpp:3281
397659	rtti	hkpBvShape	curated-verified	0x141f58b48	0x1f58b48	0x141e91698	addr-match		RE::RTTI_hkpBvShape	Code/client/Games/Skyrim/RTTI.cpp:3283
397660	rtti	hkpConvexShape	curated-verified	0x141f58b70	0x1f58b70	0x141e916c0	addr-match		RE::RTTI_hkpConvexShape	Code/client/Games/Skyrim/RTTI.cpp:3285
397661	rtti	hkpSphereRepShape	curated-verified	0x141f58b98	0x1f58b98	0x141e916e8	addr-match		RE::RTTI_hkpSphereRepShape	Code/client/Games/Skyrim/RTTI.cpp:3287
397662	rtti	hkpBoxShape	curated-verified	0x141f58bc0	0x1f58bc0	0x141e91710	addr-match		RE::RTTI_hkpBoxShape	Code/client/Games/Skyrim/RTTI.cpp:3289
397663	rtti	hkpConvexTransformShapeBase	curated-verified	0x141f58be8	0x1f58be8	0x141e91738	addr-match		RE::RTTI_hkpConvexTransformShapeBase	Code/client/Games/Skyrim/RTTI.cpp:3291
397664	rtti	hkpHeightFieldShape	curated-verified	0x141f58c20	0x1f58c20	0x141e91770	addr-match		RE::RTTI_hkpHeightFieldShape	Code/client/Games/Skyrim/RTTI.cpp:3293
397665	rtti	hkpPlaneShape	curated-verified	0x141f58c50	0x1f58c50	0x141e917a0	addr-match		RE::RTTI_hkpPlaneShape	Code/client/Games/Skyrim/RTTI.cpp:3295
397666	rtti	hkpSphereShape	curated-verified	0x141f58c78	0x1f58c78	0x141e917c8	addr-match		RE::RTTI_hkpSphereShape	Code/client/Games/Skyrim/RTTI.cpp:3297
397667	rtti	hkpCapsuleShape	curated-verified	0x141f58ca0	0x1f58ca0	0x141e917f0	addr-match		RE::RTTI_hkpCapsuleShape	Code/client/Games/Skyrim/RTTI.cpp:3299
397668	rtti	hkpCollisionFilter	curated-verified	0x141f58cc8	0x1f58cc8	0x141e91818	addr-match		RE::RTTI_hkpCollisionFilter	Code/client/Games/Skyrim/RTTI.cpp:3301
397669	rtti	hkpCollidableCollidableFilter	curated-verified	0x141f58cf8	0x1f58cf8	0x141e91848	addr-match		RE::RTTI_hkpCollidableCollidableFilter	Code/client/Games/Skyrim/RTTI.cpp:3303
397670	rtti	hkpShapeCollectionFilter	curated-verified	0x141f58d30	0x1f58d30	0x141e91880	addr-match		RE::RTTI_hkpShapeCollectionFilter	Code/client/Games/Skyrim/RTTI.cpp:3305
397671	rtti	hkpRayShapeCollectionFilter	curated-verified	0x141f58d60	0x1f58d60	0x141e918b0	addr-match		RE::RTTI_hkpRayShapeCollectionFilter	Code/client/Games/Skyrim/RTTI.cpp:3307
397672	rtti	hkpRayCollidableFilter	curated-verified	0x141f58d98	0x1f58d98	0x141e918e8	addr-match		RE::RTTI_hkpRayCollidableFilter	Code/client/Games/Skyrim/RTTI.cpp:3309
397673	rtti	hkpGroupFilter	curated-verified	0x141f58dc8	0x1f58dc8	0x141e91918	addr-match		RE::RTTI_hkpGroupFilter	Code/client/Games/Skyrim/RTTI.cpp:3311
397674	rtti	hkpConvexListFilter	curated-verified	0x141f58df0	0x1f58df0	0x141e91940	addr-match		RE::RTTI_hkpConvexListFilter	Code/client/Games/Skyrim/RTTI.cpp:3313
397675	rtti	hkpTriangleShape	curated-verified	0x141f58e20	0x1f58e20	0x141e91970	addr-match		RE::RTTI_hkpTriangleShape	Code/client/Games/Skyrim/RTTI.cpp:3315
397676	rtti	hkpDefaultConvexListFilter	curated-verified	0x141f58e48	0x1f58e48	0x141e91998	addr-match		RE::RTTI_hkpDefaultConvexListFilter	Code/client/Games/Skyrim/RTTI.cpp:3317
397677	rtti	hkpBvTreeShape	curated-verified	0x141f58e80	0x1f58e80	0x141e919d0	addr-match		RE::RTTI_hkpBvTreeShape	Code/client/Games/Skyrim/RTTI.cpp:3319
397678	rtti	hkpCollisionFilterList	curated-verified	0x141f58ea8	0x1f58ea8	0x141e919f8	addr-match		RE::RTTI_hkpCollisionFilterList	Code/client/Games/Skyrim/RTTI.cpp:3321
397679	rtti	hkpNullCollisionFilter	curated-verified	0x141f58ed8	0x1f58ed8	0x141e91a28	addr-match		RE::RTTI_hkpNullCollisionFilter	Code/client/Games/Skyrim/RTTI.cpp:3323
397680	rtti	hkpMoppModifier	curated-verified	0x141f58f08	0x1f58f08	0x141e91a58	addr-match		RE::RTTI_hkpMoppModifier	Code/client/Games/Skyrim/RTTI.cpp:3325
397681	rtti	hkpRemoveTerminalsMoppModifier	curated-verified	0x141f58f30	0x1f58f30	0x141e91a80	addr-match		RE::RTTI_hkpRemoveTerminalsMoppModifier	Code/client/Games/Skyrim/RTTI.cpp:3327
397682	rtti	hkMoppBvTreeShapeBase	curated-verified	0x141f58f68	0x1f58f68	0x141e91ab8	addr-match		RE::RTTI_hkMoppBvTreeShapeBase	Code/client/Games/Skyrim/RTTI.cpp:3329
397683	rtti	hkpMoppBvTreeShape	curated-verified	0x141f58f98	0x1f58f98	0x141e91ae8	addr-match		RE::RTTI_hkpMoppBvTreeShape	Code/client/Games/Skyrim/RTTI.cpp:3331
397684	rtti	hkpConvexTransformShape	curated-verified	0x141f58fc8	0x1f58fc8	0x141e91b18	addr-match		RE::RTTI_hkpConvexTransformShape	Code/client/Games/Skyrim/RTTI.cpp:3333
397685	rtti	hkpConvexTranslateShape	curated-verified	0x141f58ff8	0x1f58ff8	0x141e91b48	addr-match		RE::RTTI_hkpConvexTranslateShape	Code/client/Games/Skyrim/RTTI.cpp:3335
397686	rtti	hkpConvexVerticesConnectivity	curated-verified	0x141f59028	0x1f59028	0x141e91b78	addr-match		RE::RTTI_hkpConvexVerticesConnectivity	Code/client/Games/Skyrim/RTTI.cpp:3337
397687	rtti	hkpConvexListShape	curated-verified	0x141f59060	0x1f59060	0x141e91bb0	addr-match		RE::RTTI_hkpConvexListShape	Code/client/Games/Skyrim/RTTI.cpp:3339
397688	rtti	hkpMultiSphereShape	curated-verified	0x141f59090	0x1f59090	0x141e91be0	addr-match		RE::RTTI_hkpMultiSphereShape	Code/client/Games/Skyrim/RTTI.cpp:3341
397689	rtti	hkpMultiRayShape	curated-verified	0x141f590c0	0x1f590c0	0x141e91c10	addr-match		RE::RTTI_hkpMultiRayShape	Code/client/Games/Skyrim/RTTI.cpp:3343
397690	rtti	hkpTransformShape	curated-verified	0x141f590e8	0x1f590e8	0x141e91c38	addr-match		RE::RTTI_hkpTransformShape	Code/client/Games/Skyrim/RTTI.cpp:3345
397691	rtti	hkpShapeInfo	curated-verified	0x141f59110	0x1f59110	0x141e91c60	addr-match		RE::RTTI_hkpShapeInfo	Code/client/Games/Skyrim/RTTI.cpp:3347
397692	rtti	hkpSampledHeightFieldShape	curated-verified	0x141f59138	0x1f59138	0x141e91c88	addr-match		RE::RTTI_hkpSampledHeightFieldShape	Code/client/Games/Skyrim/RTTI.cpp:3349
397693	rtti	hkpCompressedSampledHeightFieldShape	curated-verified	0x141f59170	0x1f59170	0x141e91cc0	addr-match		RE::RTTI_hkpCompressedSampledHeightFieldShape	Code/client/Games/Skyrim/RTTI.cpp:3351
397694	rtti	hkpStorageSampledHeightFieldShape	curated-verified	0x141f591b0	0x1f591b0	0x141e91d00	addr-match		RE::RTTI_hkpStorageSampledHeightFieldShape	Code/client/Games/Skyrim/RTTI.cpp:3353
397695	rtti	hkpShapeCollection	curated-verified	0x141f591e8	0x1f591e8	0x141e91d38	addr-match		RE::RTTI_hkpShapeCollection	Code/client/Games/Skyrim/RTTI.cpp:3355
397696	rtti	hkpTriSampledHeightFieldCollection	curated-verified	0x141f59218	0x1f59218	0x141e91d68	addr-match		RE::RTTI_hkpTriSampledHeightFieldCollection	Code/client/Games/Skyrim/RTTI.cpp:3357
397697	rtti	hkpTriSampledHeightFieldBvTreeShape	curated-verified	0x141f59258	0x1f59258	0x141e91da8	addr-match		RE::RTTI_hkpTriSampledHeightFieldBvTreeShape	Code/client/Games/Skyrim/RTTI.cpp:3359
397698	rtti	hkpListShape	curated-verified	0x141f59298	0x1f59298	0x141e91de8	addr-match		RE::RTTI_hkpListShape	Code/client/Games/Skyrim/RTTI.cpp:3361
397699	rtti	hkpRemoveTerminalsMoppModifier2	curated-verified	0x141f592c0	0x1f592c0	0x141e91e10	addr-match		RE::RTTI_hkpRemoveTerminalsMoppModifier2	Code/client/Games/Skyrim/RTTI.cpp:3363
397700	rtti	hkpCylinderShape	curated-verified	0x141f592f8	0x1f592f8	0x141e91e48	addr-match		RE::RTTI_hkpCylinderShape	Code/client/Games/Skyrim/RTTI.cpp:3365
397703	rtti	hkpMotion	curated-verified	0x141f59398	0x1f59398	0x141e91ee8	addr-match		RE::RTTI_hkpMotion	Code/client/Games/Skyrim/RTTI.cpp:3367
397704	rtti	hkpMaxSizeMotion	curated-verified	0x141f593b8	0x1f593b8	0x141e91f08	addr-match		RE::RTTI_hkpMaxSizeMotion	Code/client/Games/Skyrim/RTTI.cpp:3369
397705	rtti	hkpKeyframedRigidMotion	curated-verified	0x141f593e0	0x1f593e0	0x141e91f30	addr-match		RE::RTTI_hkpKeyframedRigidMotion	Code/client/Games/Skyrim/RTTI.cpp:3371
397706	rtti	hkpEntity	curated-verified	0x141f59410	0x1f59410	0x141e91f60	addr-match		RE::RTTI_hkpEntity	Code/client/Games/Skyrim/RTTI.cpp:3373
397707	rtti	hkpFixedRigidMotion	curated-verified	0x141f59430	0x1f59430	0x141e91f80	addr-match		RE::RTTI_hkpFixedRigidMotion	Code/client/Games/Skyrim/RTTI.cpp:3375
397708	rtti	hkpSphereMotion	curated-verified	0x141f59460	0x1f59460	0x141e91fb0	addr-match		RE::RTTI_hkpSphereMotion	Code/client/Games/Skyrim/RTTI.cpp:3377
397709	rtti	hkpBoxMotion	curated-verified	0x141f59488	0x1f59488	0x141e91fd8	addr-match		RE::RTTI_hkpBoxMotion	Code/client/Games/Skyrim/RTTI.cpp:3379
397710	rtti	hkpThinBoxMotion	curated-verified	0x141f594b0	0x1f594b0	0x141e92000	addr-match		RE::RTTI_hkpThinBoxMotion	Code/client/Games/Skyrim/RTTI.cpp:3381
397711	rtti	hkpCharacterMotion	curated-verified	0x141f594d8	0x1f594d8	0x141e92028	addr-match		RE::RTTI_hkpCharacterMotion	Code/client/Games/Skyrim/RTTI.cpp:3383
397712	rtti	hkpRigidBody	curated-verified	0x141f59508	0x1f59508	0x141e92058	addr-match		RE::RTTI_hkpRigidBody	Code/client/Games/Skyrim/RTTI.cpp:3385
397713	rtti	hkpConstraintData	curated-verified	0x141f59530	0x1f59530	0x141e92080	addr-match		RE::RTTI_hkpConstraintData	Code/client/Games/Skyrim/RTTI.cpp:3387
397714	rtti	hkpPrismaticConstraintData	curated-verified	0x141f59558	0x1f59558	0x141e920a8	addr-match		RE::RTTI_hkpPrismaticConstraintData	Code/client/Games/Skyrim/RTTI.cpp:3389
397715	rtti	hkpConstraintInstance	curated-verified	0x141f59590	0x1f59590	0x141e920e0	addr-match		RE::RTTI_hkpConstraintInstance	Code/client/Games/Skyrim/RTTI.cpp:3391
397716	rtti	hkpConstraintMotor	curated-verified	0x141f595c0	0x1f595c0	0x141e92110	addr-match		RE::RTTI_hkpConstraintMotor	Code/client/Games/Skyrim/RTTI.cpp:3393
397717	rtti	hkpConstraintListener	curated-verified	0x141f595f0	0x1f595f0	0x141e92140	addr-match		RE::RTTI_hkpConstraintListener	Code/client/Games/Skyrim/RTTI.cpp:3395
397718	rtti	hkWorldMemoryAvailableWatchDog	curated-verified	0x141f59620	0x1f59620	0x141e92170	addr-match		RE::RTTI_hkWorldMemoryAvailableWatchDog	Code/client/Games/Skyrim/RTTI.cpp:3397
397719	rtti	hkpPhysicsSystem	curated-verified	0x141f59658	0x1f59658	0x141e921a8	addr-match		RE::RTTI_hkpPhysicsSystem	Code/client/Games/Skyrim/RTTI.cpp:3399
397720	rtti	hkpSimulation	curated-verified	0x141f59680	0x1f59680	0x141e921d0	addr-match		RE::RTTI_hkpSimulation	Code/client/Games/Skyrim/RTTI.cpp:3401
397721	rtti	hkpPairCollisionFilter	curated-verified	0x141f596a8	0x1f596a8	0x141e921f8	addr-match		RE::RTTI_hkpPairCollisionFilter	Code/client/Games/Skyrim/RTTI.cpp:3403
397722	rtti	hkpConstraintCollisionFilter	curated-verified	0x141f596d8	0x1f596d8	0x141e92228	addr-match		RE::RTTI_hkpConstraintCollisionFilter	Code/client/Games/Skyrim/RTTI.cpp:3405
397723	rtti	hkpBallAndSocketConstraintData	curated-verified	0x141f59710	0x1f59710	0x141e92260	addr-match		RE::RTTI_hkpBallAndSocketConstraintData	Code/client/Games/Skyrim/RTTI.cpp:3407
397724	rtti	hkpCogWheelConstraintData	curated-verified	0x141f59748	0x1f59748	0x141e92298	addr-match		RE::RTTI_hkpCogWheelConstraintData	Code/client/Games/Skyrim/RTTI.cpp:3409
397725	rtti	hkpHingeConstraintData	curated-verified	0x141f59778	0x1f59778	0x141e922c8	addr-match		RE::RTTI_hkpHingeConstraintData	Code/client/Games/Skyrim/RTTI.cpp:3411
397726	rtti	hkpLimitedHingeConstraintData	curated-verified	0x141f597a8	0x1f597a8	0x141e922f8	addr-match		RE::RTTI_hkpLimitedHingeConstraintData	Code/client/Games/Skyrim/RTTI.cpp:3413
397727	rtti	hkpParametricCurve	curated-verified	0x141f597e0	0x1f597e0	0x141e92330	addr-match		RE::RTTI_hkpParametricCurve	Code/client/Games/Skyrim/RTTI.cpp:3415
397728	rtti	hkpLinearParametricCurve	curated-verified	0x141f59810	0x1f59810	0x141e92360	addr-match		RE::RTTI_hkpLinearParametricCurve	Code/client/Games/Skyrim/RTTI.cpp:3417
397729	rtti	hkpPointToPathConstraintData	curated-verified	0x141f59840	0x1f59840	0x141e92390	addr-match		RE::RTTI_hkpPointToPathConstraintData	Code/client/Games/Skyrim/RTTI.cpp:3419
397730	rtti	hkpPointToPlaneConstraintData	curated-verified	0x141f59878	0x1f59878	0x141e923c8	addr-match		RE::RTTI_hkpPointToPlaneConstraintData	Code/client/Games/Skyrim/RTTI.cpp:3421
397731	rtti	hkpRackAndPinionConstraintData	curated-verified	0x141f598b0	0x1f598b0	0x141e92400	addr-match		RE::RTTI_hkpRackAndPinionConstraintData	Code/client/Games/Skyrim/RTTI.cpp:3423
397732	rtti	hkpRagdollConstraintData	curated-verified	0x141f598e8	0x1f598e8	0x141e92438	addr-match		RE::RTTI_hkpRagdollConstraintData	Code/client/Games/Skyrim/RTTI.cpp:3425
397733	rtti	hkpStiffSpringConstraintData	curated-verified	0x141f59918	0x1f59918	0x141e92468	addr-match		RE::RTTI_hkpStiffSpringConstraintData	Code/client/Games/Skyrim/RTTI.cpp:3427
397734	rtti	hkpWheelConstraintData	curated-verified	0x141f59950	0x1f59950	0x141e924a0	addr-match		RE::RTTI_hkpWheelConstraintData	Code/client/Games/Skyrim/RTTI.cpp:3429
397735	rtti	hkpRotationalConstraintData	curated-verified	0x141f59980	0x1f59980	0x141e924d0	addr-match		RE::RTTI_hkpRotationalConstraintData	Code/client/Games/Skyrim/RTTI.cpp:3431
397736	rtti	hkpHingeLimitsData	curated-verified	0x141f599b8	0x1f599b8	0x141e92508	addr-match		RE::RTTI_hkpHingeLimitsData	Code/client/Games/Skyrim/RTTI.cpp:3433
397737	rtti	hkpRagdollLimitsData	curated-verified	0x141f599e8	0x1f599e8	0x141e92538	addr-match		RE::RTTI_hkpRagdollLimitsData	Code/client/Games/Skyrim/RTTI.cpp:3435
397738	rtti	hkpConstraintChainInstanceAction	curated-verified	0x141f59a18	0x1f59a18	0x141e92568	addr-match		RE::RTTI_hkpConstraintChainInstanceAction	Code/client/Games/Skyrim/RTTI.cpp:3437
397739	rtti	hkpConstraintChainInstance	curated-verified	0x141f59a50	0x1f59a50	0x141e925a0	addr-match		RE::RTTI_hkpConstraintChainInstance	Code/client/Games/Skyrim/RTTI.cpp:3439
397740	rtti	hkpLimitedForceConstraintMotor	curated-verified	0x141f59a88	0x1f59a88	0x141e925d8	addr-match		RE::RTTI_hkpLimitedForceConstraintMotor	Code/client/Games/Skyrim/RTTI.cpp:3441
397741	rtti	hkpCallbackConstraintMotor	curated-verified	0x141f59ac0	0x1f59ac0	0x141e92610	addr-match		RE::RTTI_hkpCallbackConstraintMotor	Code/client/Games/Skyrim/RTTI.cpp:3443
397742	rtti	hkpPositionConstraintMotor	curated-verified	0x141f59af8	0x1f59af8	0x141e92648	addr-match		RE::RTTI_hkpPositionConstraintMotor	Code/client/Games/Skyrim/RTTI.cpp:3445
397743	rtti	hkpSpringDamperConstraintMotor	curated-verified	0x141f59b30	0x1f59b30	0x141e92680	addr-match		RE::RTTI_hkpSpringDamperConstraintMotor	Code/client/Games/Skyrim/RTTI.cpp:3447
397744	rtti	hkpVelocityConstraintMotor	curated-verified	0x141f59b68	0x1f59b68	0x141e926b8	addr-match		RE::RTTI_hkpVelocityConstraintMotor	Code/client/Games/Skyrim/RTTI.cpp:3449
397745	rtti	hkpPulleyConstraintData	curated-verified	0x141f59ba0	0x1f59ba0	0x141e926f0	addr-match		RE::RTTI_hkpPulleyConstraintData	Code/client/Games/Skyrim/RTTI.cpp:3451
397746	rtti	hkpShapePhantom	curated-verified	0x141f59bd0	0x1f59bd0	0x141e92720	addr-match		RE::RTTI_hkpShapePhantom	Code/client/Games/Skyrim/RTTI.cpp:3453
397747	rtti	hkpCachingShapePhantom	curated-verified	0x141f59bf8	0x1f59bf8	0x141e92748	addr-match		RE::RTTI_hkpCachingShapePhantom	Code/client/Games/Skyrim/RTTI.cpp:3455
397748	rtti	hkpSimpleShapePhantom	curated-verified	0x141f59c28	0x1f59c28	0x141e92778	addr-match		RE::RTTI_hkpSimpleShapePhantom	Code/client/Games/Skyrim/RTTI.cpp:3457
397749	rtti	hkpDefaultWorldMemoryWatchDog	curated-verified	0x141f59c58	0x1f59c58	0x141e927a8	addr-match		RE::RTTI_hkpDefaultWorldMemoryWatchDog	Code/client/Games/Skyrim/RTTI.cpp:3459
397750	rtti	hkpWorld	curated-verified	0x141f59c90	0x1f59c90	0x141e927e0	addr-match		RE::RTTI_hkpWorld	Code/client/Games/Skyrim/RTTI.cpp:3461
397751	rtti	hkpContactMgr	curated-verified	0x141f59cb0	0x1f59cb0	0x141e92800	addr-match		RE::RTTI_hkpContactMgr	Code/client/Games/Skyrim/RTTI.cpp:3463
397752	rtti	hkpBroadPhaseCastCollector	curated-verified	0x141f59cd8	0x1f59cd8	0x141e92828	addr-match		RE::RTTI_hkpBroadPhaseCastCollector	Code/client/Games/Skyrim/RTTI.cpp:3465
397753	rtti	hkpContactMgrFactory	curated-verified	0x141f59d10	0x1f59d10	0x141e92860	addr-match		RE::RTTI_hkpContactMgrFactory	Code/client/Games/Skyrim/RTTI.cpp:3467
397754	rtti	hkpNullContactMgr	curated-verified	0x141f59d40	0x1f59d40	0x141e92890	addr-match		RE::RTTI_hkpNullContactMgr	Code/client/Games/Skyrim/RTTI.cpp:3469
397755	rtti	hkpNullContactMgrFactory	curated-verified	0x141f59d68	0x1f59d68	0x141e928b8	addr-match		RE::RTTI_hkpNullContactMgrFactory	Code/client/Games/Skyrim/RTTI.cpp:3471
397756	rtti	hkpBroadPhaseListener	curated-verified	0x141f59d98	0x1f59d98	0x141e928e8	addr-match		RE::RTTI_hkpBroadPhaseListener	Code/client/Games/Skyrim/RTTI.cpp:3473
397757	rtti	hkpSimpleWorldRayCaster	curated-verified	0x141f59dc8	0x1f59dc8	0x141e92918	addr-match		RE::RTTI_hkpSimpleWorldRayCaster	Code/client/Games/Skyrim/RTTI.cpp:3475
397758	rtti	hkpWorldRayCaster	curated-verified	0x141f59df8	0x1f59df8	0x141e92948	addr-match		RE::RTTI_hkpWorldRayCaster	Code/client/Games/Skyrim/RTTI.cpp:3477
397759	rtti	hkpWorldLinearCaster	curated-verified	0x141f59e20	0x1f59e20	0x141e92970	addr-match		RE::RTTI_hkpWorldLinearCaster	Code/client/Games/Skyrim/RTTI.cpp:3479
397760	rtti	hkpPhantomBroadPhaseListener	curated-verified	0x141f59e50	0x1f59e50	0x141e929a0	addr-match		RE::RTTI_hkpPhantomBroadPhaseListener	Code/client/Games/Skyrim/RTTI.cpp:3481
397761	rtti	hkpBroadPhaseBorderListener	curated-verified	0x141f59e88	0x1f59e88	0x141e929d8	addr-match		RE::RTTI_hkpBroadPhaseBorderListener	Code/client/Games/Skyrim/RTTI.cpp:3483
397762	rtti	hkpCollisionCallbackUtil	curated-verified	0x141f59ec0	0x1f59ec0	0x141e92a10	addr-match		RE::RTTI_hkpCollisionCallbackUtil	Code/client/Games/Skyrim/RTTI.cpp:3485
397763	rtti	hkpWorldExtension	curated-verified	0x141f59ef0	0x1f59ef0	0x141e92a40	addr-match		RE::RTTI_hkpWorldExtension	Code/client/Games/Skyrim/RTTI.cpp:3487
397764	rtti	hkpConstraintOwner	curated-verified	0x141f59f18	0x1f59f18	0x141e92a68	addr-match		RE::RTTI_hkpConstraintOwner	Code/client/Games/Skyrim/RTTI.cpp:3489
397765	rtti	hkpBreakableConstraintData	curated-verified	0x141f59f48	0x1f59f48	0x141e92a98	addr-match		RE::RTTI_hkpBreakableConstraintData	Code/client/Games/Skyrim/RTTI.cpp:3491
397766	rtti	hkpConstraintChainData	curated-verified	0x141f59f80	0x1f59f80	0x141e92ad0	addr-match		RE::RTTI_hkpConstraintChainData	Code/client/Games/Skyrim/RTTI.cpp:3493
397767	rtti	hkpBallSocketChainData	curated-verified	0x141f59fb0	0x1f59fb0	0x141e92b00	addr-match		RE::RTTI_hkpBallSocketChainData	Code/client/Games/Skyrim/RTTI.cpp:3495
397768	rtti	hkpStiffSpringChainData	curated-verified	0x141f59fe0	0x1f59fe0	0x141e92b30	addr-match		RE::RTTI_hkpStiffSpringChainData	Code/client/Games/Skyrim/RTTI.cpp:3497
397769	rtti	hkpGenericConstraintData	curated-verified	0x141f5a010	0x1f5a010	0x141e92b60	addr-match		RE::RTTI_hkpGenericConstraintData	Code/client/Games/Skyrim/RTTI.cpp:3499
397770	rtti	hkpMalleableConstraintData	curated-verified	0x141f5a040	0x1f5a040	0x141e92b90	addr-match		RE::RTTI_hkpMalleableConstraintData	Code/client/Games/Skyrim/RTTI.cpp:3501
397771	rtti	hkpEntityEntityBroadPhaseListener	curated-verified	0x141f5a078	0x1f5a078	0x141e92bc8	addr-match		RE::RTTI_hkpEntityEntityBroadPhaseListener	Code/client/Games/Skyrim/RTTI.cpp:3503
397772	rtti	hkpSimulationIsland	curated-verified	0x141f5a0b0	0x1f5a0b0	0x141e92c00	addr-match		RE::RTTI_hkpSimulationIsland	Code/client/Games/Skyrim/RTTI.cpp:3505
397773	rtti	hkpBroadPhaseBorder	curated-verified	0x141f5a0e0	0x1f5a0e0	0x141e92c30	addr-match		RE::RTTI_hkpBroadPhaseBorder	Code/client/Games/Skyrim/RTTI.cpp:3507
397774	rtti	hkpWorldDeletionListener	curated-verified	0x141f5a110	0x1f5a110	0x141e92c60	addr-match		RE::RTTI_hkpWorldDeletionListener	Code/client/Games/Skyrim/RTTI.cpp:3509
397775	rtti	hkpPhantomOverlapListener	curated-verified	0x141f5a140	0x1f5a140	0x141e92c90	addr-match		RE::RTTI_hkpPhantomOverlapListener	Code/client/Games/Skyrim/RTTI.cpp:3511
397776	rtti	hkpSimpleConstraintContactMgr	curated-verified	0x141f5a170	0x1f5a170	0x141e92cc0	addr-match		RE::RTTI_hkpSimpleConstraintContactMgr	Code/client/Games/Skyrim/RTTI.cpp:3513
397777	rtti	hkpDynamicsContactMgr	curated-verified	0x141f5a1a8	0x1f5a1a8	0x141e92cf8	addr-match		RE::RTTI_hkpDynamicsContactMgr	Code/client/Games/Skyrim/RTTI.cpp:3515
397778	rtti	hkpSimpleContactConstraintData	curated-verified	0x141f5a1d8	0x1f5a1d8	0x141e92d28	addr-match		RE::RTTI_hkpSimpleContactConstraintData	Code/client/Games/Skyrim/RTTI.cpp:3517
397780	rtti	hkpReportContactMgr	curated-verified	0x141f5a250	0x1f5a250	0x141e92da0	addr-match		RE::RTTI_hkpReportContactMgr	Code/client/Games/Skyrim/RTTI.cpp:3519
397782	rtti	hkpWorldMaintenanceMgr	curated-verified	0x141f5a2b8	0x1f5a2b8	0x141e92e08	addr-match		RE::RTTI_hkpWorldMaintenanceMgr	Code/client/Games/Skyrim/RTTI.cpp:3521
397783	rtti	hkpDefaultWorldMaintenanceMgr	curated-verified	0x141f5a2e8	0x1f5a2e8	0x141e92e38	addr-match		RE::RTTI_hkpDefaultWorldMaintenanceMgr	Code/client/Games/Skyrim/RTTI.cpp:3523
397784	rtti	hkpEndOfStepCallbackUtil	curated-verified	0x141f5a320	0x1f5a320	0x141e92e70	addr-match		RE::RTTI_hkpEndOfStepCallbackUtil	Code/client/Games/Skyrim/RTTI.cpp:3525
397785	rtti	hkpConvexPieceStreamData	curated-verified	0x141f5a350	0x1f5a350	0x141e92ea0	addr-match		RE::RTTI_hkpConvexPieceStreamData	Code/client/Games/Skyrim/RTTI.cpp:3527
397786	rtti	hkpCharacterContext	curated-verified	0x141f5a380	0x1f5a380	0x141e92ed0	addr-match		RE::RTTI_hkpCharacterContext	Code/client/Games/Skyrim/RTTI.cpp:3529
397789	rtti	hkpCharacterStateManager	curated-verified	0x141f5a428	0x1f5a428	0x141e92f78	addr-match		RE::RTTI_hkpCharacterStateManager	Code/client/Games/Skyrim/RTTI.cpp:3531
397790	rtti	hkpCharacterRigidBody	curated-verified	0x141f5a458	0x1f5a458	0x141e92fa8	addr-match		RE::RTTI_hkpCharacterRigidBody	Code/client/Games/Skyrim/RTTI.cpp:3533
397791	rtti	hkpMouseSpringAction	curated-verified	0x141f5a488	0x1f5a488	0x141e92fd8	addr-match		RE::RTTI_hkpMouseSpringAction	Code/client/Games/Skyrim/RTTI.cpp:3535
397792	rtti	hkpBinaryAction	curated-verified	0x141f5a4b8	0x1f5a4b8	0x141e93008	addr-match		RE::RTTI_hkpBinaryAction	Code/client/Games/Skyrim/RTTI.cpp:3537
397793	rtti	hkpAngularDashpotAction	curated-verified	0x141f5a4e0	0x1f5a4e0	0x141e93030	addr-match		RE::RTTI_hkpAngularDashpotAction	Code/client/Games/Skyrim/RTTI.cpp:3539
397794	rtti	hkpDashpotAction	curated-verified	0x141f5a510	0x1f5a510	0x141e93060	addr-match		RE::RTTI_hkpDashpotAction	Code/client/Games/Skyrim/RTTI.cpp:3541
397795	rtti	hkpMotorAction	curated-verified	0x141f5a538	0x1f5a538	0x141e93088	addr-match		RE::RTTI_hkpMotorAction	Code/client/Games/Skyrim/RTTI.cpp:3543
397796	rtti	hkpReorientAction	curated-verified	0x141f5a560	0x1f5a560	0x141e930b0	addr-match		RE::RTTI_hkpReorientAction	Code/client/Games/Skyrim/RTTI.cpp:3545
397797	rtti	hkpSpringAction	curated-verified	0x141f5a588	0x1f5a588	0x141e930d8	addr-match		RE::RTTI_hkpSpringAction	Code/client/Games/Skyrim/RTTI.cpp:3547
397799	rtti	hkpPoweredChainMapper	curated-verified	0x141f5a5e8	0x1f5a5e8	0x141e93138	addr-match		RE::RTTI_hkpPoweredChainMapper	Code/client/Games/Skyrim/RTTI.cpp:3549
397800	rtti	hkpConstrainedSystemFilter	curated-verified	0x141f5a618	0x1f5a618	0x141e93168	addr-match		RE::RTTI_hkpConstrainedSystemFilter	Code/client/Games/Skyrim/RTTI.cpp:3551
397801	rtti	hkpDisableEntityCollisionFilter	curated-verified	0x141f5a650	0x1f5a650	0x141e931a0	addr-match		RE::RTTI_hkpDisableEntityCollisionFilter	Code/client/Games/Skyrim/RTTI.cpp:3553
397802	rtti	hkpGroupCollisionFilter	curated-verified	0x141f5a688	0x1f5a688	0x141e931d8	addr-match		RE::RTTI_hkpGroupCollisionFilter	Code/client/Games/Skyrim/RTTI.cpp:3555
397804	rtti	hkpPhysicsSystemWithContacts	curated-verified	0x141f5a6e8	0x1f5a6e8	0x141e93238	addr-match		RE::RTTI_hkpPhysicsSystemWithContacts	Code/client/Games/Skyrim/RTTI.cpp:3557
397805	rtti	hkpSerializedDisplayMarker	curated-verified	0x141f5a720	0x1f5a720	0x141e93270	addr-match		RE::RTTI_hkpSerializedDisplayMarker	Code/client/Games/Skyrim/RTTI.cpp:3559
397806	rtti	hkpSerializedDisplayMarkerList	curated-verified	0x141f5a758	0x1f5a758	0x141e932a8	addr-match		RE::RTTI_hkpSerializedDisplayMarkerList	Code/client/Games/Skyrim/RTTI.cpp:3561
397807	rtti	hkpSerializedDisplayRbTransforms	curated-verified	0x141f5a790	0x1f5a790	0x141e932e0	addr-match		RE::RTTI_hkpSerializedDisplayRbTransforms	Code/client/Games/Skyrim/RTTI.cpp:3563
397811	rtti	hkpPhysicsData	curated-verified	0x141f5a870	0x1f5a870	0x141e933c0	addr-match		RE::RTTI_hkpPhysicsData	Code/client/Games/Skyrim/RTTI.cpp:3565
397812	rtti	hkpCharacterProxy	curated-verified	0x141f5a898	0x1f5a898	0x141e933e8	addr-match		RE::RTTI_hkpCharacterProxy	Code/client/Games/Skyrim/RTTI.cpp:3567
397813	rtti	hkpTriggerVolume	curated-verified	0x141f5a8c0	0x1f5a8c0	0x141e93410	addr-match		RE::RTTI_hkpTriggerVolume	Code/client/Games/Skyrim/RTTI.cpp:3569
397814	rtti	hkpFirstPersonGun	curated-verified	0x141f5a8e8	0x1f5a8e8	0x141e93438	addr-match		RE::RTTI_hkpFirstPersonGun	Code/client/Games/Skyrim/RTTI.cpp:3571
397815	rtti	hkpBallGun	curated-verified	0x141f5a910	0x1f5a910	0x141e93460	addr-match		RE::RTTI_hkpBallGun	Code/client/Games/Skyrim/RTTI.cpp:3573
397816	rtti	hkpGravityGun	curated-verified	0x141f5a938	0x1f5a938	0x141e93488	addr-match		RE::RTTI_hkpGravityGun	Code/client/Games/Skyrim/RTTI.cpp:3575
397817	rtti	hkpMountedBallGun	curated-verified	0x141f5a960	0x1f5a960	0x141e934b0	addr-match		RE::RTTI_hkpMountedBallGun	Code/client/Games/Skyrim/RTTI.cpp:3577
397818	rtti	hkpProjectileGun	curated-verified	0x141f5a988	0x1f5a988	0x141e934d8	addr-match		RE::RTTI_hkpProjectileGun	Code/client/Games/Skyrim/RTTI.cpp:3579
397819	rtti	hkpGunProjectile	curated-verified	0x141f5a9b0	0x1f5a9b0	0x141e93500	addr-match		RE::RTTI_hkpGunProjectile	Code/client/Games/Skyrim/RTTI.cpp:3581
397823	rtti	BGSGamebryoSequenceGenerator	curated-verified	0x141f5aa90	0x1f5aa90	0x141e935e0	addr-match		RE::RTTI_BGSGamebryoSequenceGenerator	Code/client/Games/Skyrim/RTTI.cpp:3583
397825	rtti	BSSynchronizedClipGenerator	curated-verified	0x141f5ab20	0x1f5ab20	0x141e93670	addr-match		RE::RTTI_BSSynchronizedClipGenerator	Code/client/Games/Skyrim/RTTI.cpp:3585
397827	rtti	BSRagdollContactListenerModifier	curated-verified	0x141f5abb0	0x1f5abb0	0x141e93700	addr-match		RE::RTTI_BSRagdollContactListenerModifier	Code/client/Games/Skyrim/RTTI.cpp:3587
397828	rtti	BSIStateManagerModifier	curated-verified	0x141f5b028	0x1f5b028	0x141e93738	addr-match		RE::RTTI_BSIStateManagerModifier	Code/client/Games/Skyrim/RTTI.cpp:3589
397829	rtti	BSBoneSwitchGenerator	curated-verified	0x141f5abe8	0x1f5abe8	0x141e93768	addr-match		RE::RTTI_BSBoneSwitchGenerator	Code/client/Games/Skyrim/RTTI.cpp:3591
397830	rtti	BSBoneSwitchGeneratorBoneData	curated-verified	0x141f5ac18	0x1f5ac18	0x141e93798	addr-match		RE::RTTI_BSBoneSwitchGeneratorBoneData	Code/client/Games/Skyrim/RTTI.cpp:3593
397831	rtti	BSCyclicBlendTransitionGenerator	curated-verified	0x141f5ac50	0x1f5ac50	0x141e937d0	addr-match		RE::RTTI_BSCyclicBlendTransitionGenerator	Code/client/Games/Skyrim/RTTI.cpp:3595
397832	rtti	BSOffsetAnimationGenerator	curated-verified	0x141f5ac88	0x1f5ac88	0x141e93808	addr-match		RE::RTTI_BSOffsetAnimationGenerator	Code/client/Games/Skyrim/RTTI.cpp:3597
397833	rtti	BSiStateTaggingGenerator	curated-verified	0x141f5acc0	0x1f5acc0	0x141e93840	addr-match		RE::RTTI_BSiStateTaggingGenerator	Code/client/Games/Skyrim/RTTI.cpp:3599
397834	rtti	BSComputeAddBoneAnimModifier	curated-verified	0x141f5acf0	0x1f5acf0	0x141e93870	addr-match		RE::RTTI_BSComputeAddBoneAnimModifier	Code/client/Games/Skyrim/RTTI.cpp:3601
397835	rtti	BSDecomposeVectorModifier	curated-verified	0x141f5ad28	0x1f5ad28	0x141e938a8	addr-match		RE::RTTI_BSDecomposeVectorModifier	Code/client/Games/Skyrim/RTTI.cpp:3603
397836	rtti	BSDirectAtModifier	curated-verified	0x141f5ad58	0x1f5ad58	0x141e938d8	addr-match		RE::RTTI_BSDirectAtModifier	Code/client/Games/Skyrim/RTTI.cpp:3605
397837	rtti	BSDistTriggerModifier	curated-verified	0x141f5ad88	0x1f5ad88	0x141e93908	addr-match		RE::RTTI_BSDistTriggerModifier	Code/client/Games/Skyrim/RTTI.cpp:3607
397838	rtti	BSEventEveryNEventsModifier	curated-verified	0x141f5adb8	0x1f5adb8	0x141e93938	addr-match		RE::RTTI_BSEventEveryNEventsModifier	Code/client/Games/Skyrim/RTTI.cpp:3609
397839	rtti	BSEventOnDeactivateModifier	curated-verified	0x141f5adf0	0x1f5adf0	0x141e93970	addr-match		RE::RTTI_BSEventOnDeactivateModifier	Code/client/Games/Skyrim/RTTI.cpp:3611
397840	rtti	BSEventOnFalseToTrueModifier	curated-verified	0x141f5ae28	0x1f5ae28	0x141e939a8	addr-match		RE::RTTI_BSEventOnFalseToTrueModifier	Code/client/Games/Skyrim/RTTI.cpp:3613
397841	rtti	BSGetTimeStepModifier	curated-verified	0x141f5ae60	0x1f5ae60	0x141e939e0	addr-match		RE::RTTI_BSGetTimeStepModifier	Code/client/Games/Skyrim/RTTI.cpp:3615
397842	rtti	BSInterpValueModifier	curated-verified	0x141f5ae90	0x1f5ae90	0x141e93a10	addr-match		RE::RTTI_BSInterpValueModifier	Code/client/Games/Skyrim/RTTI.cpp:3617
397843	rtti	BSIsActiveModifier	curated-verified	0x141f5aec0	0x1f5aec0	0x141e93a40	addr-match		RE::RTTI_BSIsActiveModifier	Code/client/Games/Skyrim/RTTI.cpp:3619
397844	rtti	BSLimbIKModifier	curated-verified	0x141f5aef0	0x1f5aef0	0x141e93a70	addr-match		RE::RTTI_BSLimbIKModifier	Code/client/Games/Skyrim/RTTI.cpp:3621
397845	rtti	BSLookAtModifier	curated-verified	0x141f5af18	0x1f5af18	0x141e93a98	addr-match		RE::RTTI_BSLookAtModifier	Code/client/Games/Skyrim/RTTI.cpp:3623
397846	rtti	BSModifyOnceModifier	curated-verified	0x141f5af40	0x1f5af40	0x141e93ac0	addr-match		RE::RTTI_BSModifyOnceModifier	Code/client/Games/Skyrim/RTTI.cpp:3625
397847	rtti	BSPassByTargetTriggerModifier	curated-verified	0x141f5af70	0x1f5af70	0x141e93af0	addr-match		RE::RTTI_BSPassByTargetTriggerModifier	Code/client/Games/Skyrim/RTTI.cpp:3627
397848	rtti	BSSpeedSamplerModifier	curated-verified	0x141f5afa8	0x1f5afa8	0x141e93b28	addr-match		RE::RTTI_BSSpeedSamplerModifier	Code/client/Games/Skyrim/RTTI.cpp:3629
397849	rtti	BSTimerModifier	curated-verified	0x141f5afd8	0x1f5afd8	0x141e93b58	addr-match		RE::RTTI_BSTimerModifier	Code/client/Games/Skyrim/RTTI.cpp:3631
397850	rtti	BSTweenerModifier	curated-verified	0x141f5b000	0x1f5b000	0x141e93b80	addr-match		RE::RTTI_BSTweenerModifier	Code/client/Games/Skyrim/RTTI.cpp:3633
397851	rtti	hkaAnimationBinding	curated-verified	0x141f5b058	0x1f5b058	0x141e93ba8	addr-match		RE::RTTI_hkaAnimationBinding	Code/client/Games/Skyrim/RTTI.cpp:3635
397853	rtti	BSAnimationGraphManager	curated-verified	0x141f5b0d8	0x1f5b0d8	0x141e93c28	addr-match		RE::RTTI_BSAnimationGraphManager	Code/client/Games/Skyrim/RTTI.cpp:3637
397862	rtti	hkLoader	curated-verified	0x141f5b4d8	0x1f5b4d8	0x141e94028	addr-match		RE::RTTI_hkLoader	Code/client/Games/Skyrim/RTTI.cpp:3639
397875	rtti	BSAnimationGraphLoadScrapper	curated-verified	0x141f5bab8	0x1f5bab8	0x141e94608	addr-match		RE::RTTI_BSAnimationGraphLoadScrapper	Code/client/Games/Skyrim/RTTI.cpp:3641
397876	rtti	bhkIWorldStepListener	curated-verified	0x141f5bba0	0x1f5bba0	0x141e946f0	addr-match		RE::RTTI_bhkIWorldStepListener	Code/client/Games/Skyrim/RTTI.cpp:3643
397880	rtti	hkaSkeleton	curated-verified	0x141f5ba68	0x1f5ba68	0x141e945b8	addr-match		RE::RTTI_hkaSkeleton	Code/client/Games/Skyrim/RTTI.cpp:3645
397881	rtti	BSIRagdollDriver	curated-verified	0x141f5ba90	0x1f5ba90	0x141e945e0	addr-match		RE::RTTI_BSIRagdollDriver	Code/client/Games/Skyrim/RTTI.cpp:3647
397882	rtti	BShkbAnimationGraph	curated-verified	0x141f5baf0	0x1f5baf0	0x141e94640	addr-match		RE::RTTI_BShkbAnimationGraph	Code/client/Games/Skyrim/RTTI.cpp:3649
397887	rtti	BSISpeedSamplerDB	curated-verified	0x141f5bda0	0x1f5bda0	0x141e948f0	addr-match		RE::RTTI_BSISpeedSamplerDB	Code/client/Games/Skyrim/RTTI.cpp:3651
397888	rtti	BSSpeedSamplerDBManager	curated-verified	0x141f5bdc8	0x1f5bdc8	0x141e94918	addr-match		RE::RTTI_BSSpeedSamplerDBManager	Code/client/Games/Skyrim/RTTI.cpp:3653
397893	rtti	BShkVisibilityController	curated-verified	0x141f5bfe8	0x1f5bfe8	0x141e94b38	addr-match		RE::RTTI_BShkVisibilityController	Code/client/Games/Skyrim/RTTI.cpp:3655
397898	rtti	hkbAssetLoader	curated-verified	0x141f5c230	0x1f5c230	0x141e94d80	addr-match		RE::RTTI_hkbAssetLoader	Code/client/Games/Skyrim/RTTI.cpp:3657
397906	rtti	IAnimationClipLoaderSingleton	curated-verified	0x141f5c3c8	0x1f5c3c8	0x141e94f18	addr-match		RE::RTTI_IAnimationClipLoaderSingleton	Code/client/Games/Skyrim/RTTI.cpp:3659
397907	rtti	AnimationFileManagerSingleton	curated-verified	0x141f5c400	0x1f5c400	0x141e94f50	addr-match		RE::RTTI_AnimationFileManagerSingleton	Code/client/Games/Skyrim/RTTI.cpp:3661
397913	rtti	hkaSkeletonMapper	curated-verified	0x141f5c6b8	0x1f5c6b8	0x141e95208	addr-match		RE::RTTI_hkaSkeletonMapper	Code/client/Games/Skyrim/RTTI.cpp:3663
397914	rtti	hkaRagdollInstance	curated-verified	0x141f5c6e0	0x1f5c6e0	0x141e95230	addr-match		RE::RTTI_hkaRagdollInstance	Code/client/Games/Skyrim/RTTI.cpp:3665
397915	rtti	hkaDefaultAnimationControl	curated-verified	0x141f5c710	0x1f5c710	0x141e95260	addr-match		RE::RTTI_hkaDefaultAnimationControl	Code/client/Games/Skyrim/RTTI.cpp:3667
397916	rtti	hkaAnimationControl	curated-verified	0x141f5c748	0x1f5c748	0x141e95298	addr-match		RE::RTTI_hkaAnimationControl	Code/client/Games/Skyrim/RTTI.cpp:3669
397917	rtti	hkaDefaultAnimationControlMapperData	curated-verified	0x141f5c778	0x1f5c778	0x141e952c8	addr-match		RE::RTTI_hkaDefaultAnimationControlMapperData	Code/client/Games/Skyrim/RTTI.cpp:3671
397918	rtti	hkaAnimatedReferenceFrame	curated-verified	0x141f5c7b8	0x1f5c7b8	0x141e95308	addr-match		RE::RTTI_hkaAnimatedReferenceFrame	Code/client/Games/Skyrim/RTTI.cpp:3673
397919	rtti	hkaAnimation	curated-verified	0x141f5c7e8	0x1f5c7e8	0x141e95338	addr-match		RE::RTTI_hkaAnimation	Code/client/Games/Skyrim/RTTI.cpp:3675
397920	rtti	hkaInterleavedUncompressedAnimation	curated-verified	0x141f5c810	0x1f5c810	0x141e95360	addr-match		RE::RTTI_hkaInterleavedUncompressedAnimation	Code/client/Games/Skyrim/RTTI.cpp:3677
397921	rtti	hkaQuantizedAnimation	curated-verified	0x141f5c850	0x1f5c850	0x141e953a0	addr-match		RE::RTTI_hkaQuantizedAnimation	Code/client/Games/Skyrim/RTTI.cpp:3679
397922	rtti	hkaSplineCompressedAnimation	curated-verified	0x141f5c880	0x1f5c880	0x141e953d0	addr-match		RE::RTTI_hkaSplineCompressedAnimation	Code/client/Games/Skyrim/RTTI.cpp:3681
397923	rtti	hkaAnimationPreviewColorContainer	curated-verified	0x141f5c8b8	0x1f5c8b8	0x141e95408	addr-match		RE::RTTI_hkaAnimationPreviewColorContainer	Code/client/Games/Skyrim/RTTI.cpp:3683
397924	rtti	hkaDefaultAnimatedReferenceFrame	curated-verified	0x141f5c8f0	0x1f5c8f0	0x141e95440	addr-match		RE::RTTI_hkaDefaultAnimatedReferenceFrame	Code/client/Games/Skyrim/RTTI.cpp:3685
397925	rtti	hkaFootstepAnalysisInfoContainer	curated-verified	0x141f5c928	0x1f5c928	0x141e95478	addr-match		RE::RTTI_hkaFootstepAnalysisInfoContainer	Code/client/Games/Skyrim/RTTI.cpp:3687
397926	rtti	hkaBoneAttachment	curated-verified	0x141f5c960	0x1f5c960	0x141e954b0	addr-match		RE::RTTI_hkaBoneAttachment	Code/client/Games/Skyrim/RTTI.cpp:3689
397927	rtti	hkaAnimationContainer	curated-verified	0x141f5c988	0x1f5c988	0x141e954d8	addr-match		RE::RTTI_hkaAnimationContainer	Code/client/Games/Skyrim/RTTI.cpp:3691
397928	rtti	hkaMirroredSkeleton	curated-verified	0x141f5c9b8	0x1f5c9b8	0x141e95508	addr-match		RE::RTTI_hkaMirroredSkeleton	Code/client/Games/Skyrim/RTTI.cpp:3693
397929	rtti	hkpCollisionDispatcher	curated-verified	0x141f5c9e8	0x1f5c9e8	0x141e95538	addr-match		RE::RTTI_hkpCollisionDispatcher	Code/client/Games/Skyrim/RTTI.cpp:3695
397930	rtti	hkpNullBroadPhaseListener	curated-verified	0x141f5ca18	0x1f5ca18	0x141e95568	addr-match		RE::RTTI_hkpNullBroadPhaseListener	Code/client/Games/Skyrim/RTTI.cpp:3697
397931	rtti	hkpCollisionAgent	curated-verified	0x141f5ca48	0x1f5ca48	0x141e95598	addr-match		RE::RTTI_hkpCollisionAgent	Code/client/Games/Skyrim/RTTI.cpp:3699
397932	rtti	hkpNullAgent	curated-verified	0x141f5ca70	0x1f5ca70	0x141e955c0	addr-match		RE::RTTI_hkpNullAgent	Code/client/Games/Skyrim/RTTI.cpp:3701
397933	rtti	hkp3AxisSweep	curated-verified	0x141f5ca98	0x1f5ca98	0x141e955e8	addr-match		RE::RTTI_hkp3AxisSweep	Code/client/Games/Skyrim/RTTI.cpp:3703
397934	rtti	hkpBroadPhase	curated-verified	0x141f5cac0	0x1f5cac0	0x141e95610	addr-match		RE::RTTI_hkpBroadPhase	Code/client/Games/Skyrim/RTTI.cpp:3705
397935	rtti	hkTraceStream	curated-verified	0x141f5cae8	0x1f5cae8	0x141e95638	addr-match		RE::RTTI_hkTraceStream	Code/client/Games/Skyrim/RTTI.cpp:3707
397937	rtti	hkpStorageMeshShape	curated-verified	0x141f5cb48	0x1f5cb48	0x141e95698	addr-match		RE::RTTI_hkpStorageMeshShape	Code/client/Games/Skyrim/RTTI.cpp:3709
397938	rtti	hkpMeshShape	curated-verified	0x141f5cb78	0x1f5cb78	0x141e956c8	addr-match		RE::RTTI_hkpMeshShape	Code/client/Games/Skyrim/RTTI.cpp:3711
397940	rtti	hkpStorageExtendedMeshShape	curated-verified	0x141f5cbe0	0x1f5cbe0	0x141e95730	addr-match		RE::RTTI_hkpStorageExtendedMeshShape	Code/client/Games/Skyrim/RTTI.cpp:3713
397941	rtti	hkpExtendedMeshShape	curated-verified	0x141f5cc18	0x1f5cc18	0x141e95768	addr-match		RE::RTTI_hkpExtendedMeshShape	Code/client/Games/Skyrim/RTTI.cpp:3715
397944	rtti	hkTagfileWriter	curated-verified	0x141f5cce8	0x1f5cce8	0x141e95838	addr-match		RE::RTTI_hkTagfileWriter	Code/client/Games/Skyrim/RTTI.cpp:3717
397946	rtti	hkTagfileReader	curated-verified	0x141f5cd50	0x1f5cd50	0x141e958a0	addr-match		RE::RTTI_hkTagfileReader	Code/client/Games/Skyrim/RTTI.cpp:3719
397947	rtti	hkBinaryTagfileWriter	curated-verified	0x141f5cd78	0x1f5cd78	0x141e958c8	addr-match		RE::RTTI_hkBinaryTagfileWriter	Code/client/Games/Skyrim/RTTI.cpp:3721
397948	rtti	hkXmlTagfileReader	curated-verified	0x141f5cda8	0x1f5cda8	0x141e958f8	addr-match		RE::RTTI_hkXmlTagfileReader	Code/client/Games/Skyrim/RTTI.cpp:3723
397949	rtti	hkXmlTagfileWriter	curated-verified	0x141f5cdd8	0x1f5cdd8	0x141e95928	addr-match		RE::RTTI_hkXmlTagfileWriter	Code/client/Games/Skyrim/RTTI.cpp:3725
397951	rtti	hkpFastMeshShape	curated-verified	0x141f5ce48	0x1f5ce48	0x141e95998	addr-match		RE::RTTI_hkpFastMeshShape	Code/client/Games/Skyrim/RTTI.cpp:3727
397952	rtti	hkpMapPointsToSubShapeContactMgr	curated-verified	0x141f5ce70	0x1f5ce70	0x141e959c0	addr-match		RE::RTTI_hkpMapPointsToSubShapeContactMgr	Code/client/Games/Skyrim/RTTI.cpp:3729
397953	rtti	hkpPoweredChainData	curated-verified	0x141f5cea8	0x1f5cea8	0x141e959f8	addr-match		RE::RTTI_hkpPoweredChainData	Code/client/Games/Skyrim/RTTI.cpp:3731
397954	rtti	hkpConvexVerticesShape	curated-verified	0x141f5ced8	0x1f5ced8	0x141e95a28	addr-match		RE::RTTI_hkpConvexVerticesShape	Code/client/Games/Skyrim/RTTI.cpp:3733
397955	rtti	hkResource	curated-verified	0x141f5cf08	0x1f5cf08	0x141e95a58	addr-match		RE::RTTI_hkResource	Code/client/Games/Skyrim/RTTI.cpp:3735
397958	rtti	hkpArrayAction	curated-verified	0x141f5cfa0	0x1f5cfa0	0x141e95af0	addr-match		RE::RTTI_hkpArrayAction	Code/client/Games/Skyrim/RTTI.cpp:3737
397960	rtti	hkpEaseConstraintsAction	curated-verified	0x141f5d018	0x1f5d018	0x141e95b68	addr-match		RE::RTTI_hkpEaseConstraintsAction	Code/client/Games/Skyrim/RTTI.cpp:3739
397962	rtti	hkpEasePenetrationAction	curated-verified	0x141f5d0a0	0x1f5d0a0	0x141e95bf0	addr-match		RE::RTTI_hkpEasePenetrationAction	Code/client/Games/Skyrim/RTTI.cpp:3741
397965	rtti	hkxAnimatedFloat	curated-verified	0x141f5d150	0x1f5d150	0x141e95ca0	addr-match		RE::RTTI_hkxAnimatedFloat	Code/client/Games/Skyrim/RTTI.cpp:3743
397966	rtti	hkxAnimatedMatrix	curated-verified	0x141f5d178	0x1f5d178	0x141e95cc8	addr-match		RE::RTTI_hkxAnimatedMatrix	Code/client/Games/Skyrim/RTTI.cpp:3745
397967	rtti	hkxAnimatedQuaternion	curated-verified	0x141f5d1a0	0x1f5d1a0	0x141e95cf0	addr-match		RE::RTTI_hkxAnimatedQuaternion	Code/client/Games/Skyrim/RTTI.cpp:3747
397968	rtti	hkxAnimatedVector	curated-verified	0x141f5d1d0	0x1f5d1d0	0x141e95d20	addr-match		RE::RTTI_hkxAnimatedVector	Code/client/Games/Skyrim/RTTI.cpp:3749
397969	rtti	hkxSparselyAnimatedBool	curated-verified	0x141f5d1f8	0x1f5d1f8	0x141e95d48	addr-match		RE::RTTI_hkxSparselyAnimatedBool	Code/client/Games/Skyrim/RTTI.cpp:3751
397970	rtti	hkxSparselyAnimatedInt	curated-verified	0x141f5d228	0x1f5d228	0x141e95d78	addr-match		RE::RTTI_hkxSparselyAnimatedInt	Code/client/Games/Skyrim/RTTI.cpp:3753
397971	rtti	hkxEnum	curated-verified	0x141f5d258	0x1f5d258	0x141e95da8	addr-match		RE::RTTI_hkxEnum	Code/client/Games/Skyrim/RTTI.cpp:3755
397972	rtti	hkxSparselyAnimatedEnum	curated-verified	0x141f5d278	0x1f5d278	0x141e95dc8	addr-match		RE::RTTI_hkxSparselyAnimatedEnum	Code/client/Games/Skyrim/RTTI.cpp:3757
397973	rtti	hkxSparselyAnimatedString	curated-verified	0x141f5d2a8	0x1f5d2a8	0x141e95df8	addr-match		RE::RTTI_hkxSparselyAnimatedString	Code/client/Games/Skyrim/RTTI.cpp:3759
397974	rtti	hkxAttributeHolder	curated-verified	0x141f5d2d8	0x1f5d2d8	0x141e95e28	addr-match		RE::RTTI_hkxAttributeHolder	Code/client/Games/Skyrim/RTTI.cpp:3761
397975	rtti	hkxCamera	curated-verified	0x141f5d308	0x1f5d308	0x141e95e58	addr-match		RE::RTTI_hkxCamera	Code/client/Games/Skyrim/RTTI.cpp:3763
397976	rtti	hkxNode	curated-verified	0x141f5d328	0x1f5d328	0x141e95e78	addr-match		RE::RTTI_hkxNode	Code/client/Games/Skyrim/RTTI.cpp:3765
397977	rtti	hkxLight	curated-verified	0x141f5d348	0x1f5d348	0x141e95e98	addr-match		RE::RTTI_hkxLight	Code/client/Games/Skyrim/RTTI.cpp:3767
397978	rtti	hkxMaterial	curated-verified	0x141f5d368	0x1f5d368	0x141e95eb8	addr-match		RE::RTTI_hkxMaterial	Code/client/Games/Skyrim/RTTI.cpp:3769
397979	rtti	hkxMaterialEffect	curated-verified	0x141f5d390	0x1f5d390	0x141e95ee0	addr-match		RE::RTTI_hkxMaterialEffect	Code/client/Games/Skyrim/RTTI.cpp:3771
397980	rtti	hkxMaterialShader	curated-verified	0x141f5d3b8	0x1f5d3b8	0x141e95f08	addr-match		RE::RTTI_hkxMaterialShader	Code/client/Games/Skyrim/RTTI.cpp:3773
397981	rtti	hkxTextureFile	curated-verified	0x141f5d3e0	0x1f5d3e0	0x141e95f30	addr-match		RE::RTTI_hkxTextureFile	Code/client/Games/Skyrim/RTTI.cpp:3775
397982	rtti	hkxTextureInplace	curated-verified	0x141f5d408	0x1f5d408	0x141e95f58	addr-match		RE::RTTI_hkxTextureInplace	Code/client/Games/Skyrim/RTTI.cpp:3777
397983	rtti	hkxEdgeSelectionChannel	curated-verified	0x141f5d430	0x1f5d430	0x141e95f80	addr-match		RE::RTTI_hkxEdgeSelectionChannel	Code/client/Games/Skyrim/RTTI.cpp:3779
397984	rtti	hkxTriangleSelectionChannel	curated-verified	0x141f5d460	0x1f5d460	0x141e95fb0	addr-match		RE::RTTI_hkxTriangleSelectionChannel	Code/client/Games/Skyrim/RTTI.cpp:3781
397985	rtti	hkxVertexFloatDataChannel	curated-verified	0x141f5d498	0x1f5d498	0x141e95fe8	addr-match		RE::RTTI_hkxVertexFloatDataChannel	Code/client/Games/Skyrim/RTTI.cpp:3783
397986	rtti	hkxVertexIntDataChannel	curated-verified	0x141f5d4c8	0x1f5d4c8	0x141e96018	addr-match		RE::RTTI_hkxVertexIntDataChannel	Code/client/Games/Skyrim/RTTI.cpp:3785
397987	rtti	hkxVertexSelectionChannel	curated-verified	0x141f5d4f8	0x1f5d4f8	0x141e96048	addr-match		RE::RTTI_hkxVertexSelectionChannel	Code/client/Games/Skyrim/RTTI.cpp:3787
397988	rtti	hkxVertexVectorDataChannel	curated-verified	0x141f5d528	0x1f5d528	0x141e96078	addr-match		RE::RTTI_hkxVertexVectorDataChannel	Code/client/Games/Skyrim/RTTI.cpp:3789
397989	rtti	hkxIndexBuffer	curated-verified	0x141f5d560	0x1f5d560	0x141e960b0	addr-match		RE::RTTI_hkxIndexBuffer	Code/client/Games/Skyrim/RTTI.cpp:3791
397990	rtti	hkxMeshSection	curated-verified	0x141f5d588	0x1f5d588	0x141e960d8	addr-match		RE::RTTI_hkxMeshSection	Code/client/Games/Skyrim/RTTI.cpp:3793
397992	rtti	hkxNodeSelectionSet	curated-verified	0x141f5d5e0	0x1f5d5e0	0x141e96130	addr-match		RE::RTTI_hkxNodeSelectionSet	Code/client/Games/Skyrim/RTTI.cpp:3795
397993	rtti	hkxSkinBinding	curated-verified	0x141f5d610	0x1f5d610	0x141e96160	addr-match		RE::RTTI_hkxSkinBinding	Code/client/Games/Skyrim/RTTI.cpp:3797
397994	rtti	hkxScene	curated-verified	0x141f5d638	0x1f5d638	0x141e96188	addr-match		RE::RTTI_hkxScene	Code/client/Games/Skyrim/RTTI.cpp:3799
397995	rtti	hkaMeshBinding	curated-verified	0x141f5d658	0x1f5d658	0x141e961a8	addr-match		RE::RTTI_hkaMeshBinding	Code/client/Games/Skyrim/RTTI.cpp:3801
397996	rtti	hkaFootstepAnalysisInfo	curated-verified	0x141f5d680	0x1f5d680	0x141e961d0	addr-match		RE::RTTI_hkaFootstepAnalysisInfo	Code/client/Games/Skyrim/RTTI.cpp:3803
397997	rtti	hkPackfileWriter	curated-verified	0x141f5d6b0	0x1f5d6b0	0x141e96200	addr-match		RE::RTTI_hkPackfileWriter	Code/client/Games/Skyrim/RTTI.cpp:3805
397998	rtti	hkIstream	curated-verified	0x141f5d6d8	0x1f5d6d8	0x141e96228	addr-match		RE::RTTI_hkIstream	Code/client/Games/Skyrim/RTTI.cpp:3807
398000	rtti	hkDataWorld	curated-verified	0x141f5d6f8	0x1f5d6f8	0x141e96288	addr-match		RE::RTTI_hkDataWorld	Code/client/Games/Skyrim/RTTI.cpp:3809
398001	rtti	hkDataObjectImpl	curated-verified	0x141f5d720	0x1f5d720	0x141e962b0	addr-match		RE::RTTI_hkDataObjectImpl	Code/client/Games/Skyrim/RTTI.cpp:3811
398002	rtti	hkDataRefCounted	curated-verified	0x141f5d748	0x1f5d748	0x141e962d8	addr-match		RE::RTTI_hkDataRefCounted	Code/client/Games/Skyrim/RTTI.cpp:3813
398003	rtti	hkDataArrayImpl	curated-verified	0x141f5d770	0x1f5d770	0x141e96300	addr-match		RE::RTTI_hkDataArrayImpl	Code/client/Games/Skyrim/RTTI.cpp:3815
398004	rtti	hkDataClassImpl	curated-verified	0x141f5d798	0x1f5d798	0x141e96328	addr-match		RE::RTTI_hkDataClassImpl	Code/client/Games/Skyrim/RTTI.cpp:3817
398005	rtti	hkDataClassDict	curated-verified	0x141f5d7c0	0x1f5d7c0	0x141e96350	addr-match		RE::RTTI_hkDataClassDict	Code/client/Games/Skyrim/RTTI.cpp:3819
398006	rtti	hkDataObjectDict	curated-verified	0x141f5d7e8	0x1f5d7e8	0x141e96378	addr-match		RE::RTTI_hkDataObjectDict	Code/client/Games/Skyrim/RTTI.cpp:3821
398007	rtti	hkDataWorldDict	curated-verified	0x141f5d810	0x1f5d810	0x141e963a0	addr-match		RE::RTTI_hkDataWorldDict	Code/client/Games/Skyrim/RTTI.cpp:3823
398022	rtti	hkDataClassNative	curated-verified	0x141f5db90	0x1f5db90	0x141e966e0	addr-match		RE::RTTI_hkDataClassNative	Code/client/Games/Skyrim/RTTI.cpp:3825
398023	rtti	hkDataWorldNative	curated-verified	0x141f5dbb8	0x1f5dbb8	0x141e96708	addr-match		RE::RTTI_hkDataWorldNative	Code/client/Games/Skyrim/RTTI.cpp:3827
398024	rtti	hkDataObjectNative	curated-verified	0x141f5dbe0	0x1f5dbe0	0x141e96730	addr-match		RE::RTTI_hkDataObjectNative	Code/client/Games/Skyrim/RTTI.cpp:3829
398025	rtti	hkDataArrayNative	curated-verified	0x141f5dc10	0x1f5dc10	0x141e96760	addr-match		RE::RTTI_hkDataArrayNative	Code/client/Games/Skyrim/RTTI.cpp:3831
398026	rtti	hkBinaryTagfileReader	curated-verified	0x141f5dc38	0x1f5dc38	0x141e96788	addr-match		RE::RTTI_hkBinaryTagfileReader	Code/client/Games/Skyrim/RTTI.cpp:3833
398027	rtti	hkVersionPatchManager	curated-verified	0x141f5dc68	0x1f5dc68	0x141e967b8	addr-match		RE::RTTI_hkVersionPatchManager	Code/client/Games/Skyrim/RTTI.cpp:3835
398029	rtti	hkSubStreamWriter	curated-verified	0x141f5dcd8	0x1f5dcd8	0x141e96828	addr-match		RE::RTTI_hkSubStreamWriter	Code/client/Games/Skyrim/RTTI.cpp:3837
398030	rtti	hkBinaryPackfileWriter	curated-verified	0x141f5dd00	0x1f5dd00	0x141e96850	addr-match		RE::RTTI_hkBinaryPackfileWriter	Code/client/Games/Skyrim/RTTI.cpp:3839
398031	rtti	hkPooledAllocator	curated-verified	0x141f5dd30	0x1f5dd30	0x141e96880	addr-match		RE::RTTI_hkPooledAllocator	Code/client/Games/Skyrim/RTTI.cpp:3841
398032	rtti	hkTempDetectAllocator	curated-verified	0x141f5dd58	0x1f5dd58	0x141e968a8	addr-match		RE::RTTI_hkTempDetectAllocator	Code/client/Games/Skyrim/RTTI.cpp:3843
398033	rtti	hkSerializeDeprecated	curated-verified	0x141f5dd88	0x1f5dd88	0x141e968d8	addr-match		RE::RTTI_hkSerializeDeprecated	Code/client/Games/Skyrim/RTTI.cpp:3845
398035	rtti	hkpIterativeLinearCastAgent	curated-verified	0x141f5ddf8	0x1f5ddf8	0x141e96948	addr-match		RE::RTTI_hkpIterativeLinearCastAgent	Code/client/Games/Skyrim/RTTI.cpp:3847
398036	rtti	hkpGskBaseAgent	curated-verified	0x141f5de30	0x1f5de30	0x141e96980	addr-match		RE::RTTI_hkpGskBaseAgent	Code/client/Games/Skyrim/RTTI.cpp:3849
398037	rtti	hkpGskfAgent	curated-verified	0x141f5de58	0x1f5de58	0x141e969a8	addr-match		RE::RTTI_hkpGskfAgent	Code/client/Games/Skyrim/RTTI.cpp:3851
398038	rtti	hkpPredGskfAgent	curated-verified	0x141f5de80	0x1f5de80	0x141e969d0	addr-match		RE::RTTI_hkpPredGskfAgent	Code/client/Games/Skyrim/RTTI.cpp:3853
398039	rtti	hkpBoxBoxAgent	curated-verified	0x141f5dea8	0x1f5dea8	0x141e969f8	addr-match		RE::RTTI_hkpBoxBoxAgent	Code/client/Games/Skyrim/RTTI.cpp:3855
398040	rtti	hkpSymmetricAgentFlipCollector	curated-verified	0x141f5ded0	0x1f5ded0	0x141e96a20	addr-match		RE::RTTI_hkpSymmetricAgentFlipCollector	Code/client/Games/Skyrim/RTTI.cpp:3857
398041	rtti	hkpSymmetricAgentFlipCastCollector	curated-verified	0x141f5df08	0x1f5df08	0x141e96a58	addr-match		RE::RTTI_hkpSymmetricAgentFlipCastCollector	Code/client/Games/Skyrim/RTTI.cpp:3859
398042	rtti	hkpSymmetricAgentFlipBodyCollector	curated-verified	0x141f5df48	0x1f5df48	0x141e96a98	addr-match		RE::RTTI_hkpSymmetricAgentFlipBodyCollector	Code/client/Games/Skyrim/RTTI.cpp:3861
398043	rtti	hkpBvAgent	curated-verified	0x141f5df88	0x1f5df88	0x141e96ad8	addr-match		RE::RTTI_hkpBvAgent	Code/client/Games/Skyrim/RTTI.cpp:3863
398044	rtti	hkpFlagCdBodyPairCollector	curated-verified	0x141f5dfb0	0x1f5dfb0	0x141e96b00	addr-match		RE::RTTI_hkpFlagCdBodyPairCollector	Code/client/Games/Skyrim/RTTI.cpp:3865
398045	rtti	hkpSimpleClosestContactCollector	curated-verified	0x141f5dfe8	0x1f5dfe8	0x141e96b38	addr-match		RE::RTTI_hkpSimpleClosestContactCollector	Code/client/Games/Skyrim/RTTI.cpp:3867
398048	rtti	hkpBvTreeAgent	curated-verified	0x141f5e0a8	0x1f5e0a8	0x141e96bf8	addr-match		RE::RTTI_hkpBvTreeAgent	Code/client/Games/Skyrim/RTTI.cpp:3869
398051	rtti	hkpBvTreeStreamAgent	curated-verified	0x141f5e158	0x1f5e158	0x141e96ca8	addr-match		RE::RTTI_hkpBvTreeStreamAgent	Code/client/Games/Skyrim/RTTI.cpp:3871
398056	rtti	hkpShapeCollectionAgent	curated-verified	0x141f5e2d0	0x1f5e2d0	0x141e96e20	addr-match		RE::RTTI_hkpShapeCollectionAgent	Code/client/Games/Skyrim/RTTI.cpp:3873
398057	rtti	hkpMoppAgent	curated-verified	0x141f5e300	0x1f5e300	0x141e96e50	addr-match		RE::RTTI_hkpMoppAgent	Code/client/Games/Skyrim/RTTI.cpp:3875
398060	rtti	hkpPhantomAgent	curated-verified	0x141f5e3b8	0x1f5e3b8	0x141e96f08	addr-match		RE::RTTI_hkpPhantomAgent	Code/client/Games/Skyrim/RTTI.cpp:3877
398061	rtti	hkpSphereSphereAgent	curated-verified	0x141f5e3e0	0x1f5e3e0	0x141e96f30	addr-match		RE::RTTI_hkpSphereSphereAgent	Code/client/Games/Skyrim/RTTI.cpp:3879
398062	rtti	hkpSphereCapsuleAgent	curated-verified	0x141f5e410	0x1f5e410	0x141e96f60	addr-match		RE::RTTI_hkpSphereCapsuleAgent	Code/client/Games/Skyrim/RTTI.cpp:3881
398064	rtti	hkpSphereTriangleAgent	curated-verified	0x141f5e490	0x1f5e490	0x141e96fe0	addr-match		RE::RTTI_hkpSphereTriangleAgent	Code/client/Games/Skyrim/RTTI.cpp:3883
398066	rtti	hkpCapsuleCapsuleAgent	curated-verified	0x141f5e510	0x1f5e510	0x141e97060	addr-match		RE::RTTI_hkpCapsuleCapsuleAgent	Code/client/Games/Skyrim/RTTI.cpp:3885
398067	rtti	hkpCapsuleTriangleAgent	curated-verified	0x141f5e540	0x1f5e540	0x141e97090	addr-match		RE::RTTI_hkpCapsuleTriangleAgent	Code/client/Games/Skyrim/RTTI.cpp:3887
398069	rtti	hkpSphereBoxAgent	curated-verified	0x141f5e5c0	0x1f5e5c0	0x141e97110	addr-match		RE::RTTI_hkpSphereBoxAgent	Code/client/Games/Skyrim/RTTI.cpp:3889
398071	rtti	hkpMultiSphereTriangleAgent	curated-verified	0x141f5e640	0x1f5e640	0x141e97190	addr-match		RE::RTTI_hkpMultiSphereTriangleAgent	Code/client/Games/Skyrim/RTTI.cpp:3891
398073	rtti	hkpMultiRayConvexAgent	curated-verified	0x141f5e6d8	0x1f5e6d8	0x141e97228	addr-match		RE::RTTI_hkpMultiRayConvexAgent	Code/client/Games/Skyrim/RTTI.cpp:3893
398075	rtti	hkpTransformAgent	curated-verified	0x141f5e760	0x1f5e760	0x141e972b0	addr-match		RE::RTTI_hkpTransformAgent	Code/client/Games/Skyrim/RTTI.cpp:3895
398078	rtti	hkpListAgent	curated-verified	0x141f5e820	0x1f5e820	0x141e97370	addr-match		RE::RTTI_hkpListAgent	Code/client/Games/Skyrim/RTTI.cpp:3897
398081	rtti	hkpConvexListAgent	curated-verified	0x141f5e8d8	0x1f5e8d8	0x141e97428	addr-match		RE::RTTI_hkpConvexListAgent	Code/client/Games/Skyrim/RTTI.cpp:3899
398084	rtti	hkpMultiSphereAgent	curated-verified	0x141f5e9a0	0x1f5e9a0	0x141e974f0	addr-match		RE::RTTI_hkpMultiSphereAgent	Code/client/Games/Skyrim/RTTI.cpp:3901
398087	rtti	hkAlignSceneToNodeOptions	curated-verified	0x141f5ea70	0x1f5ea70	0x141e975c0	addr-match		RE::RTTI_hkAlignSceneToNodeOptions	Code/client/Games/Skyrim/RTTI.cpp:3903
398088	rtti	hkxEnvironment	curated-verified	0x141f5eaa0	0x1f5eaa0	0x141e975f0	addr-match		RE::RTTI_hkxEnvironment	Code/client/Games/Skyrim/RTTI.cpp:3905
398089	rtti	hkxMaterialShaderSet	curated-verified	0x141f5eac8	0x1f5eac8	0x141e97618	addr-match		RE::RTTI_hkxMaterialShaderSet	Code/client/Games/Skyrim/RTTI.cpp:3907
398090	rtti	hkxVertexBuffer	curated-verified	0x141f5eaf8	0x1f5eaf8	0x141e97648	addr-match		RE::RTTI_hkxVertexBuffer	Code/client/Games/Skyrim/RTTI.cpp:3909
398091	rtti	hkxMesh	curated-verified	0x141f5eb20	0x1f5eb20	0x141e97670	addr-match		RE::RTTI_hkxMesh	Code/client/Games/Skyrim/RTTI.cpp:3911
398092	rtti	hkOffsetOnlyStreamWriter	curated-verified	0x141f5eb40	0x1f5eb40	0x141e97690	addr-match		RE::RTTI_hkOffsetOnlyStreamWriter	Code/client/Games/Skyrim/RTTI.cpp:3913
398093	rtti	hkObjectWriter	curated-verified	0x141f5eb70	0x1f5eb70	0x141e976c0	addr-match		RE::RTTI_hkObjectWriter	Code/client/Games/Skyrim/RTTI.cpp:3915
398094	rtti	hkPlatformObjectWriter	curated-verified	0x141f5eb98	0x1f5eb98	0x141e976e8	addr-match		RE::RTTI_hkPlatformObjectWriter	Code/client/Games/Skyrim/RTTI.cpp:3917
398096	rtti	hkMemoryStreamReader	curated-verified	0x141f5ec00	0x1f5ec00	0x141e97750	addr-match		RE::RTTI_hkMemoryStreamReader	Code/client/Games/Skyrim/RTTI.cpp:3919
398097	rtti	hkPackfileData	curated-verified	0x141f5ec30	0x1f5ec30	0x141e97780	addr-match		RE::RTTI_hkPackfileData	Code/client/Games/Skyrim/RTTI.cpp:3921
398098	rtti	hkObjectResource	curated-verified	0x141f5ec58	0x1f5ec58	0x141e977a8	addr-match		RE::RTTI_hkObjectResource	Code/client/Games/Skyrim/RTTI.cpp:3923
398099	rtti	hkIArchive	curated-verified	0x141f5ec80	0x1f5ec80	0x141e977d0	addr-match		RE::RTTI_hkIArchive	Code/client/Games/Skyrim/RTTI.cpp:3925
398100	rtti	hkParserBuffer	curated-verified	0x141f5eca8	0x1f5eca8	0x141e977f8	addr-match		RE::RTTI_hkParserBuffer	Code/client/Games/Skyrim/RTTI.cpp:3927
398101	rtti	hkXmlStreamParser	curated-verified	0x141f5ecd0	0x1f5ecd0	0x141e97820	addr-match		RE::RTTI_hkXmlStreamParser	Code/client/Games/Skyrim/RTTI.cpp:3929
398102	rtti	hkXmlLexAnalyzer	curated-verified	0x141f5ecf8	0x1f5ecf8	0x141e97848	addr-match		RE::RTTI_hkXmlLexAnalyzer	Code/client/Games/Skyrim/RTTI.cpp:3931
398103	rtti	BSAudioManagerThread	curated-verified	0x141f5ed20	0x1f5ed20	0x141e97870	addr-match		RE::RTTI_BSAudioManagerThread	Code/client/Games/Skyrim/RTTI.cpp:3933
398104	rtti	AudioLoadForPlaybackTask	curated-verified	0x141f5ed50	0x1f5ed50	0x141e978a0	addr-match		RE::RTTI_AudioLoadForPlaybackTask	Code/client/Games/Skyrim/RTTI.cpp:3935
398106	rtti	AudioLoadToCacheTask	curated-verified	0x141f5edb8	0x1f5edb8	0x141e97908	addr-match		RE::RTTI_AudioLoadToCacheTask	Code/client/Games/Skyrim/RTTI.cpp:3937
398107	rtti	BSAudio	curated-verified	0x141f5ede8	0x1f5ede8	0x141e97938	addr-match		RE::RTTI_BSAudio	Code/client/Games/Skyrim/RTTI.cpp:3939
398108	rtti	BSGameSound	curated-verified	0x141f5ee08	0x1f5ee08	0x141e97958	addr-match		RE::RTTI_BSGameSound	Code/client/Games/Skyrim/RTTI.cpp:3941
398109	rtti	BSNullImplAudio	curated-verified	0x141f5ee30	0x1f5ee30	0x141e97980	addr-match		RE::RTTI_BSNullImplAudio	Code/client/Games/Skyrim/RTTI.cpp:3943
398114	rtti	BSAudioListener	curated-verified	0x141f5eff8	0x1f5eff8	0x141e97b48	addr-match		RE::RTTI_BSAudioListener	Code/client/Games/Skyrim/RTTI.cpp:3945
398115	rtti	BSNullImplAudioListener	curated-verified	0x141f5f020	0x1f5f020	0x141e97b70	addr-match		RE::RTTI_BSNullImplAudioListener	Code/client/Games/Skyrim/RTTI.cpp:3947
398116	rtti	BSNullImplGameSound	curated-verified	0x141f5f050	0x1f5f050	0x141e97ba0	addr-match		RE::RTTI_BSNullImplGameSound	Code/client/Games/Skyrim/RTTI.cpp:3949
398119	rtti	BSXAudio2Audio	curated-verified	0x141f5f0b0	0x1f5f0b0	0x141e97c00	addr-match		RE::RTTI_BSXAudio2Audio	Code/client/Games/Skyrim/RTTI.cpp:3951
398121	rtti	CXAPOBase	curated-weak	0x141f5f140	0x1f5f140	0x141e97c90	addr-match		RE::RTTI_CXAPOBase	Code/client/Games/Skyrim/RTTI.cpp:3953
398128	rtti	BSXAudio2AudioListener	curated-verified	0x141f5f368	0x1f5f368	0x141e97eb8	addr-match		RE::RTTI_BSXAudio2AudioListener	Code/client/Games/Skyrim/RTTI.cpp:3955
398130	rtti	BSXAudio2GameSound	curated-verified	0x141f5f3c8	0x1f5f3c8	0x141e97f18	addr-match		RE::RTTI_BSXAudio2GameSound	Code/client/Games/Skyrim/RTTI.cpp:3957
398131	rtti	BSXAudio2DataSrc	curated-verified	0x141f5f3f8	0x1f5f3f8	0x141e97f48	addr-match		RE::RTTI_BSXAudio2DataSrc	Code/client/Games/Skyrim/RTTI.cpp:3959
398133	rtti	ScrapHeap	curated-verified	0x141f5f460	0x1f5f460	0x141e97fb0	addr-match		RE::RTTI_ScrapHeap	Code/client/Games/Skyrim/RTTI.cpp:3961
398134	rtti	IMemoryStore	curated-verified	0x141f5f480	0x1f5f480	0x141e97fd0	addr-match		RE::RTTI_IMemoryStore	Code/client/Games/Skyrim/RTTI.cpp:3963
398135	rtti	IMemoryStoreBase	curated-verified	0x141f5f4a8	0x1f5f4a8	0x141e97ff8	addr-match		RE::RTTI_IMemoryStoreBase	Code/client/Games/Skyrim/RTTI.cpp:3965
398136	rtti	BSCoreMessage	curated-verified	0x141f5f4d0	0x1f5f4d0	0x141e98020	addr-match		RE::RTTI_BSCoreMessage	Code/client/Games/Skyrim/RTTI.cpp:3967
398140	rtti	MemoryHeap	curated-verified	0x141f5f598	0x1f5f598	0x141e980e8	addr-match		RE::RTTI_MemoryHeap	Code/client/Games/Skyrim/RTTI.cpp:3969
398141	rtti	AbstractHeap	curated-verified	0x141f5f5c0	0x1f5f5c0	0x141e98110	addr-match		RE::RTTI_AbstractHeap	Code/client/Games/Skyrim/RTTI.cpp:3971
398142	rtti	IMemoryHeap	curated-verified	0x141f5f5e8	0x1f5f5e8	0x141e98138	addr-match		RE::RTTI_IMemoryHeap	Code/client/Games/Skyrim/RTTI.cpp:3973
398143	rtti	UnitTestMemoryHeap	curated-verified	0x141f5f610	0x1f5f610	0x141e98160	addr-match		RE::RTTI_UnitTestMemoryHeap	Code/client/Games/Skyrim/RTTI.cpp:3975
398144	rtti	ZeroOverheadHeap	curated-verified	0x141f5f640	0x1f5f640	0x141e98190	addr-match		RE::RTTI_ZeroOverheadHeap	Code/client/Games/Skyrim/RTTI.cpp:3977
398145	rtti	UnitTestZeroOverheadHeap	curated-verified	0x141f5f668	0x1f5f668	0x141e981b8	addr-match		RE::RTTI_UnitTestZeroOverheadHeap	Code/client/Games/Skyrim/RTTI.cpp:3979
398146	rtti	BSSmallBlockAllocator	curated-verified	0x141f5f698	0x1f5f698	0x141e981e8	addr-match		RE::RTTI_BSSmallBlockAllocator	Code/client/Games/Skyrim/RTTI.cpp:3981
398148	rtti	BSStepThread	curated-verified	0x141f5f708	0x1f5f708	0x141e98258	addr-match		RE::RTTI_BSStepThread	Code/client/Games/Skyrim/RTTI.cpp:3983
398155	rtti	MouseMoveEvent	curated-verified	0x141f5f9e0	0x1f5f9e0	0x141e98530	addr-match		RE::RTTI_MouseMoveEvent	Code/client/Games/Skyrim/RTTI.cpp:3985
398156	rtti	CharEvent	curated-verified	0x141f5fa70	0x1f5fa70	0x141e98558	addr-match		RE::RTTI_CharEvent	Code/client/Games/Skyrim/RTTI.cpp:3987
398157	rtti	DeviceConnectEvent	curated-verified	0x141f5fa90	0x1f5fa90	0x141e98578	addr-match		RE::RTTI_DeviceConnectEvent	Code/client/Games/Skyrim/RTTI.cpp:3989
398158	rtti	KinectEvent	curated-verified	0x141f5fac0	0x1f5fac0	0x141e985a8	addr-match		RE::RTTI_KinectEvent	Code/client/Games/Skyrim/RTTI.cpp:3991
398159	rtti	BSWin32GamerProfile	curated-verified	0x141f5fae8	0x1f5fae8	0x141e985d0	addr-match		RE::RTTI_BSWin32GamerProfile	Code/client/Games/Skyrim/RTTI.cpp:3993
398160	rtti	BSGamerProfile	curated-verified	0x141f5fb18	0x1f5fb18	0x141e98600	addr-match		RE::RTTI_BSGamerProfile	Code/client/Games/Skyrim/RTTI.cpp:3995
398162	rtti	BSIInputDevice	curated-verified	0x141f5fc98	0x1f5fc98	0x141e98668	addr-match		RE::RTTI_BSIInputDevice	Code/client/Games/Skyrim/RTTI.cpp:3997
398163	rtti	BSInputDevice	curated-verified	0x141f5fcc0	0x1f5fcc0	0x141e98690	addr-match		RE::RTTI_BSInputDevice	Code/client/Games/Skyrim/RTTI.cpp:3999
398164	rtti	BSGamepadDevice	curated-verified	0x141f5fce8	0x1f5fce8	0x141e986b8	addr-match		RE::RTTI_BSGamepadDevice	Code/client/Games/Skyrim/RTTI.cpp:4001
398166	rtti	BSWin32KeyboardDevice	curated-verified	0x141f5fd50	0x1f5fd50	0x141e98720	addr-match		RE::RTTI_BSWin32KeyboardDevice	Code/client/Games/Skyrim/RTTI.cpp:4003
398167	rtti	BSKeyboardDevice	curated-verified	0x141f5fd80	0x1f5fd80	0x141e98750	addr-match		RE::RTTI_BSKeyboardDevice	Code/client/Games/Skyrim/RTTI.cpp:4005
398168	rtti	BSWin32MouseDevice	curated-verified	0x141f5fda8	0x1f5fda8	0x141e98778	addr-match		RE::RTTI_BSWin32MouseDevice	Code/client/Games/Skyrim/RTTI.cpp:4007
398169	rtti	BSMouseDevice	curated-verified	0x141f5fdd8	0x1f5fdd8	0x141e987a8	addr-match		RE::RTTI_BSMouseDevice	Code/client/Games/Skyrim/RTTI.cpp:4009
398170	rtti	BSPCGamepadDeviceDelegate	curated-verified	0x141f5fe00	0x1f5fe00	0x141e987d0	addr-match		RE::RTTI_BSPCGamepadDeviceDelegate	Code/client/Games/Skyrim/RTTI.cpp:4011
398171	rtti	BSPCGamepadDeviceHandler	curated-verified	0x141f5fe30	0x1f5fe30	0x141e98800	addr-match		RE::RTTI_BSPCGamepadDeviceHandler	Code/client/Games/Skyrim/RTTI.cpp:4013
398172	rtti	BSWin32GamepadDevice	curated-verified	0x141f5fe60	0x1f5fe60	0x141e98830	addr-match		RE::RTTI_BSWin32GamepadDevice	Code/client/Games/Skyrim/RTTI.cpp:4015
398173	rtti	BSPCOrbisGamepadDevice	curated-verified	0x141f5fe90	0x1f5fe90	0x141e98860	addr-match		RE::RTTI_BSPCOrbisGamepadDevice	Code/client/Games/Skyrim/RTTI.cpp:4017
398174	rtti	BSWin32VirtualKeyboardDevice	curated-verified	0x141f5fec0	0x1f5fec0	0x141e98890	addr-match		RE::RTTI_BSWin32VirtualKeyboardDevice	Code/client/Games/Skyrim/RTTI.cpp:4019
398175	rtti	BSVirtualKeyboardDevice	curated-verified	0x141f5fef8	0x1f5fef8	0x141e988c8	addr-match		RE::RTTI_BSVirtualKeyboardDevice	Code/client/Games/Skyrim/RTTI.cpp:4021
398176	rtti	NiFile	curated-verified	0x141f5ff88	0x1f5ff88	0x141e988f8	addr-match		RE::RTTI_NiFile	Code/client/Games/Skyrim/RTTI.cpp:4023
398177	rtti	NiAllocator	curated-verified	0x141f5ffa8	0x1f5ffa8	0x141e98918	addr-match		RE::RTTI_NiAllocator	Code/client/Games/Skyrim/RTTI.cpp:4025
398178	rtti	BSNiAllocator	curated-verified	0x141f5ffd0	0x1f5ffd0	0x141e98940	addr-match		RE::RTTI_BSNiAllocator	Code/client/Games/Skyrim/RTTI.cpp:4027
398179	rtti	NiStandardAllocator	curated-verified	0x141f5fff8	0x1f5fff8	0x141e98968	addr-match		RE::RTTI_NiStandardAllocator	Code/client/Games/Skyrim/RTTI.cpp:4029
398180	rtti	NiSearchPath	curated-verified	0x141f60028	0x1f60028	0x141e98998	addr-match		RE::RTTI_NiSearchPath	Code/client/Games/Skyrim/RTTI.cpp:4031
398181	rtti	NiThread	curated-verified	0x141f60050	0x1f60050	0x141e989c0	addr-match		RE::RTTI_NiThread	Code/client/Games/Skyrim/RTTI.cpp:4033
398183	rtti	Archive	curated-verified	0x141f600a8	0x1f600a8	0x141e98a18	addr-match		RE::RTTI_Archive	Code/client/Games/Skyrim/RTTI.cpp:4035
398184	rtti	BSArchive	curated-weak	0x141f600c8	0x1f600c8	0x141e98a38	addr-match		RE::RTTI_BSArchive	Code/client/Games/Skyrim/RTTI.cpp:4037
398185	rtti	BSArchiveHeader	curated-weak	0x141f600e8	0x1f600e8	0x141e98a58	addr-match		RE::RTTI_BSArchiveHeader	Code/client/Games/Skyrim/RTTI.cpp:4039
398186	rtti	BSFile	curated-verified	0x141f60110	0x1f60110	0x141e98a80	addr-match		RE::RTTI_BSFile	Code/client/Games/Skyrim/RTTI.cpp:4041
398187	rtti	ArchiveFile	curated-verified	0x141f60130	0x1f60130	0x141e98aa0	addr-match		RE::RTTI_ArchiveFile	Code/client/Games/Skyrim/RTTI.cpp:4043
398188	rtti	CompressedArchiveFile	curated-verified	0x141f60158	0x1f60158	0x141e98ac8	addr-match		RE::RTTI_CompressedArchiveFile	Code/client/Games/Skyrim/RTTI.cpp:4045
398190	rtti	BSSystemFileAsyncFunctor	curated-verified	0x141f601b0	0x1f601b0	0x141e98b20	addr-match		RE::RTTI_BSSystemFileAsyncFunctor	Code/client/Games/Skyrim/RTTI.cpp:4047
398191	rtti	BSSystemFileStorage	curated-verified	0x141f601e0	0x1f601e0	0x141e98b50	addr-match		RE::RTTI_BSSystemFileStorage	Code/client/Games/Skyrim/RTTI.cpp:4049
398192	rtti	BSTaskletGroupData	curated-verified	0x141f60210	0x1f60210	0x141e98b80	addr-match		RE::RTTI_BSTaskletGroupData	Code/client/Games/Skyrim/RTTI.cpp:4051
398193	rtti	BSTaskletManagerCallback	curated-verified	0x141f60240	0x1f60240	0x141e98bb0	addr-match		RE::RTTI_BSTaskletManagerCallback	Code/client/Games/Skyrim/RTTI.cpp:4053
398194	rtti	BSTaskletManager	curated-verified	0x141f60270	0x1f60270	0x141e98be0	addr-match		RE::RTTI_BSTaskletManager	Code/client/Games/Skyrim/RTTI.cpp:4055
398195	rtti	BSSearchPath	curated-verified	0x141f60298	0x1f60298	0x141e98c08	addr-match		RE::RTTI_BSSearchPath	Code/client/Games/Skyrim/RTTI.cpp:4057
398196	rtti	BSWin32TaskletManager	curated-verified	0x141f602c0	0x1f602c0	0x141e98c30	addr-match		RE::RTTI_BSWin32TaskletManager	Code/client/Games/Skyrim/RTTI.cpp:4059
398197	rtti	BSWin32TaskletGroupData	curated-verified	0x141f602f0	0x1f602f0	0x141e98c60	addr-match		RE::RTTI_BSWin32TaskletGroupData	Code/client/Games/Skyrim/RTTI.cpp:4061
398251	rtti	NiThreadProcedure	curated-verified	0x141f616c8	0x1f616c8	0x141e9a038	addr-match		RE::RTTI_NiThreadProcedure	Code/client/Games/Skyrim/RTTI.cpp:4063
398274	rtti	NiLight	curated-verified	0x141f61dc8	0x1f61dc8	0x141e9a738	addr-match		RE::RTTI_NiLight	Code/client/Games/Skyrim/RTTI.cpp:4065
398275	rtti	NiSwitchNode	curated-verified	0x141f61de8	0x1f61de8	0x141e9a758	addr-match		RE::RTTI_NiSwitchNode	Code/client/Games/Skyrim/RTTI.cpp:4067
398278	rtti	NiStringsExtraData	curated-verified	0x141f61e80	0x1f61e80	0x141e9a7f0	addr-match		RE::RTTI_NiStringsExtraData	Code/client/Games/Skyrim/RTTI.cpp:4069
398279	rtti	NiCamera	curated-verified	0x141f61eb0	0x1f61eb0	0x141e9a820	addr-match		RE::RTTI_NiCamera	Code/client/Games/Skyrim/RTTI.cpp:4071
398280	rtti	BSSkinnedDecalTriShape	curated-verified	0x141f61ed0	0x1f61ed0	0x141e9a840	addr-match		RE::RTTI_BSSkinnedDecalTriShape	Code/client/Games/Skyrim/RTTI.cpp:4073
398281	rtti	NiTexture	curated-verified	0x141f61f00	0x1f61f00	0x141e9a870	addr-match		RE::RTTI_NiTexture	Code/client/Games/Skyrim/RTTI.cpp:4075
398282	rtti	NiSourceTexture	curated-verified	0x141f61f20	0x1f61f20	0x141e9a890	addr-match		RE::RTTI_NiSourceTexture	Code/client/Games/Skyrim/RTTI.cpp:4077
398283	rtti	BSFlattenedBoneTree	curated-verified	0x141f61f48	0x1f61f48	0x141e9a8b8	addr-match		RE::RTTI_BSFlattenedBoneTree	Code/client/Games/Skyrim/RTTI.cpp:4079
398284	rtti	NiSkinInstance	curated-verified	0x141f61f78	0x1f61f78	0x141e9a8e8	addr-match		RE::RTTI_NiSkinInstance	Code/client/Games/Skyrim/RTTI.cpp:4081
398285	rtti	BSDismemberSkinInstance	curated-verified	0x141f61fa0	0x1f61fa0	0x141e9a910	addr-match		RE::RTTI_BSDismemberSkinInstance	Code/client/Games/Skyrim/RTTI.cpp:4083
398286	rtti	NiStringExtraData	curated-verified	0x141f61fd0	0x1f61fd0	0x141e9a940	addr-match		RE::RTTI_NiStringExtraData	Code/client/Games/Skyrim/RTTI.cpp:4085
398287	rtti	NiGeometryData	curated-verified	0x141f61ff8	0x1f61ff8	0x141e9a968	addr-match		RE::RTTI_NiGeometryData	Code/client/Games/Skyrim/RTTI.cpp:4087
398288	rtti	NiPointLight	curated-verified	0x141f62020	0x1f62020	0x141e9a990	addr-match		RE::RTTI_NiPointLight	Code/client/Games/Skyrim/RTTI.cpp:4089
398289	rtti	NiAVObjectPalette	curated-verified	0x141f62048	0x1f62048	0x141e9a9b8	addr-match		RE::RTTI_NiAVObjectPalette	Code/client/Games/Skyrim/RTTI.cpp:4091
398290	rtti	NiDefaultAVObjectPalette	curated-verified	0x141f62070	0x1f62070	0x141e9a9e0	addr-match		RE::RTTI_NiDefaultAVObjectPalette	Code/client/Games/Skyrim/RTTI.cpp:4093
398291	rtti	BSResourceNiBinaryStream	curated-verified	0x141f620a0	0x1f620a0	0x141e9aa10	addr-match		RE::RTTI_BSResourceNiBinaryStream	Code/client/Games/Skyrim/RTTI.cpp:4095
398294	rtti	NiDirectionalLight	curated-verified	0x141f62180	0x1f62180	0x141e9aaf0	addr-match		RE::RTTI_NiDirectionalLight	Code/client/Games/Skyrim/RTTI.cpp:4097
398295	rtti	NiParticles	curated-verified	0x141f621b0	0x1f621b0	0x141e9ab20	addr-match		RE::RTTI_NiParticles	Code/client/Games/Skyrim/RTTI.cpp:4099
398296	rtti	NiSkinPartition	curated-verified	0x141f621d8	0x1f621d8	0x141e9ab48	addr-match		RE::RTTI_NiSkinPartition	Code/client/Games/Skyrim/RTTI.cpp:4101
398297	rtti	NiVertWeightsExtraData	curated-verified	0x141f62200	0x1f62200	0x141e9ab70	addr-match		RE::RTTI_NiVertWeightsExtraData	Code/client/Games/Skyrim/RTTI.cpp:4103
398298	rtti	NiGeometry	curated-verified	0x141f62230	0x1f62230	0x141e9aba0	addr-match		RE::RTTI_NiGeometry	Code/client/Games/Skyrim/RTTI.cpp:4105
398299	rtti	NiSkinData	curated-verified	0x141f62258	0x1f62258	0x141e9abc8	addr-match		RE::RTTI_NiSkinData	Code/client/Games/Skyrim/RTTI.cpp:4107
398300	rtti	NiShadeProperty	curated-verified	0x141f62280	0x1f62280	0x141e9abf0	addr-match		RE::RTTI_NiShadeProperty	Code/client/Games/Skyrim/RTTI.cpp:4109
398301	rtti	NiAccumulator	curated-verified	0x141f622a8	0x1f622a8	0x141e9ac18	addr-match		RE::RTTI_NiAccumulator	Code/client/Games/Skyrim/RTTI.cpp:4111
398302	rtti	NiAlphaAccumulator	curated-verified	0x141f622d0	0x1f622d0	0x141e9ac40	addr-match		RE::RTTI_NiAlphaAccumulator	Code/client/Games/Skyrim/RTTI.cpp:4113
398303	rtti	NiBackToFrontAccumulator	curated-verified	0x141f62300	0x1f62300	0x141e9ac70	addr-match		RE::RTTI_NiBackToFrontAccumulator	Code/client/Games/Skyrim/RTTI.cpp:4115
398304	rtti	NiAmbientLight	curated-verified	0x141f62330	0x1f62330	0x141e9aca0	addr-match		RE::RTTI_NiAmbientLight	Code/client/Games/Skyrim/RTTI.cpp:4117
398305	rtti	NiBinaryExtraData	curated-verified	0x141f62358	0x1f62358	0x141e9acc8	addr-match		RE::RTTI_NiBinaryExtraData	Code/client/Games/Skyrim/RTTI.cpp:4119
398306	rtti	NiBooleanExtraData	curated-verified	0x141f62380	0x1f62380	0x141e9acf0	addr-match		RE::RTTI_NiBooleanExtraData	Code/client/Games/Skyrim/RTTI.cpp:4121
398307	rtti	NiBSPNode	curated-verified	0x141f623b0	0x1f623b0	0x141e9ad20	addr-match		RE::RTTI_NiBSPNode	Code/client/Games/Skyrim/RTTI.cpp:4123
398308	rtti	NiColorExtraData	curated-verified	0x141f623d0	0x1f623d0	0x141e9ad40	addr-match		RE::RTTI_NiColorExtraData	Code/client/Games/Skyrim/RTTI.cpp:4125
398309	rtti	NiFloatExtraData	curated-verified	0x141f623f8	0x1f623f8	0x141e9ad68	addr-match		RE::RTTI_NiFloatExtraData	Code/client/Games/Skyrim/RTTI.cpp:4127
398310	rtti	NiFloatsExtraData	curated-verified	0x141f62420	0x1f62420	0x141e9ad90	addr-match		RE::RTTI_NiFloatsExtraData	Code/client/Games/Skyrim/RTTI.cpp:4129
398311	rtti	NiFogProperty	curated-verified	0x141f62448	0x1f62448	0x141e9adb8	addr-match		RE::RTTI_NiFogProperty	Code/client/Games/Skyrim/RTTI.cpp:4131
398312	rtti	NiIntegerExtraData	curated-verified	0x141f62470	0x1f62470	0x141e9ade0	addr-match		RE::RTTI_NiIntegerExtraData	Code/client/Games/Skyrim/RTTI.cpp:4133
398313	rtti	NiIntegersExtraData	curated-verified	0x141f624a0	0x1f624a0	0x141e9ae10	addr-match		RE::RTTI_NiIntegersExtraData	Code/client/Games/Skyrim/RTTI.cpp:4135
398316	rtti	NiParticlesData	curated-verified	0x141f625a8	0x1f625a8	0x141e9af18	addr-match		RE::RTTI_NiParticlesData	Code/client/Games/Skyrim/RTTI.cpp:4137
398317	rtti	NiParticleMeshesData	curated-verified	0x141f625d0	0x1f625d0	0x141e9af40	addr-match		RE::RTTI_NiParticleMeshesData	Code/client/Games/Skyrim/RTTI.cpp:4139
398318	rtti	NiParticleMeshes	curated-verified	0x141f62600	0x1f62600	0x141e9af70	addr-match		RE::RTTI_NiParticleMeshes	Code/client/Games/Skyrim/RTTI.cpp:4141
398319	rtti	NiSpotLight	curated-verified	0x141f62628	0x1f62628	0x141e9af98	addr-match		RE::RTTI_NiSpotLight	Code/client/Games/Skyrim/RTTI.cpp:4143
398320	rtti	NiSwitchStringExtraData	curated-verified	0x141f62650	0x1f62650	0x141e9afc0	addr-match		RE::RTTI_NiSwitchStringExtraData	Code/client/Games/Skyrim/RTTI.cpp:4145
398321	rtti	NiTriShapeData	curated-verified	0x141f62680	0x1f62680	0x141e9aff0	addr-match		RE::RTTI_NiTriShapeData	Code/client/Games/Skyrim/RTTI.cpp:4147
398322	rtti	NiTriBasedGeomData	curated-verified	0x141f626a8	0x1f626a8	0x141e9b018	addr-match		RE::RTTI_NiTriBasedGeomData	Code/client/Games/Skyrim/RTTI.cpp:4149
398323	rtti	NiTriShape	curated-verified	0x141f626d8	0x1f626d8	0x141e9b048	addr-match		RE::RTTI_NiTriShape	Code/client/Games/Skyrim/RTTI.cpp:4151
398324	rtti	NiTriBasedGeom	curated-verified	0x141f62700	0x1f62700	0x141e9b070	addr-match		RE::RTTI_NiTriBasedGeom	Code/client/Games/Skyrim/RTTI.cpp:4153
398325	rtti	NiTriStripsData	curated-verified	0x141f62728	0x1f62728	0x141e9b098	addr-match		RE::RTTI_NiTriStripsData	Code/client/Games/Skyrim/RTTI.cpp:4155
398326	rtti	NiTriStrips	curated-verified	0x141f62750	0x1f62750	0x141e9b0c0	addr-match		RE::RTTI_NiTriStrips	Code/client/Games/Skyrim/RTTI.cpp:4157
398327	rtti	NiVectorExtraData	curated-verified	0x141f62778	0x1f62778	0x141e9b0e8	addr-match		RE::RTTI_NiVectorExtraData	Code/client/Games/Skyrim/RTTI.cpp:4159
398330	rtti	BSLODTriShape	curated-verified	0x141f62818	0x1f62818	0x141e9b188	addr-match		RE::RTTI_BSLODTriShape	Code/client/Games/Skyrim/RTTI.cpp:4161
398331	rtti	NiAdditionalGeometryData	curated-verified	0x141f62840	0x1f62840	0x141e9b1b0	addr-match		RE::RTTI_NiAdditionalGeometryData	Code/client/Games/Skyrim/RTTI.cpp:4163
398332	rtti	BSSegmentedTriShape	curated-verified	0x141f62870	0x1f62870	0x141e9b1e0	addr-match		RE::RTTI_BSSegmentedTriShape	Code/client/Games/Skyrim/RTTI.cpp:4165
398337	rtti	NiCollisionData	curated-verified	0x141f629b8	0x1f629b8	0x141e9b328	addr-match		RE::RTTI_NiCollisionData	Code/client/Games/Skyrim/RTTI.cpp:4167
398338	rtti	NiOBBRoot	curated-verified	0x141f62b78	0x1f62b78	0x141e9b4e8	addr-match		RE::RTTI_NiOBBRoot	Code/client/Games/Skyrim/RTTI.cpp:4169
398339	rtti	NiBoundingVolume	curated-verified	0x141f629e0	0x1f629e0	0x141e9b350	addr-match		RE::RTTI_NiBoundingVolume	Code/client/Games/Skyrim/RTTI.cpp:4171
398340	rtti	NiBoxBV	curated-verified	0x141f62a08	0x1f62a08	0x141e9b378	addr-match		RE::RTTI_NiBoxBV	Code/client/Games/Skyrim/RTTI.cpp:4173
398341	rtti	NiCapsuleBV	curated-verified	0x141f62a28	0x1f62a28	0x141e9b398	addr-match		RE::RTTI_NiCapsuleBV	Code/client/Games/Skyrim/RTTI.cpp:4175
398342	rtti	NiHalfSpaceBV	curated-verified	0x141f62a50	0x1f62a50	0x141e9b3c0	addr-match		RE::RTTI_NiHalfSpaceBV	Code/client/Games/Skyrim/RTTI.cpp:4177
398343	rtti	NiSphereBV	curated-verified	0x141f62a78	0x1f62a78	0x141e9b3e8	addr-match		RE::RTTI_NiSphereBV	Code/client/Games/Skyrim/RTTI.cpp:4179
398345	rtti	NiUnionBV	curated-verified	0x141f62b08	0x1f62b08	0x141e9b478	addr-match		RE::RTTI_NiUnionBV	Code/client/Games/Skyrim/RTTI.cpp:4181
398347	rtti	NiOBBNode	curated-verified	0x141f62cf0	0x1f62cf0	0x141e9b660	addr-match		RE::RTTI_NiOBBNode	Code/client/Games/Skyrim/RTTI.cpp:4183
398348	rtti	NiOBBLeaf	curated-verified	0x141f62d10	0x1f62d10	0x141e9b680	addr-match		RE::RTTI_NiOBBLeaf	Code/client/Games/Skyrim/RTTI.cpp:4185
398349	rtti	NiIntersector	curated-verified	0x141f62b98	0x1f62b98	0x141e9b508	addr-match		RE::RTTI_NiIntersector	Code/client/Games/Skyrim/RTTI.cpp:4187
398350	rtti	NiBoxSphereIntersector	curated-verified	0x141f62bc0	0x1f62bc0	0x141e9b530	addr-match		RE::RTTI_NiBoxSphereIntersector	Code/client/Games/Skyrim/RTTI.cpp:4189
398351	rtti	NiBoxCapsuleIntersector	curated-verified	0x141f62bf0	0x1f62bf0	0x141e9b560	addr-match		RE::RTTI_NiBoxCapsuleIntersector	Code/client/Games/Skyrim/RTTI.cpp:4191
398352	rtti	NiCapsuleCapsuleIntersector	curated-verified	0x141f62c20	0x1f62c20	0x141e9b590	addr-match		RE::RTTI_NiCapsuleCapsuleIntersector	Code/client/Games/Skyrim/RTTI.cpp:4193
398353	rtti	NiCapsuleSphereIntersector	curated-verified	0x141f62c58	0x1f62c58	0x141e9b5c8	addr-match		RE::RTTI_NiCapsuleSphereIntersector	Code/client/Games/Skyrim/RTTI.cpp:4195
398354	rtti	NiCapsuleTriIntersector	curated-verified	0x141f62c90	0x1f62c90	0x141e9b600	addr-match		RE::RTTI_NiCapsuleTriIntersector	Code/client/Games/Skyrim/RTTI.cpp:4197
398355	rtti	NiSphereTriIntersector	curated-verified	0x141f62cc0	0x1f62cc0	0x141e9b630	addr-match		RE::RTTI_NiSphereTriIntersector	Code/client/Games/Skyrim/RTTI.cpp:4199
398356	rtti	NiControllerManager	curated-verified	0x141f62d30	0x1f62d30	0x141e9b6a0	addr-match		RE::RTTI_NiControllerManager	Code/client/Games/Skyrim/RTTI.cpp:4201
398359	rtti	NiTextKeyMatch	curated-verified	0x141f62e38	0x1f62e38	0x141e9b7a8	addr-match		RE::RTTI_NiTextKeyMatch	Code/client/Games/Skyrim/RTTI.cpp:4203
398360	rtti	NiMultiTargetTransformController	curated-verified	0x141f62e60	0x1f62e60	0x141e9b7d0	addr-match		RE::RTTI_NiMultiTargetTransformController	Code/client/Games/Skyrim/RTTI.cpp:4205
398361	rtti	NiInterpController	curated-verified	0x141f62e98	0x1f62e98	0x141e9b808	addr-match		RE::RTTI_NiInterpController	Code/client/Games/Skyrim/RTTI.cpp:4207
398362	rtti	NiBlendInterpolator	curated-verified	0x141f62ec8	0x1f62ec8	0x141e9b838	addr-match		RE::RTTI_NiBlendInterpolator	Code/client/Games/Skyrim/RTTI.cpp:4209
398363	rtti	NiInterpolator	curated-verified	0x141f62ef8	0x1f62ef8	0x141e9b868	addr-match		RE::RTTI_NiInterpolator	Code/client/Games/Skyrim/RTTI.cpp:4211
398364	rtti	BSMultiTargetTreadTransfController	curated-verified	0x141f62f20	0x1f62f20	0x141e9b890	addr-match		RE::RTTI_BSMultiTargetTreadTransfController	Code/client/Games/Skyrim/RTTI.cpp:4213
398365	rtti	NiFloatInterpolator	curated-verified	0x141f62f60	0x1f62f60	0x141e9b8d0	addr-match		RE::RTTI_NiFloatInterpolator	Code/client/Games/Skyrim/RTTI.cpp:4215
398366	rtti	NiKeyBasedInterpolator	curated-verified	0x141f62f90	0x1f62f90	0x141e9b900	addr-match		RE::RTTI_NiKeyBasedInterpolator	Code/client/Games/Skyrim/RTTI.cpp:4217
398367	rtti	NiColorInterpolator	curated-verified	0x141f62fc0	0x1f62fc0	0x141e9b930	addr-match		RE::RTTI_NiColorInterpolator	Code/client/Games/Skyrim/RTTI.cpp:4219
398368	rtti	NiSingleInterpController	curated-verified	0x141f62ff0	0x1f62ff0	0x141e9b960	addr-match		RE::RTTI_NiSingleInterpController	Code/client/Games/Skyrim/RTTI.cpp:4221
398369	rtti	NiTransformInterpolator	curated-verified	0x141f63020	0x1f63020	0x141e9b990	addr-match		RE::RTTI_NiTransformInterpolator	Code/client/Games/Skyrim/RTTI.cpp:4223
398370	rtti	NiPosData	curated-verified	0x141f63050	0x1f63050	0x141e9b9c0	addr-match		RE::RTTI_NiPosData	Code/client/Games/Skyrim/RTTI.cpp:4225
398371	rtti	NiPathInterpolator	curated-verified	0x141f63070	0x1f63070	0x141e9b9e0	addr-match		RE::RTTI_NiPathInterpolator	Code/client/Games/Skyrim/RTTI.cpp:4227
398372	rtti	NiBlendTransformInterpolator	curated-verified	0x141f630a0	0x1f630a0	0x141e9ba10	addr-match		RE::RTTI_NiBlendTransformInterpolator	Code/client/Games/Skyrim/RTTI.cpp:4229
398373	rtti	NiBlendFloatInterpolator	curated-verified	0x141f630d8	0x1f630d8	0x141e9ba48	addr-match		RE::RTTI_NiBlendFloatInterpolator	Code/client/Games/Skyrim/RTTI.cpp:4231
398374	rtti	NiFloatExtraDataController	curated-verified	0x141f63108	0x1f63108	0x141e9ba78	addr-match		RE::RTTI_NiFloatExtraDataController	Code/client/Games/Skyrim/RTTI.cpp:4233
398375	rtti	NiExtraDataController	curated-verified	0x141f63140	0x1f63140	0x141e9bab0	addr-match		RE::RTTI_NiExtraDataController	Code/client/Games/Skyrim/RTTI.cpp:4235
398376	rtti	NiTransformController	curated-verified	0x141f63170	0x1f63170	0x141e9bae0	addr-match		RE::RTTI_NiTransformController	Code/client/Games/Skyrim/RTTI.cpp:4237
398377	rtti	NiBlendAccumTransformInterpolator	curated-verified	0x141f631a0	0x1f631a0	0x141e9bb10	addr-match		RE::RTTI_NiBlendAccumTransformInterpolator	Code/client/Games/Skyrim/RTTI.cpp:4239
398380	rtti	BSBlendTreadTransfInterpolator	curated-verified	0x141f632d0	0x1f632d0	0x141e9bc40	addr-match		RE::RTTI_BSBlendTreadTransfInterpolator	Code/client/Games/Skyrim/RTTI.cpp:4241
398381	rtti	NiTransformData	curated-verified	0x141f63308	0x1f63308	0x141e9bc78	addr-match		RE::RTTI_NiTransformData	Code/client/Games/Skyrim/RTTI.cpp:4243
398382	rtti	NiBlendBoolInterpolator	curated-verified	0x141f63330	0x1f63330	0x141e9bca0	addr-match		RE::RTTI_NiBlendBoolInterpolator	Code/client/Games/Skyrim/RTTI.cpp:4245
398383	rtti	NiBlendColorInterpolator	curated-verified	0x141f63360	0x1f63360	0x141e9bcd0	addr-match		RE::RTTI_NiBlendColorInterpolator	Code/client/Games/Skyrim/RTTI.cpp:4247
398384	rtti	NiBlendPoint3Interpolator	curated-verified	0x141f63390	0x1f63390	0x141e9bd00	addr-match		RE::RTTI_NiBlendPoint3Interpolator	Code/client/Games/Skyrim/RTTI.cpp:4249
398385	rtti	NiBlendQuaternionInterpolator	curated-verified	0x141f633c0	0x1f633c0	0x141e9bd30	addr-match		RE::RTTI_NiBlendQuaternionInterpolator	Code/client/Games/Skyrim/RTTI.cpp:4251
398386	rtti	NiBoolData	curated-verified	0x141f633f8	0x1f633f8	0x141e9bd68	addr-match		RE::RTTI_NiBoolData	Code/client/Games/Skyrim/RTTI.cpp:4253
398387	rtti	NiBoolInterpolator	curated-verified	0x141f63420	0x1f63420	0x141e9bd90	addr-match		RE::RTTI_NiBoolInterpolator	Code/client/Games/Skyrim/RTTI.cpp:4255
398388	rtti	NiBoolTimelineInterpolator	curated-verified	0x141f63450	0x1f63450	0x141e9bdc0	addr-match		RE::RTTI_NiBoolTimelineInterpolator	Code/client/Games/Skyrim/RTTI.cpp:4257
398389	rtti	NiBSplineBasisData	curated-verified	0x141f63488	0x1f63488	0x141e9bdf8	addr-match		RE::RTTI_NiBSplineBasisData	Code/client/Games/Skyrim/RTTI.cpp:4259
398390	rtti	NiBSplineData	curated-verified	0x141f634b8	0x1f634b8	0x141e9be28	addr-match		RE::RTTI_NiBSplineData	Code/client/Games/Skyrim/RTTI.cpp:4261
398391	rtti	NiBSplineColorInterpolator	curated-verified	0x141f634e0	0x1f634e0	0x141e9be50	addr-match		RE::RTTI_NiBSplineColorInterpolator	Code/client/Games/Skyrim/RTTI.cpp:4263
398392	rtti	NiBSplineInterpolator	curated-verified	0x141f63518	0x1f63518	0x141e9be88	addr-match		RE::RTTI_NiBSplineInterpolator	Code/client/Games/Skyrim/RTTI.cpp:4265
398393	rtti	NiBSplineCompColorInterpolator	curated-verified	0x141f63548	0x1f63548	0x141e9beb8	addr-match		RE::RTTI_NiBSplineCompColorInterpolator	Code/client/Games/Skyrim/RTTI.cpp:4267
398394	rtti	NiBSplineCompFloatInterpolator	curated-verified	0x141f63580	0x1f63580	0x141e9bef0	addr-match		RE::RTTI_NiBSplineCompFloatInterpolator	Code/client/Games/Skyrim/RTTI.cpp:4269
398395	rtti	NiBSplineFloatInterpolator	curated-verified	0x141f635b8	0x1f635b8	0x141e9bf28	addr-match		RE::RTTI_NiBSplineFloatInterpolator	Code/client/Games/Skyrim/RTTI.cpp:4271
398396	rtti	NiBSplineCompPoint3Interpolator	curated-verified	0x141f635f0	0x1f635f0	0x141e9bf60	addr-match		RE::RTTI_NiBSplineCompPoint3Interpolator	Code/client/Games/Skyrim/RTTI.cpp:4273
398397	rtti	NiBSplinePoint3Interpolator	curated-verified	0x141f63628	0x1f63628	0x141e9bf98	addr-match		RE::RTTI_NiBSplinePoint3Interpolator	Code/client/Games/Skyrim/RTTI.cpp:4275
398398	rtti	NiBSplineCompTransformInterpolator	curated-verified	0x141f63660	0x1f63660	0x141e9bfd0	addr-match		RE::RTTI_NiBSplineCompTransformInterpolator	Code/client/Games/Skyrim/RTTI.cpp:4277
398399	rtti	NiBSplineTransformInterpolator	curated-verified	0x141f636a0	0x1f636a0	0x141e9c010	addr-match		RE::RTTI_NiBSplineTransformInterpolator	Code/client/Games/Skyrim/RTTI.cpp:4279
398400	rtti	NiColorExtraDataController	curated-verified	0x141f636d8	0x1f636d8	0x141e9c048	addr-match		RE::RTTI_NiColorExtraDataController	Code/client/Games/Skyrim/RTTI.cpp:4281
398401	rtti	NiFloatsExtraDataController	curated-verified	0x141f63710	0x1f63710	0x141e9c080	addr-match		RE::RTTI_NiFloatsExtraDataController	Code/client/Games/Skyrim/RTTI.cpp:4283
398402	rtti	NiFloatsExtraDataPoint3Controller	curated-verified	0x141f63748	0x1f63748	0x141e9c0b8	addr-match		RE::RTTI_NiFloatsExtraDataPoint3Controller	Code/client/Games/Skyrim/RTTI.cpp:4285
398403	rtti	NiKeyframeManager	curated-verified	0x141f63780	0x1f63780	0x141e9c0f0	addr-match		RE::RTTI_NiKeyframeManager	Code/client/Games/Skyrim/RTTI.cpp:4287
398408	rtti	NiLightColorController	curated-verified	0x141f63930	0x1f63930	0x141e9c2a0	addr-match		RE::RTTI_NiLightColorController	Code/client/Games/Skyrim/RTTI.cpp:4289
398409	rtti	NiPoint3InterpController	curated-verified	0x141f63960	0x1f63960	0x141e9c2d0	addr-match		RE::RTTI_NiPoint3InterpController	Code/client/Games/Skyrim/RTTI.cpp:4291
398410	rtti	NiLightDimmerController	curated-verified	0x141f63990	0x1f63990	0x141e9c300	addr-match		RE::RTTI_NiLightDimmerController	Code/client/Games/Skyrim/RTTI.cpp:4293
398411	rtti	NiFloatInterpController	curated-verified	0x141f639c0	0x1f639c0	0x141e9c330	addr-match		RE::RTTI_NiFloatInterpController	Code/client/Games/Skyrim/RTTI.cpp:4295
398412	rtti	NiLookAtController	curated-verified	0x141f639f0	0x1f639f0	0x141e9c360	addr-match		RE::RTTI_NiLookAtController	Code/client/Games/Skyrim/RTTI.cpp:4297
398413	rtti	NiLookAtInterpolator	curated-verified	0x141f63a20	0x1f63a20	0x141e9c390	addr-match		RE::RTTI_NiLookAtInterpolator	Code/client/Games/Skyrim/RTTI.cpp:4299
398414	rtti	NiMorphData	curated-verified	0x141f63a50	0x1f63a50	0x141e9c3c0	addr-match		RE::RTTI_NiMorphData	Code/client/Games/Skyrim/RTTI.cpp:4301
398415	rtti	NiPathController	curated-verified	0x141f63a78	0x1f63a78	0x141e9c3e8	addr-match		RE::RTTI_NiPathController	Code/client/Games/Skyrim/RTTI.cpp:4303
398416	rtti	NiPoint3Interpolator	curated-verified	0x141f63aa0	0x1f63aa0	0x141e9c410	addr-match		RE::RTTI_NiPoint3Interpolator	Code/client/Games/Skyrim/RTTI.cpp:4305
398417	rtti	NiQuaternionInterpolator	curated-verified	0x141f63ad0	0x1f63ad0	0x141e9c440	addr-match		RE::RTTI_NiQuaternionInterpolator	Code/client/Games/Skyrim/RTTI.cpp:4307
398418	rtti	NiFloatController	curated-verified	0x141f63b00	0x1f63b00	0x141e9c470	addr-match		RE::RTTI_NiFloatController	Code/client/Games/Skyrim/RTTI.cpp:4309
398419	rtti	NiRollController	curated-verified	0x141f63b28	0x1f63b28	0x141e9c498	addr-match		RE::RTTI_NiRollController	Code/client/Games/Skyrim/RTTI.cpp:4311
398420	rtti	NiRotData	curated-verified	0x141f63b50	0x1f63b50	0x141e9c4c0	addr-match		RE::RTTI_NiRotData	Code/client/Games/Skyrim/RTTI.cpp:4313
398421	rtti	NiSequence	curated-verified	0x141f63b70	0x1f63b70	0x141e9c4e0	addr-match		RE::RTTI_NiSequence	Code/client/Games/Skyrim/RTTI.cpp:4315
398424	rtti	NiSequenceStreamHelper	curated-verified	0x141f63c78	0x1f63c78	0x141e9c5e8	addr-match		RE::RTTI_NiSequenceStreamHelper	Code/client/Games/Skyrim/RTTI.cpp:4317
398425	rtti	NiStringPalette	curated-verified	0x141f63ca8	0x1f63ca8	0x141e9c618	addr-match		RE::RTTI_NiStringPalette	Code/client/Games/Skyrim/RTTI.cpp:4319
398426	rtti	NiTextKeyExtraData	curated-verified	0x141f63cd0	0x1f63cd0	0x141e9c640	addr-match		RE::RTTI_NiTextKeyExtraData	Code/client/Games/Skyrim/RTTI.cpp:4321
398427	rtti	NiUVData	curated-verified	0x141f63d00	0x1f63d00	0x141e9c670	addr-match		RE::RTTI_NiUVData	Code/client/Games/Skyrim/RTTI.cpp:4323
398428	rtti	NiVisController	curated-verified	0x141f63d20	0x1f63d20	0x141e9c690	addr-match		RE::RTTI_NiVisController	Code/client/Games/Skyrim/RTTI.cpp:4325
398429	rtti	NiBoolInterpController	curated-verified	0x141f63d48	0x1f63d48	0x141e9c6b8	addr-match		RE::RTTI_NiBoolInterpController	Code/client/Games/Skyrim/RTTI.cpp:4327
398430	rtti	BSAnimNotes	curated-verified	0x141f63d78	0x1f63d78	0x141e9c6e8	addr-match		RE::RTTI_BSAnimNotes	Code/client/Games/Skyrim/RTTI.cpp:4329
398431	rtti	BSAnimNote	curated-verified	0x141f63da0	0x1f63da0	0x141e9c710	addr-match		RE::RTTI_BSAnimNote	Code/client/Games/Skyrim/RTTI.cpp:4331
398432	rtti	BSGrabIKNote	curated-verified	0x141f63dc8	0x1f63dc8	0x141e9c738	addr-match		RE::RTTI_BSGrabIKNote	Code/client/Games/Skyrim/RTTI.cpp:4333
398433	rtti	BSLookIKNote	curated-verified	0x141f63df0	0x1f63df0	0x141e9c760	addr-match		RE::RTTI_BSLookIKNote	Code/client/Games/Skyrim/RTTI.cpp:4335
398434	rtti	BSRotAccumTransfInterpolator	curated-verified	0x141f63e18	0x1f63e18	0x141e9c788	addr-match		RE::RTTI_BSRotAccumTransfInterpolator	Code/client/Games/Skyrim/RTTI.cpp:4337
398435	rtti	BSTreadTransfInterpolator	curated-verified	0x141f63e50	0x1f63e50	0x141e9c7c0	addr-match		RE::RTTI_BSTreadTransfInterpolator	Code/client/Games/Skyrim/RTTI.cpp:4339
398436	rtti	BSFrustumFOVController	curated-verified	0x141f63e80	0x1f63e80	0x141e9c7f0	addr-match		RE::RTTI_BSFrustumFOVController	Code/client/Games/Skyrim/RTTI.cpp:4341
398437	rtti	NiParticleSystem	curated-verified	0x141f63eb0	0x1f63eb0	0x141e9c820	addr-match		RE::RTTI_NiParticleSystem	Code/client/Games/Skyrim/RTTI.cpp:4343
398438	rtti	NiPSysEmitterCtlr	curated-verified	0x141f63ed8	0x1f63ed8	0x141e9c848	addr-match		RE::RTTI_NiPSysEmitterCtlr	Code/client/Games/Skyrim/RTTI.cpp:4345
398439	rtti	NiPSysModifierCtlr	curated-verified	0x141f63f00	0x1f63f00	0x141e9c870	addr-match		RE::RTTI_NiPSysModifierCtlr	Code/client/Games/Skyrim/RTTI.cpp:4347
398440	rtti	NiPSysGravityModifier	curated-verified	0x141f63f30	0x1f63f30	0x141e9c8a0	addr-match		RE::RTTI_NiPSysGravityModifier	Code/client/Games/Skyrim/RTTI.cpp:4349
398441	rtti	NiPSysModifier	curated-verified	0x141f63f60	0x1f63f60	0x141e9c8d0	addr-match		RE::RTTI_NiPSysModifier	Code/client/Games/Skyrim/RTTI.cpp:4351
398442	rtti	BSPSysHavokUpdateModifier	curated-verified	0x141f63f88	0x1f63f88	0x141e9c8f8	addr-match		RE::RTTI_BSPSysHavokUpdateModifier	Code/client/Games/Skyrim/RTTI.cpp:4353
398443	rtti	NiPSysMeshUpdateModifier	curated-verified	0x141f63fb8	0x1f63fb8	0x141e9c928	addr-match		RE::RTTI_NiPSysMeshUpdateModifier	Code/client/Games/Skyrim/RTTI.cpp:4355
398444	rtti	NiMeshParticleSystem	curated-verified	0x141f63fe8	0x1f63fe8	0x141e9c958	addr-match		RE::RTTI_NiMeshParticleSystem	Code/client/Games/Skyrim/RTTI.cpp:4357
398445	rtti	NiPSysCylinderEmitter	curated-verified	0x141f64018	0x1f64018	0x141e9c988	addr-match		RE::RTTI_NiPSysCylinderEmitter	Code/client/Games/Skyrim/RTTI.cpp:4359
398446	rtti	NiPSysVolumeEmitter	curated-verified	0x141f64048	0x1f64048	0x141e9c9b8	addr-match		RE::RTTI_NiPSysVolumeEmitter	Code/client/Games/Skyrim/RTTI.cpp:4361
398447	rtti	NiPSysEmitter	curated-verified	0x141f64078	0x1f64078	0x141e9c9e8	addr-match		RE::RTTI_NiPSysEmitter	Code/client/Games/Skyrim/RTTI.cpp:4363
398448	rtti	BSStripParticleSystem	curated-verified	0x141f640a0	0x1f640a0	0x141e9ca10	addr-match		RE::RTTI_BSStripParticleSystem	Code/client/Games/Skyrim/RTTI.cpp:4365
398449	rtti	NiPSysUpdateCtlr	curated-verified	0x141f640d0	0x1f640d0	0x141e9ca40	addr-match		RE::RTTI_NiPSysUpdateCtlr	Code/client/Games/Skyrim/RTTI.cpp:4367
398450	rtti	NiMeshPSysData	curated-verified	0x141f640f8	0x1f640f8	0x141e9ca68	addr-match		RE::RTTI_NiMeshPSysData	Code/client/Games/Skyrim/RTTI.cpp:4369
398451	rtti	NiPSysData	curated-verified	0x141f64120	0x1f64120	0x141e9ca90	addr-match		RE::RTTI_NiPSysData	Code/client/Games/Skyrim/RTTI.cpp:4371
398454	rtti	NiPSysAirFieldAirFrictionCtlr	curated-verified	0x141f64250	0x1f64250	0x141e9cbc0	addr-match		RE::RTTI_NiPSysAirFieldAirFrictionCtlr	Code/client/Games/Skyrim/RTTI.cpp:4373
398455	rtti	NiPSysModifierFloatCtlr	curated-verified	0x141f64288	0x1f64288	0x141e9cbf8	addr-match		RE::RTTI_NiPSysModifierFloatCtlr	Code/client/Games/Skyrim/RTTI.cpp:4375
398456	rtti	NiPSysAirFieldInheritVelocityCtlr	curated-verified	0x141f642b8	0x1f642b8	0x141e9cc28	addr-match		RE::RTTI_NiPSysAirFieldInheritVelocityCtlr	Code/client/Games/Skyrim/RTTI.cpp:4377
398457	rtti	NiPSysAirFieldModifier	curated-verified	0x141f642f0	0x1f642f0	0x141e9cc60	addr-match		RE::RTTI_NiPSysAirFieldModifier	Code/client/Games/Skyrim/RTTI.cpp:4379
398458	rtti	NiPSysFieldModifier	curated-verified	0x141f64320	0x1f64320	0x141e9cc90	addr-match		RE::RTTI_NiPSysFieldModifier	Code/client/Games/Skyrim/RTTI.cpp:4381
398459	rtti	NiPSysAirFieldSpreadCtlr	curated-verified	0x141f64350	0x1f64350	0x141e9ccc0	addr-match		RE::RTTI_NiPSysAirFieldSpreadCtlr	Code/client/Games/Skyrim/RTTI.cpp:4383
398460	rtti	NiPSysAgeDeathModifier	curated-verified	0x141f64380	0x1f64380	0x141e9ccf0	addr-match		RE::RTTI_NiPSysAgeDeathModifier	Code/client/Games/Skyrim/RTTI.cpp:4385
398461	rtti	NiPSysBombModifier	curated-verified	0x141f643b0	0x1f643b0	0x141e9cd20	addr-match		RE::RTTI_NiPSysBombModifier	Code/client/Games/Skyrim/RTTI.cpp:4387
398462	rtti	NiPSysBoundUpdateModifier	curated-verified	0x141f643e0	0x1f643e0	0x141e9cd50	addr-match		RE::RTTI_NiPSysBoundUpdateModifier	Code/client/Games/Skyrim/RTTI.cpp:4389
398463	rtti	NiPSysBoxEmitter	curated-verified	0x141f64410	0x1f64410	0x141e9cd80	addr-match		RE::RTTI_NiPSysBoxEmitter	Code/client/Games/Skyrim/RTTI.cpp:4391
398464	rtti	NiPSysColliderManager	curated-verified	0x141f64438	0x1f64438	0x141e9cda8	addr-match		RE::RTTI_NiPSysColliderManager	Code/client/Games/Skyrim/RTTI.cpp:4393
398465	rtti	NiPSysColorModifier	curated-verified	0x141f64468	0x1f64468	0x141e9cdd8	addr-match		RE::RTTI_NiPSysColorModifier	Code/client/Games/Skyrim/RTTI.cpp:4395
398466	rtti	NiPSysDragFieldModifier	curated-verified	0x141f64498	0x1f64498	0x141e9ce08	addr-match		RE::RTTI_NiPSysDragFieldModifier	Code/client/Games/Skyrim/RTTI.cpp:4397
398467	rtti	NiPSysDragModifier	curated-verified	0x141f644c8	0x1f644c8	0x141e9ce38	addr-match		RE::RTTI_NiPSysDragModifier	Code/client/Games/Skyrim/RTTI.cpp:4399
398468	rtti	NiPSysEmitterCtlrData	curated-verified	0x141f644f8	0x1f644f8	0x141e9ce68	addr-match		RE::RTTI_NiPSysEmitterCtlrData	Code/client/Games/Skyrim/RTTI.cpp:4401
398469	rtti	NiPSysEmitterDeclinationCtlr	curated-verified	0x141f64528	0x1f64528	0x141e9ce98	addr-match		RE::RTTI_NiPSysEmitterDeclinationCtlr	Code/client/Games/Skyrim/RTTI.cpp:4403
398470	rtti	NiPSysEmitterDeclinationVarCtlr	curated-verified	0x141f64560	0x1f64560	0x141e9ced0	addr-match		RE::RTTI_NiPSysEmitterDeclinationVarCtlr	Code/client/Games/Skyrim/RTTI.cpp:4405
398471	rtti	NiPSysEmitterInitialRadiusCtlr	curated-verified	0x141f64598	0x1f64598	0x141e9cf08	addr-match		RE::RTTI_NiPSysEmitterInitialRadiusCtlr	Code/client/Games/Skyrim/RTTI.cpp:4407
398472	rtti	NiPSysEmitterLifeSpanCtlr	curated-verified	0x141f645d0	0x1f645d0	0x141e9cf40	addr-match		RE::RTTI_NiPSysEmitterLifeSpanCtlr	Code/client/Games/Skyrim/RTTI.cpp:4409
398473	rtti	NiPSysEmitterPlanarAngleCtlr	curated-verified	0x141f64600	0x1f64600	0x141e9cf70	addr-match		RE::RTTI_NiPSysEmitterPlanarAngleCtlr	Code/client/Games/Skyrim/RTTI.cpp:4411
398474	rtti	NiPSysEmitterPlanarAngleVarCtlr	curated-verified	0x141f64638	0x1f64638	0x141e9cfa8	addr-match		RE::RTTI_NiPSysEmitterPlanarAngleVarCtlr	Code/client/Games/Skyrim/RTTI.cpp:4413
398475	rtti	NiPSysEmitterSpeedCtlr	curated-verified	0x141f64670	0x1f64670	0x141e9cfe0	addr-match		RE::RTTI_NiPSysEmitterSpeedCtlr	Code/client/Games/Skyrim/RTTI.cpp:4415
398476	rtti	NiPSysFieldAttenuationCtlr	curated-verified	0x141f646a0	0x1f646a0	0x141e9d010	addr-match		RE::RTTI_NiPSysFieldAttenuationCtlr	Code/client/Games/Skyrim/RTTI.cpp:4417
398477	rtti	NiPSysFieldMagnitudeCtlr	curated-verified	0x141f646d8	0x1f646d8	0x141e9d048	addr-match		RE::RTTI_NiPSysFieldMagnitudeCtlr	Code/client/Games/Skyrim/RTTI.cpp:4419
398478	rtti	NiPSysFieldMaxDistanceCtlr	curated-verified	0x141f64708	0x1f64708	0x141e9d078	addr-match		RE::RTTI_NiPSysFieldMaxDistanceCtlr	Code/client/Games/Skyrim/RTTI.cpp:4421
398479	rtti	NiPSysGravityFieldModifier	curated-verified	0x141f64740	0x1f64740	0x141e9d0b0	addr-match		RE::RTTI_NiPSysGravityFieldModifier	Code/client/Games/Skyrim/RTTI.cpp:4423
398480	rtti	NiPSysGravityStrengthCtlr	curated-verified	0x141f64778	0x1f64778	0x141e9d0e8	addr-match		RE::RTTI_NiPSysGravityStrengthCtlr	Code/client/Games/Skyrim/RTTI.cpp:4425
398481	rtti	NiPSysGrowFadeModifier	curated-verified	0x141f647a8	0x1f647a8	0x141e9d118	addr-match		RE::RTTI_NiPSysGrowFadeModifier	Code/client/Games/Skyrim/RTTI.cpp:4427
398482	rtti	NiPSysInitialRotAngleCtlr	curated-verified	0x141f647d8	0x1f647d8	0x141e9d148	addr-match		RE::RTTI_NiPSysInitialRotAngleCtlr	Code/client/Games/Skyrim/RTTI.cpp:4429
398483	rtti	NiPSysInitialRotAngleVarCtlr	curated-verified	0x141f64808	0x1f64808	0x141e9d178	addr-match		RE::RTTI_NiPSysInitialRotAngleVarCtlr	Code/client/Games/Skyrim/RTTI.cpp:4431
398484	rtti	NiPSysInitialRotSpeedCtlr	curated-verified	0x141f64840	0x1f64840	0x141e9d1b0	addr-match		RE::RTTI_NiPSysInitialRotSpeedCtlr	Code/client/Games/Skyrim/RTTI.cpp:4433
398485	rtti	NiPSysInitialRotSpeedVarCtlr	curated-verified	0x141f64870	0x1f64870	0x141e9d1e0	addr-match		RE::RTTI_NiPSysInitialRotSpeedVarCtlr	Code/client/Games/Skyrim/RTTI.cpp:4435
398486	rtti	NiPSysMeshEmitter	curated-verified	0x141f648a8	0x1f648a8	0x141e9d218	addr-match		RE::RTTI_NiPSysMeshEmitter	Code/client/Games/Skyrim/RTTI.cpp:4437
398491	rtti	NiPSysModifierActiveCtlr	curated-verified	0x141f64a50	0x1f64a50	0x141e9d3c0	addr-match		RE::RTTI_NiPSysModifierActiveCtlr	Code/client/Games/Skyrim/RTTI.cpp:4439
398492	rtti	NiPSysModifierBoolCtlr	curated-verified	0x141f64a80	0x1f64a80	0x141e9d3f0	addr-match		RE::RTTI_NiPSysModifierBoolCtlr	Code/client/Games/Skyrim/RTTI.cpp:4441
398493	rtti	NiPSysPlanarCollider	curated-verified	0x141f64ab0	0x1f64ab0	0x141e9d420	addr-match		RE::RTTI_NiPSysPlanarCollider	Code/client/Games/Skyrim/RTTI.cpp:4443
398494	rtti	NiPSysCollider	curated-verified	0x141f64ae0	0x1f64ae0	0x141e9d450	addr-match		RE::RTTI_NiPSysCollider	Code/client/Games/Skyrim/RTTI.cpp:4445
398495	rtti	NiPSysPositionModifier	curated-verified	0x141f64b08	0x1f64b08	0x141e9d478	addr-match		RE::RTTI_NiPSysPositionModifier	Code/client/Games/Skyrim/RTTI.cpp:4447
398496	rtti	NiPSysRadialFieldModifier	curated-verified	0x141f64b38	0x1f64b38	0x141e9d4a8	addr-match		RE::RTTI_NiPSysRadialFieldModifier	Code/client/Games/Skyrim/RTTI.cpp:4449
398497	rtti	NiPSysResetOnLoopCtlr	curated-verified	0x141f64b68	0x1f64b68	0x141e9d4d8	addr-match		RE::RTTI_NiPSysResetOnLoopCtlr	Code/client/Games/Skyrim/RTTI.cpp:4451
398498	rtti	NiPSysRotationModifier	curated-verified	0x141f64b98	0x1f64b98	0x141e9d508	addr-match		RE::RTTI_NiPSysRotationModifier	Code/client/Games/Skyrim/RTTI.cpp:4453
398499	rtti	NiPSysSpawnModifier	curated-verified	0x141f64bc8	0x1f64bc8	0x141e9d538	addr-match		RE::RTTI_NiPSysSpawnModifier	Code/client/Games/Skyrim/RTTI.cpp:4455
398500	rtti	NiPSysSphereEmitter	curated-verified	0x141f64bf8	0x1f64bf8	0x141e9d568	addr-match		RE::RTTI_NiPSysSphereEmitter	Code/client/Games/Skyrim/RTTI.cpp:4457
398501	rtti	NiPSysSphericalCollider	curated-verified	0x141f64c28	0x1f64c28	0x141e9d598	addr-match		RE::RTTI_NiPSysSphericalCollider	Code/client/Games/Skyrim/RTTI.cpp:4459
398502	rtti	NiPSysTurbulenceFieldModifier	curated-verified	0x141f64c58	0x1f64c58	0x141e9d5c8	addr-match		RE::RTTI_NiPSysTurbulenceFieldModifier	Code/client/Games/Skyrim/RTTI.cpp:4461
398503	rtti	NiPSysVortexFieldModifier	curated-verified	0x141f64c90	0x1f64c90	0x141e9d600	addr-match		RE::RTTI_NiPSysVortexFieldModifier	Code/client/Games/Skyrim/RTTI.cpp:4463
398504	rtti	BSStripPSysData	curated-verified	0x141f64cc0	0x1f64cc0	0x141e9d630	addr-match		RE::RTTI_BSStripPSysData	Code/client/Games/Skyrim/RTTI.cpp:4465
398505	rtti	BSPSysRecycleBoundModifier	curated-verified	0x141f64ce8	0x1f64ce8	0x141e9d658	addr-match		RE::RTTI_BSPSysRecycleBoundModifier	Code/client/Games/Skyrim/RTTI.cpp:4467
398506	rtti	BSPSysInheritVelocityModifier	curated-verified	0x141f64d20	0x1f64d20	0x141e9d690	addr-match		RE::RTTI_BSPSysInheritVelocityModifier	Code/client/Games/Skyrim/RTTI.cpp:4469
398507	rtti	BSTaskManager	curated-verified	0x141f64d58	0x1f64d58	0x141e9d6c8	addr-match		RE::RTTI_BSTaskManager	Code/client/Games/Skyrim/RTTI.cpp:4471
398510	rtti	BSTaskManagerThread	curated-verified	0x141f64e18	0x1f64e18	0x141e9d788	addr-match		RE::RTTI_BSTaskManagerThread	Code/client/Games/Skyrim/RTTI.cpp:4473
398512	rtti	IOManager	curated-verified	0x141f64eb0	0x1f64eb0	0x141e9d820	addr-match		RE::RTTI_IOManager	Code/client/Games/Skyrim/RTTI.cpp:4475
398515	rtti	QueuedNamedFile	curated-verified	0x141f64f68	0x1f64f68	0x141e9d8d8	addr-match		RE::RTTI_QueuedNamedFile	Code/client/Games/Skyrim/RTTI.cpp:4477
398525	rtti	BSMultiBound	curated-verified	0x141f65468	0x1f65468	0x141e9ddd8	addr-match		RE::RTTI_BSMultiBound	Code/client/Games/Skyrim/RTTI.cpp:4479
398526	rtti	BSMultiBoundRoom	curated-verified	0x141f65490	0x1f65490	0x141e9de00	addr-match		RE::RTTI_BSMultiBoundRoom	Code/client/Games/Skyrim/RTTI.cpp:4481
398527	rtti	BSMultiBoundNode	curated-verified	0x141f654b8	0x1f654b8	0x141e9de28	addr-match		RE::RTTI_BSMultiBoundNode	Code/client/Games/Skyrim/RTTI.cpp:4483
398528	rtti	BSNiNode	curated-verified	0x141f654e0	0x1f654e0	0x141e9de50	addr-match		RE::RTTI_BSNiNode	Code/client/Games/Skyrim/RTTI.cpp:4485
398529	rtti	BSReference	curated-verified	0x141f65500	0x1f65500	0x141e9de70	addr-match		RE::RTTI_BSReference	Code/client/Games/Skyrim/RTTI.cpp:4487
398530	rtti	BSNodeReferences	curated-verified	0x141f65528	0x1f65528	0x141e9de98	addr-match		RE::RTTI_BSNodeReferences	Code/client/Games/Skyrim/RTTI.cpp:4489
398531	rtti	BSXFlags	curated-verified	0x141f65550	0x1f65550	0x141e9dec0	addr-match		RE::RTTI_BSXFlags	Code/client/Games/Skyrim/RTTI.cpp:4491
398532	rtti	BSValueNode	curated-verified	0x141f65570	0x1f65570	0x141e9dee0	addr-match		RE::RTTI_BSValueNode	Code/client/Games/Skyrim/RTTI.cpp:4493
398533	rtti	ITextureDB	curated-verified	0x141f65598	0x1f65598	0x141e9df08	addr-match		RE::RTTI_ITextureDB	Code/client/Games/Skyrim/RTTI.cpp:4495
398546	rtti	BSWindModifier	curated-verified	0x141f65b98	0x1f65b98	0x141e9e508	addr-match		RE::RTTI_BSWindModifier	Code/client/Games/Skyrim/RTTI.cpp:4497
398547	rtti	BSTempNode	curated-verified	0x141f65bc0	0x1f65bc0	0x141e9e530	addr-match		RE::RTTI_BSTempNode	Code/client/Games/Skyrim/RTTI.cpp:4499
398548	rtti	BSPortalGraph	curated-verified	0x141f65be8	0x1f65be8	0x141e9e558	addr-match		RE::RTTI_BSPortalGraph	Code/client/Games/Skyrim/RTTI.cpp:4501
398549	rtti	BSPortalGraphEntry	curated-verified	0x141f65c10	0x1f65c10	0x141e9e580	addr-match		RE::RTTI_BSPortalGraphEntry	Code/client/Games/Skyrim/RTTI.cpp:4503
398550	rtti	MessageHandler	curated-verified	0x141f65c40	0x1f65c40	0x141e9e5b0	addr-match		RE::RTTI_MessageHandler	Code/client/Games/Skyrim/RTTI.cpp:4505
398551	rtti	BSRangeNode	curated-verified	0x141f65c68	0x1f65c68	0x141e9e5d8	addr-match		RE::RTTI_BSRangeNode	Code/client/Games/Skyrim/RTTI.cpp:4507
398552	rtti	BSBlastNode	curated-verified	0x141f65c90	0x1f65c90	0x141e9e600	addr-match		RE::RTTI_BSBlastNode	Code/client/Games/Skyrim/RTTI.cpp:4509
398553	rtti	BSDebrisNode	curated-verified	0x141f65cb8	0x1f65cb8	0x141e9e628	addr-match		RE::RTTI_BSDebrisNode	Code/client/Games/Skyrim/RTTI.cpp:4511
398554	rtti	BSDamageStage	curated-verified	0x141f65ce0	0x1f65ce0	0x141e9e650	addr-match		RE::RTTI_BSDamageStage	Code/client/Games/Skyrim/RTTI.cpp:4513
398555	rtti	PArrayPoint	curated-verified	0x141f65d08	0x1f65d08	0x141e9e678	addr-match		RE::RTTI_PArrayPoint	Code/client/Games/Skyrim/RTTI.cpp:4515
398556	rtti	BSPSysArrayEmitter	curated-verified	0x141f65d30	0x1f65d30	0x141e9e6a0	addr-match		RE::RTTI_BSPSysArrayEmitter	Code/client/Games/Skyrim/RTTI.cpp:4517
398559	rtti	BSInstanceTriShape	curated-verified	0x141f65e28	0x1f65e28	0x141e9e798	addr-match		RE::RTTI_BSInstanceTriShape	Code/client/Games/Skyrim/RTTI.cpp:4519
398560	rtti	BSMultiStreamInstanceTriShape	curated-verified	0x141f65e58	0x1f65e58	0x141e9e7c8	addr-match		RE::RTTI_BSMultiStreamInstanceTriShape	Code/client/Games/Skyrim/RTTI.cpp:4521
398561	rtti	BSIStream	curated-verified	0x141f65e90	0x1f65e90	0x141e9e800	addr-match		RE::RTTI_BSIStream	Code/client/Games/Skyrim/RTTI.cpp:4523
398564	rtti	BSOStream	curated-verified	0x141f65f20	0x1f65f20	0x141e9e890	addr-match		RE::RTTI_BSOStream	Code/client/Games/Skyrim/RTTI.cpp:4525
398566	rtti	BSOcclusionBox	curated-verified	0x141f65f88	0x1f65f88	0x141e9e8f8	addr-match		RE::RTTI_BSOcclusionBox	Code/client/Games/Skyrim/RTTI.cpp:4527
398567	rtti	BSPortalSharedNode	curated-verified	0x141f65fb0	0x1f65fb0	0x141e9e920	addr-match		RE::RTTI_BSPortalSharedNode	Code/client/Games/Skyrim/RTTI.cpp:4529
398568	rtti	BSBodyMorphOffsetsExtraData	curated-verified	0x141f65fe0	0x1f65fe0	0x141e9e950	addr-match		RE::RTTI_BSBodyMorphOffsetsExtraData	Code/client/Games/Skyrim/RTTI.cpp:4531
398569	rtti	BSBehaviorGraphExtraData	curated-verified	0x141f66018	0x1f66018	0x141e9e988	addr-match		RE::RTTI_BSBehaviorGraphExtraData	Code/client/Games/Skyrim/RTTI.cpp:4533
398570	rtti	NiBSBoneLODController	curated-verified	0x141f66048	0x1f66048	0x141e9e9b8	addr-match		RE::RTTI_NiBSBoneLODController	Code/client/Games/Skyrim/RTTI.cpp:4535
398577	rtti	BSParticleSystemManager	curated-verified	0x141f66258	0x1f66258	0x141e9ebc8	addr-match		RE::RTTI_BSParticleSystemManager	Code/client/Games/Skyrim/RTTI.cpp:4537
398578	rtti	BSFurnitureMarkerNode	curated-verified	0x141f66288	0x1f66288	0x141e9ebf8	addr-match		RE::RTTI_BSFurnitureMarkerNode	Code/client/Games/Skyrim/RTTI.cpp:4539
398579	rtti	BSBound	curated-verified	0x141f662b8	0x1f662b8	0x141e9ec28	addr-match		RE::RTTI_BSBound	Code/client/Games/Skyrim/RTTI.cpp:4541
398580	rtti	BSBoneMap	curated-verified	0x141f662d8	0x1f662d8	0x141e9ec48	addr-match		RE::RTTI_BSBoneMap	Code/client/Games/Skyrim/RTTI.cpp:4543
398581	rtti	BSAnimInteractionMarker	curated-verified	0x141f662f8	0x1f662f8	0x141e9ec68	addr-match		RE::RTTI_BSAnimInteractionMarker	Code/client/Games/Skyrim/RTTI.cpp:4545
398582	rtti	BSPSysMultiTargetEmitterCtlr	curated-verified	0x141f66328	0x1f66328	0x141e9ec98	addr-match		RE::RTTI_BSPSysMultiTargetEmitterCtlr	Code/client/Games/Skyrim/RTTI.cpp:4547
398583	rtti	BSSubIndexTriShape	curated-verified	0x141f66360	0x1f66360	0x141e9ecd0	addr-match		RE::RTTI_BSSubIndexTriShape	Code/client/Games/Skyrim/RTTI.cpp:4549
398584	rtti	BSDistantObjectLargeRefExtraData	curated-verified	0x141f66390	0x1f66390	0x141e9ed00	addr-match		RE::RTTI_BSDistantObjectLargeRefExtraData	Code/client/Games/Skyrim/RTTI.cpp:4551
398587	rtti	BSMasterParticleSystem	curated-verified	0x141f66450	0x1f66450	0x141e9edc0	addr-match		RE::RTTI_BSMasterParticleSystem	Code/client/Games/Skyrim/RTTI.cpp:4553
398588	rtti	BSProceduralLightningTasklet	curated-verified	0x141f66480	0x1f66480	0x141e9edf0	addr-match		RE::RTTI_BSProceduralLightningTasklet	Code/client/Games/Skyrim/RTTI.cpp:4555
398589	rtti	BSProceduralLightningController	curated-verified	0x141f664b8	0x1f664b8	0x141e9ee28	addr-match		RE::RTTI_BSProceduralLightningController	Code/client/Games/Skyrim/RTTI.cpp:4557
398591	rtti	BSInvMarker	curated-verified	0x141f66530	0x1f66530	0x141e9eea0	addr-match		RE::RTTI_BSInvMarker	Code/client/Games/Skyrim/RTTI.cpp:4559
398592	rtti	BSBoneLODExtraData	curated-verified	0x141f66558	0x1f66558	0x141e9eec8	addr-match		RE::RTTI_BSBoneLODExtraData	Code/client/Games/Skyrim/RTTI.cpp:4561
398593	rtti	BSDecalPlacementVectorExtraData	curated-verified	0x141f66588	0x1f66588	0x141e9eef8	addr-match		RE::RTTI_BSDecalPlacementVectorExtraData	Code/client/Games/Skyrim/RTTI.cpp:4563
398594	rtti	BSParentVelocityModifier	curated-verified	0x141f665c0	0x1f665c0	0x141e9ef30	addr-match		RE::RTTI_BSParentVelocityModifier	Code/client/Games/Skyrim/RTTI.cpp:4565
398595	rtti	BSWArray	curated-verified	0x141f665f0	0x1f665f0	0x141e9ef60	addr-match		RE::RTTI_BSWArray	Code/client/Games/Skyrim/RTTI.cpp:4567
398596	rtti	BSMultiBoundCapsule	curated-verified	0x141f66610	0x1f66610	0x141e9ef80	addr-match		RE::RTTI_BSMultiBoundCapsule	Code/client/Games/Skyrim/RTTI.cpp:4569
398597	rtti	BSPSysStripUpdateModifier	curated-verified	0x141f66640	0x1f66640	0x141e9efb0	addr-match		RE::RTTI_BSPSysStripUpdateModifier	Code/client/Games/Skyrim/RTTI.cpp:4571
398598	rtti	BSPSysSubTexModifier	curated-verified	0x141f66670	0x1f66670	0x141e9efe0	addr-match		RE::RTTI_BSPSysSubTexModifier	Code/client/Games/Skyrim/RTTI.cpp:4573
398599	rtti	BSPSysScaleModifier	curated-verified	0x141f666a0	0x1f666a0	0x141e9f010	addr-match		RE::RTTI_BSPSysScaleModifier	Code/client/Games/Skyrim/RTTI.cpp:4575
398600	rtti	BSLagBoneController	curated-verified	0x141f666d0	0x1f666d0	0x141e9f040	addr-match		RE::RTTI_BSLagBoneController	Code/client/Games/Skyrim/RTTI.cpp:4577
398601	rtti	BSNonUniformScaleExtraData	curated-verified	0x141f66700	0x1f66700	0x141e9f070	addr-match		RE::RTTI_BSNonUniformScaleExtraData	Code/client/Games/Skyrim/RTTI.cpp:4579
398602	rtti	BSTableCurve	curated-verified	0x141f66958	0x1f66958	0x141e9f0a8	addr-match		RE::RTTI_BSTableCurve	Code/client/Games/Skyrim/RTTI.cpp:4581
398603	rtti	bhkTaskletManagerCallback	curated-verified	0x141f66a20	0x1f66a20	0x141e9f170	addr-match		RE::RTTI_bhkTaskletManagerCallback	Code/client/Games/Skyrim/RTTI.cpp:4583
398604	rtti	bhkOnStartupCallback	curated-verified	0x141f66a50	0x1f66a50	0x141e9f1a0	addr-match		RE::RTTI_bhkOnStartupCallback	Code/client/Games/Skyrim/RTTI.cpp:4585
398605	rtti	bhkOnExitCallback	curated-verified	0x141f66a80	0x1f66a80	0x141e9f1d0	addr-match		RE::RTTI_bhkOnExitCallback	Code/client/Games/Skyrim/RTTI.cpp:4587
398606	rtti	ahkpWorld	curated-verified	0x141f66980	0x1f66980	0x141e9f0d0	addr-match		RE::RTTI_ahkpWorld	Code/client/Games/Skyrim/RTTI.cpp:4589
398608	rtti	bhkWorld	curated-verified	0x141f669d8	0x1f669d8	0x141e9f128	addr-match		RE::RTTI_bhkWorld	Code/client/Games/Skyrim/RTTI.cpp:4591
398612	rtti	bhkStiffSpringConstraint	curated-verified	0x141f66b10	0x1f66b10	0x141e9f260	addr-match		RE::RTTI_bhkStiffSpringConstraint	Code/client/Games/Skyrim/RTTI.cpp:4593
398615	rtti	hkpAllRayHitCollector	curated-verified	0x141f66ba8	0x1f66ba8	0x141e9f2f8	addr-match		RE::RTTI_hkpAllRayHitCollector	Code/client/Games/Skyrim/RTTI.cpp:4595
398616	rtti	bhkRagdollPenetrationUtil	curated-verified	0x141f66bd8	0x1f66bd8	0x141e9f328	addr-match		RE::RTTI_bhkRagdollPenetrationUtil	Code/client/Games/Skyrim/RTTI.cpp:4597
398617	rtti	hkaRagdollRaycastInterface	curated-verified	0x141f66c08	0x1f66c08	0x141e9f358	addr-match		RE::RTTI_hkaRagdollRaycastInterface	Code/client/Games/Skyrim/RTTI.cpp:4599
398618	rtti	hkpCharacterState	curated-verified	0x141f66c40	0x1f66c40	0x141e9f390	addr-match		RE::RTTI_hkpCharacterState	Code/client/Games/Skyrim/RTTI.cpp:4601
398619	rtti	bhkCharacterState	curated-verified	0x141f66c68	0x1f66c68	0x141e9f3b8	addr-match		RE::RTTI_bhkCharacterState	Code/client/Games/Skyrim/RTTI.cpp:4603
398620	rtti	bhkShapeCollection	curated-verified	0x141f66c90	0x1f66c90	0x141e9f3e0	addr-match		RE::RTTI_bhkShapeCollection	Code/client/Games/Skyrim/RTTI.cpp:4605
398621	rtti	bhkCharacterController	curated-verified	0x141f66cc0	0x1f66cc0	0x141e9f410	addr-match		RE::RTTI_bhkCharacterController	Code/client/Games/Skyrim/RTTI.cpp:4607
398623	rtti	bhkCollisionBox	curated-verified	0x141f66d38	0x1f66d38	0x141e9f488	addr-match		RE::RTTI_bhkCollisionBox	Code/client/Games/Skyrim/RTTI.cpp:4609
398624	rtti	bhkICharOrientationController	curated-verified	0x141f66d60	0x1f66d60	0x141e9f4b0	addr-match		RE::RTTI_bhkICharOrientationController	Code/client/Games/Skyrim/RTTI.cpp:4611
398625	rtti	bhkCharacterControllerCinfo	curated-verified	0x141f66d98	0x1f66d98	0x141e9f4e8	addr-match		RE::RTTI_bhkCharacterControllerCinfo	Code/client/Games/Skyrim/RTTI.cpp:4613
398626	rtti	bhkCharacterStateClimbing	curated-verified	0x141f66dd0	0x1f66dd0	0x141e9f520	addr-match		RE::RTTI_bhkCharacterStateClimbing	Code/client/Games/Skyrim/RTTI.cpp:4615
398627	rtti	bhkCharacterStateFlying	curated-verified	0x141f66e00	0x1f66e00	0x141e9f550	addr-match		RE::RTTI_bhkCharacterStateFlying	Code/client/Games/Skyrim/RTTI.cpp:4617
398628	rtti	bhkListShape	curated-verified	0x141f66e30	0x1f66e30	0x141e9f580	addr-match		RE::RTTI_bhkListShape	Code/client/Games/Skyrim/RTTI.cpp:4619
398629	rtti	bhkRagdollShareData	curated-verified	0x141f66e58	0x1f66e58	0x141e9f5a8	addr-match		RE::RTTI_bhkRagdollShareData	Code/client/Games/Skyrim/RTTI.cpp:4621
398630	rtti	bhkRagdollController	curated-verified	0x141f66e88	0x1f66e88	0x141e9f5d8	addr-match		RE::RTTI_bhkRagdollController	Code/client/Games/Skyrim/RTTI.cpp:4623
398631	rtti	bhkCollisionFilter	curated-verified	0x141f66eb8	0x1f66eb8	0x141e9f608	addr-match		RE::RTTI_bhkCollisionFilter	Code/client/Games/Skyrim/RTTI.cpp:4625
398636	rtti	bhkAttachmentCollisionObject	curated-verified	0x141f670b0	0x1f670b0	0x141e9f800	addr-match		RE::RTTI_bhkAttachmentCollisionObject	Code/client/Games/Skyrim/RTTI.cpp:4627
398637	rtti	bhkBlendCollisionObject	curated-verified	0x141f670e8	0x1f670e8	0x141e9f838	addr-match		RE::RTTI_bhkBlendCollisionObject	Code/client/Games/Skyrim/RTTI.cpp:4629
398638	rtti	bhkLimitedHingeConstraint	curated-verified	0x141f67118	0x1f67118	0x141e9f868	addr-match		RE::RTTI_bhkLimitedHingeConstraint	Code/client/Games/Skyrim/RTTI.cpp:4631
398639	rtti	WeaponObject	curated-verified	0x141f67148	0x1f67148	0x141e9f898	addr-match		RE::RTTI_WeaponObject	Code/client/Games/Skyrim/RTTI.cpp:4633
398641	rtti	bhkRigidBodyT	curated-verified	0x141f673d0	0x1f673d0	0x141e9f8f8	addr-match		RE::RTTI_bhkRigidBodyT	Code/client/Games/Skyrim/RTTI.cpp:4635
398642	rtti	bhkWorldM	curated-verified	0x141f671a8	0x1f671a8	0x141e9f920	addr-match		RE::RTTI_bhkWorldM	Code/client/Games/Skyrim/RTTI.cpp:4637
398645	rtti	hkNiTriStripsShape	curated-verified	0x141f67288	0x1f67288	0x141e9f9f8	addr-match		RE::RTTI_hkNiTriStripsShape	Code/client/Games/Skyrim/RTTI.cpp:4639
398646	rtti	hkNormalTriangleShape	curated-verified	0x141f672b8	0x1f672b8	0x141e9fa28	addr-match		RE::RTTI_hkNormalTriangleShape	Code/client/Games/Skyrim/RTTI.cpp:4641
398647	rtti	hkPackedNiTriStripsData	curated-verified	0x141f672e8	0x1f672e8	0x141e9fa58	addr-match		RE::RTTI_hkPackedNiTriStripsData	Code/client/Games/Skyrim/RTTI.cpp:4643
398648	rtti	hkPackedNiTriStripsShape	curated-verified	0x141f67318	0x1f67318	0x141e9fa88	addr-match		RE::RTTI_hkPackedNiTriStripsShape	Code/client/Games/Skyrim/RTTI.cpp:4645
398649	rtti	bhkCapsuleShape	curated-verified	0x141f67348	0x1f67348	0x141e9fab8	addr-match		RE::RTTI_bhkCapsuleShape	Code/client/Games/Skyrim/RTTI.cpp:4647
398650	rtti	bhkNiTriStripsShape	curated-verified	0x141f67370	0x1f67370	0x141e9fae0	addr-match		RE::RTTI_bhkNiTriStripsShape	Code/client/Games/Skyrim/RTTI.cpp:4649
398651	rtti	bhkPackedNiTriStripsShape	curated-verified	0x141f673a0	0x1f673a0	0x141e9fb10	addr-match		RE::RTTI_bhkPackedNiTriStripsShape	Code/client/Games/Skyrim/RTTI.cpp:4651
398652	rtti	hkAvoidBox	curated-verified	0x141f673f8	0x1f673f8	0x141e9fb40	addr-match		RE::RTTI_hkAvoidBox	Code/client/Games/Skyrim/RTTI.cpp:4653
398653	rtti	bhkAvoidBox	curated-verified	0x141f67420	0x1f67420	0x141e9fb68	addr-match		RE::RTTI_bhkAvoidBox	Code/client/Games/Skyrim/RTTI.cpp:4655
398654	rtti	ahkpMalleableConstraintData	curated-verified	0x141f67448	0x1f67448	0x141e9fb90	addr-match		RE::RTTI_ahkpMalleableConstraintData	Code/client/Games/Skyrim/RTTI.cpp:4657
398655	rtti	bhkMalleableConstraint	curated-verified	0x141f67480	0x1f67480	0x141e9fbc8	addr-match		RE::RTTI_bhkMalleableConstraint	Code/client/Games/Skyrim/RTTI.cpp:4659
398658	rtti	hkBSHeightFieldShape	curated-verified	0x141f67528	0x1f67528	0x141e9fc70	addr-match		RE::RTTI_hkBSHeightFieldShape	Code/client/Games/Skyrim/RTTI.cpp:4661
398659	rtti	hkProductFeatures	curated-verified	0x141f67558	0x1f67558	0x141e9fca0	addr-match		RE::RTTI_hkProductFeatures	Code/client/Games/Skyrim/RTTI.cpp:4663
398667	rtti	bhkCachingShapePhantom	curated-verified	0x141f67870	0x1f67870	0x141e9ffc0	addr-match		RE::RTTI_bhkCachingShapePhantom	Code/client/Games/Skyrim/RTTI.cpp:4665
398668	rtti	hkpCharacterProxyListener	curated-verified	0x141f678a0	0x1f678a0	0x141e9fff0	addr-match		RE::RTTI_hkpCharacterProxyListener	Code/client/Games/Skyrim/RTTI.cpp:4667
398670	rtti	bhkCharacterProxy	curated-verified	0x141f67900	0x1f67900	0x141ea0050	addr-match		RE::RTTI_bhkCharacterProxy	Code/client/Games/Skyrim/RTTI.cpp:4669
398671	rtti	bhkCharProxyController	curated-verified	0x141f67928	0x1f67928	0x141ea0078	addr-match		RE::RTTI_bhkCharProxyController	Code/client/Games/Skyrim/RTTI.cpp:4671
398672	rtti	bhkCharProxyControllerCinfo	curated-verified	0x141f67958	0x1f67958	0x141ea00a8	addr-match		RE::RTTI_bhkCharProxyControllerCinfo	Code/client/Games/Skyrim/RTTI.cpp:4673
398673	rtti	hkpCharacterRigidBodyListener	curated-verified	0x141f67990	0x1f67990	0x141ea00e0	addr-match		RE::RTTI_hkpCharacterRigidBodyListener	Code/client/Games/Skyrim/RTTI.cpp:4675
398675	rtti	bhkCharacterRigidBody	curated-verified	0x141f67a00	0x1f67a00	0x141ea0150	addr-match		RE::RTTI_bhkCharacterRigidBody	Code/client/Games/Skyrim/RTTI.cpp:4677
398676	rtti	bhkCharRigidBodyControllerCinfo	curated-verified	0x141f67a30	0x1f67a30	0x141ea0180	addr-match		RE::RTTI_bhkCharRigidBodyControllerCinfo	Code/client/Games/Skyrim/RTTI.cpp:4679
398677	rtti	bhkCharRigidBodyController	curated-verified	0x141f67a68	0x1f67a68	0x141ea01b8	addr-match		RE::RTTI_bhkCharRigidBodyController	Code/client/Games/Skyrim/RTTI.cpp:4681
398678	rtti	bhkBallAndSocketConstraint	curated-verified	0x141f67aa0	0x1f67aa0	0x141ea01f0	addr-match		RE::RTTI_bhkBallAndSocketConstraint	Code/client/Games/Skyrim/RTTI.cpp:4683
398679	rtti	bhkRagdollTemplateData	curated-verified	0x141f67ad8	0x1f67ad8	0x141ea0228	addr-match		RE::RTTI_bhkRagdollTemplateData	Code/client/Games/Skyrim/RTTI.cpp:4685
398680	rtti	bhkRagdollTemplate	curated-verified	0x141f67b08	0x1f67b08	0x141ea0258	addr-match		RE::RTTI_bhkRagdollTemplate	Code/client/Games/Skyrim/RTTI.cpp:4687
398682	rtti	bhkRagdollConstraint	curated-verified	0x141f67b68	0x1f67b68	0x141ea02b8	addr-match		RE::RTTI_bhkRagdollConstraint	Code/client/Games/Skyrim/RTTI.cpp:4689
398683	rtti	hkpSafeEaseConstraintsAction	curated-verified	0x141f67b98	0x1f67b98	0x141ea02e8	addr-match		RE::RTTI_hkpSafeEaseConstraintsAction	Code/client/Games/Skyrim/RTTI.cpp:4691
398684	rtti	bhkBipedOrientationController	curated-verified	0x141f67bd0	0x1f67bd0	0x141ea0320	addr-match		RE::RTTI_bhkBipedOrientationController	Code/client/Games/Skyrim/RTTI.cpp:4693
398690	rtti	hkThreadMemory	curated-verified	0x141f67e18	0x1f67e18	0x141ea0568	addr-match		RE::RTTI_hkThreadMemory	Code/client/Games/Skyrim/RTTI.cpp:4695
398691	rtti	bhkMemorySystem	curated-verified	0x141f67e40	0x1f67e40	0x141ea0590	addr-match		RE::RTTI_bhkMemorySystem	Code/client/Games/Skyrim/RTTI.cpp:4697
398692	rtti	hkpSuspendInactiveAgentsUtil	curated-verified	0x141f67ea0	0x1f67ea0	0x141ea05f0	addr-match		RE::RTTI_hkpSuspendInactiveAgentsUtil	Code/client/Games/Skyrim/RTTI.cpp:4699
398695	rtti	bhkCompressedMeshShapeData	curated-verified	0x141f67f48	0x1f67f48	0x141ea0698	addr-match		RE::RTTI_bhkCompressedMeshShapeData	Code/client/Games/Skyrim/RTTI.cpp:4701
398696	rtti	bhkCompressedMeshShape	curated-verified	0x141f67f80	0x1f67f80	0x141ea06d0	addr-match		RE::RTTI_bhkCompressedMeshShape	Code/client/Games/Skyrim/RTTI.cpp:4703
398698	rtti	hkpCompressedMeshShape	curated-verified	0x141f67ff0	0x1f67ff0	0x141ea0740	addr-match		RE::RTTI_hkpCompressedMeshShape	Code/client/Games/Skyrim/RTTI.cpp:4705
398699	rtti	bhkConvexSweepShape	curated-verified	0x141f68020	0x1f68020	0x141ea0770	addr-match		RE::RTTI_bhkConvexSweepShape	Code/client/Games/Skyrim/RTTI.cpp:4707
398700	rtti	bhkConvexTransformShape	curated-verified	0x141f68050	0x1f68050	0x141ea07a0	addr-match		RE::RTTI_bhkConvexTransformShape	Code/client/Games/Skyrim/RTTI.cpp:4709
398701	rtti	bhkConvexTranslateShape	curated-verified	0x141f68080	0x1f68080	0x141ea07d0	addr-match		RE::RTTI_bhkConvexTranslateShape	Code/client/Games/Skyrim/RTTI.cpp:4711
398702	rtti	bhkConvexVerticesShape	curated-verified	0x141f680b0	0x1f680b0	0x141ea0800	addr-match		RE::RTTI_bhkConvexVerticesShape	Code/client/Games/Skyrim/RTTI.cpp:4713
398703	rtti	bhkCylinderShape	curated-verified	0x141f680e0	0x1f680e0	0x141ea0830	addr-match		RE::RTTI_bhkCylinderShape	Code/client/Games/Skyrim/RTTI.cpp:4715
398704	rtti	bhkMultiSphereShape	curated-verified	0x141f68108	0x1f68108	0x141ea0858	addr-match		RE::RTTI_bhkMultiSphereShape	Code/client/Games/Skyrim/RTTI.cpp:4717
398705	rtti	bhkHeightFieldShape	curated-verified	0x141f68138	0x1f68138	0x141ea0888	addr-match		RE::RTTI_bhkHeightFieldShape	Code/client/Games/Skyrim/RTTI.cpp:4719
398706	rtti	bhkPlaneShape	curated-verified	0x141f68168	0x1f68168	0x141ea08b8	addr-match		RE::RTTI_bhkPlaneShape	Code/client/Games/Skyrim/RTTI.cpp:4721
398707	rtti	bhkTriangleShape	curated-verified	0x141f68190	0x1f68190	0x141ea08e0	addr-match		RE::RTTI_bhkTriangleShape	Code/client/Games/Skyrim/RTTI.cpp:4723
398708	rtti	hkScaledMoppBvTreeShape	curated-verified	0x141f681b8	0x1f681b8	0x141ea0908	addr-match		RE::RTTI_hkScaledMoppBvTreeShape	Code/client/Games/Skyrim/RTTI.cpp:4725
398709	rtti	bhkMoppBvTreeShape	curated-verified	0x141f681e8	0x1f681e8	0x141ea0938	addr-match		RE::RTTI_bhkMoppBvTreeShape	Code/client/Games/Skyrim/RTTI.cpp:4727
398710	rtti	bhkTransformShape	curated-verified	0x141f68218	0x1f68218	0x141ea0968	addr-match		RE::RTTI_bhkTransformShape	Code/client/Games/Skyrim/RTTI.cpp:4729
398712	rtti	bhkConstraintChain	curated-verified	0x141f68270	0x1f68270	0x141ea09c0	addr-match		RE::RTTI_bhkConstraintChain	Code/client/Games/Skyrim/RTTI.cpp:4731
398714	rtti	bhkBallSocketConstraintChain	curated-verified	0x141f682d0	0x1f682d0	0x141ea0a20	addr-match		RE::RTTI_bhkBallSocketConstraintChain	Code/client/Games/Skyrim/RTTI.cpp:4733
398715	rtti	bhkGroupConstraint	curated-verified	0x141f68308	0x1f68308	0x141ea0a58	addr-match		RE::RTTI_bhkGroupConstraint	Code/client/Games/Skyrim/RTTI.cpp:4735
398717	rtti	bhkHingeLimitsConstraint	curated-verified	0x141f68370	0x1f68370	0x141ea0ac0	addr-match		RE::RTTI_bhkHingeLimitsConstraint	Code/client/Games/Skyrim/RTTI.cpp:4737
398718	rtti	bhkGenericConstraint	curated-verified	0x141f683a0	0x1f683a0	0x141ea0af0	addr-match		RE::RTTI_bhkGenericConstraint	Code/client/Games/Skyrim/RTTI.cpp:4739
398719	rtti	bhkFixedConstraint	curated-verified	0x141f683d0	0x1f683d0	0x141ea0b20	addr-match		RE::RTTI_bhkFixedConstraint	Code/client/Games/Skyrim/RTTI.cpp:4741
398721	rtti	bhkRagdollLimitsConstraint	curated-verified	0x141f68438	0x1f68438	0x141ea0b88	addr-match		RE::RTTI_bhkRagdollLimitsConstraint	Code/client/Games/Skyrim/RTTI.cpp:4743
398723	rtti	bhkWheelConstraint	curated-verified	0x141f684a0	0x1f684a0	0x141ea0bf0	addr-match		RE::RTTI_bhkWheelConstraint	Code/client/Games/Skyrim/RTTI.cpp:4745
398724	rtti	ahkpBreakableConstraintData	curated-verified	0x141f684d0	0x1f684d0	0x141ea0c20	addr-match		RE::RTTI_ahkpBreakableConstraintData	Code/client/Games/Skyrim/RTTI.cpp:4747
398726	rtti	bhkBreakableConstraint	curated-verified	0x141f68540	0x1f68540	0x141ea0c90	addr-match		RE::RTTI_bhkBreakableConstraint	Code/client/Games/Skyrim/RTTI.cpp:4749
398727	rtti	bhkBinaryAction	curated-verified	0x141f68570	0x1f68570	0x141ea0cc0	addr-match		RE::RTTI_bhkBinaryAction	Code/client/Games/Skyrim/RTTI.cpp:4751
398728	rtti	bhkAngularDashpotAction	curated-verified	0x141f68598	0x1f68598	0x141ea0ce8	addr-match		RE::RTTI_bhkAngularDashpotAction	Code/client/Games/Skyrim/RTTI.cpp:4753
398729	rtti	bhkDashpotAction	curated-verified	0x141f685c8	0x1f685c8	0x141ea0d18	addr-match		RE::RTTI_bhkDashpotAction	Code/client/Games/Skyrim/RTTI.cpp:4755
398730	rtti	bhkLiquidAction	curated-verified	0x141f685f0	0x1f685f0	0x141ea0d40	addr-match		RE::RTTI_bhkLiquidAction	Code/client/Games/Skyrim/RTTI.cpp:4757
398731	rtti	bhkMotorAction	curated-verified	0x141f68618	0x1f68618	0x141ea0d68	addr-match		RE::RTTI_bhkMotorAction	Code/client/Games/Skyrim/RTTI.cpp:4759
398732	rtti	bhkOrientHingedBodyAction	curated-verified	0x141f68640	0x1f68640	0x141ea0d90	addr-match		RE::RTTI_bhkOrientHingedBodyAction	Code/client/Games/Skyrim/RTTI.cpp:4761
398733	rtti	bhkSpringAction	curated-verified	0x141f68670	0x1f68670	0x141ea0dc0	addr-match		RE::RTTI_bhkSpringAction	Code/client/Games/Skyrim/RTTI.cpp:4763
398734	rtti	bhkBlendController	curated-verified	0x141f68698	0x1f68698	0x141ea0de8	addr-match		RE::RTTI_bhkBlendController	Code/client/Games/Skyrim/RTTI.cpp:4765
398735	rtti	bhkExtraData	curated-verified	0x141f686c8	0x1f686c8	0x141ea0e18	addr-match		RE::RTTI_bhkExtraData	Code/client/Games/Skyrim/RTTI.cpp:4767
398736	rtti	bhkPoseArray	curated-verified	0x141f686f0	0x1f686f0	0x141ea0e40	addr-match		RE::RTTI_bhkPoseArray	Code/client/Games/Skyrim/RTTI.cpp:4769
398737	rtti	hkaDetectRagdollPenetration	curated-verified	0x141f68718	0x1f68718	0x141ea0e68	addr-match		RE::RTTI_hkaDetectRagdollPenetration	Code/client/Games/Skyrim/RTTI.cpp:4771
398738	rtti	bhkCharacterStateInAir	curated-verified	0x141f68750	0x1f68750	0x141ea0ea0	addr-match		RE::RTTI_bhkCharacterStateInAir	Code/client/Games/Skyrim/RTTI.cpp:4773
398739	rtti	bhkCharacterStateJumping	curated-verified	0x141f68780	0x1f68780	0x141ea0ed0	addr-match		RE::RTTI_bhkCharacterStateJumping	Code/client/Games/Skyrim/RTTI.cpp:4775
398740	rtti	bhkCharacterStateOnGround	curated-verified	0x141f687b0	0x1f687b0	0x141ea0f00	addr-match		RE::RTTI_bhkCharacterStateOnGround	Code/client/Games/Skyrim/RTTI.cpp:4777
398741	rtti	bhkCharacterStateSwimming	curated-verified	0x141f687e0	0x1f687e0	0x141ea0f30	addr-match		RE::RTTI_bhkCharacterStateSwimming	Code/client/Games/Skyrim/RTTI.cpp:4779
398742	rtti	hkCharControllerShape	curated-verified	0x141f68810	0x1f68810	0x141ea0f60	addr-match		RE::RTTI_hkCharControllerShape	Code/client/Games/Skyrim/RTTI.cpp:4781
398743	rtti	bhkCharControllerShape	curated-verified	0x141f68840	0x1f68840	0x141ea0f90	addr-match		RE::RTTI_bhkCharControllerShape	Code/client/Games/Skyrim/RTTI.cpp:4783
398744	rtti	bhkQuadOrientationController	curated-verified	0x141f68870	0x1f68870	0x141ea0fc0	addr-match		RE::RTTI_bhkQuadOrientationController	Code/client/Games/Skyrim/RTTI.cpp:4785
398747	rtti	bhkPositionConstraintMotor	curated-verified	0x141f68920	0x1f68920	0x141ea1070	addr-match		RE::RTTI_bhkPositionConstraintMotor	Code/client/Games/Skyrim/RTTI.cpp:4787
398748	rtti	bhkVelocityConstraintMotor	curated-verified	0x141f68958	0x1f68958	0x141ea10a8	addr-match		RE::RTTI_bhkVelocityConstraintMotor	Code/client/Games/Skyrim/RTTI.cpp:4789
398749	rtti	bhkSpringDamperConstraintMotor	curated-verified	0x141f68990	0x1f68990	0x141ea10e0	addr-match		RE::RTTI_bhkSpringDamperConstraintMotor	Code/client/Games/Skyrim/RTTI.cpp:4791
398750	rtti	hkbCameraShakeEventPayload	curated-verified	0x141f689c8	0x1f689c8	0x141ea1118	addr-match		RE::RTTI_hkbCameraShakeEventPayload	Code/client/Games/Skyrim/RTTI.cpp:4793
398751	rtti	hkbParticleSystemEventPayload	curated-verified	0x141f68a00	0x1f68a00	0x141ea1150	addr-match		RE::RTTI_hkbParticleSystemEventPayload	Code/client/Games/Skyrim/RTTI.cpp:4795
398752	rtti	hkbStateChooser	curated-verified	0x141f68a38	0x1f68a38	0x141ea1188	addr-match		RE::RTTI_hkbStateChooser	Code/client/Games/Skyrim/RTTI.cpp:4797
398753	rtti	hkbTestStateChooser	curated-verified	0x141f68a60	0x1f68a60	0x141ea11b0	addr-match		RE::RTTI_hkbTestStateChooser	Code/client/Games/Skyrim/RTTI.cpp:4799
398754	rtti	hkbSimulationControlCommand	curated-verified	0x141f68a90	0x1f68a90	0x141ea11e0	addr-match		RE::RTTI_hkbSimulationControlCommand	Code/client/Games/Skyrim/RTTI.cpp:4801
398755	rtti	hkbCharacterControlCommand	curated-verified	0x141f68ac8	0x1f68ac8	0x141ea1218	addr-match		RE::RTTI_hkbCharacterControlCommand	Code/client/Games/Skyrim/RTTI.cpp:4803
398756	rtti	hkbRaiseEventCommand	curated-verified	0x141f68b00	0x1f68b00	0x141ea1250	addr-match		RE::RTTI_hkbRaiseEventCommand	Code/client/Games/Skyrim/RTTI.cpp:4805
398757	rtti	hkbSetWordVariableCommand	curated-verified	0x141f68b30	0x1f68b30	0x141ea1280	addr-match		RE::RTTI_hkbSetWordVariableCommand	Code/client/Games/Skyrim/RTTI.cpp:4807
398758	rtti	hkbSetLocalTimeOfClipGeneratorCommand	curated-verified	0x141f68b60	0x1f68b60	0x141ea12b0	addr-match		RE::RTTI_hkbSetLocalTimeOfClipGeneratorCommand	Code/client/Games/Skyrim/RTTI.cpp:4809
398759	rtti	hkbSetBehaviorCommand	curated-verified	0x141f68ba0	0x1f68ba0	0x141ea12f0	addr-match		RE::RTTI_hkbSetBehaviorCommand	Code/client/Games/Skyrim/RTTI.cpp:4811
398760	rtti	hkbSetNodePropertyCommand	curated-verified	0x141f68bd0	0x1f68bd0	0x141ea1320	addr-match		RE::RTTI_hkbSetNodePropertyCommand	Code/client/Games/Skyrim/RTTI.cpp:4813
398761	rtti	hkbCharacterAddedInfo	curated-verified	0x141f68c00	0x1f68c00	0x141ea1350	addr-match		RE::RTTI_hkbCharacterAddedInfo	Code/client/Games/Skyrim/RTTI.cpp:4815
398762	rtti	hkbCharacterInfo	curated-verified	0x141f68c30	0x1f68c30	0x141ea1380	addr-match		RE::RTTI_hkbCharacterInfo	Code/client/Games/Skyrim/RTTI.cpp:4817
398763	rtti	hkbCharacterSteppedInfo	curated-verified	0x141f68c58	0x1f68c58	0x141ea13a8	addr-match		RE::RTTI_hkbCharacterSteppedInfo	Code/client/Games/Skyrim/RTTI.cpp:4819
398764	rtti	hkbCharacterSkinInfo	curated-verified	0x141f68c88	0x1f68c88	0x141ea13d8	addr-match		RE::RTTI_hkbCharacterSkinInfo	Code/client/Games/Skyrim/RTTI.cpp:4821
398765	rtti	hkbBehaviorInfo	curated-verified	0x141f68cb8	0x1f68cb8	0x141ea1408	addr-match		RE::RTTI_hkbBehaviorInfo	Code/client/Games/Skyrim/RTTI.cpp:4823
398766	rtti	hkbBehaviorEventsInfo	curated-verified	0x141f68ce0	0x1f68ce0	0x141ea1430	addr-match		RE::RTTI_hkbBehaviorEventsInfo	Code/client/Games/Skyrim/RTTI.cpp:4825
398767	rtti	hkbEventRaisedInfo	curated-verified	0x141f68d10	0x1f68d10	0x141ea1460	addr-match		RE::RTTI_hkbEventRaisedInfo	Code/client/Games/Skyrim/RTTI.cpp:4827
398768	rtti	hkbSimulationStateInfo	curated-verified	0x141f68d40	0x1f68d40	0x141ea1490	addr-match		RE::RTTI_hkbSimulationStateInfo	Code/client/Games/Skyrim/RTTI.cpp:4829
398769	rtti	hkbLinkedSymbolInfo	curated-verified	0x141f68d70	0x1f68d70	0x141ea14c0	addr-match		RE::RTTI_hkbLinkedSymbolInfo	Code/client/Games/Skyrim/RTTI.cpp:4831
398770	rtti	hkbAuxiliaryNodeInfo	curated-verified	0x141f68da0	0x1f68da0	0x141ea14f0	addr-match		RE::RTTI_hkbAuxiliaryNodeInfo	Code/client/Games/Skyrim/RTTI.cpp:4833
398771	rtti	hkbBehaviorGraphInternalStateInfo	curated-verified	0x141f68dd0	0x1f68dd0	0x141ea1520	addr-match		RE::RTTI_hkbBehaviorGraphInternalStateInfo	Code/client/Games/Skyrim/RTTI.cpp:4835
398772	rtti	hkpHeightFieldAgent	curated-verified	0x141f68e08	0x1f68e08	0x141ea1558	addr-match		RE::RTTI_hkpHeightFieldAgent	Code/client/Games/Skyrim/RTTI.cpp:4837
398775	rtti	hkHeightFieldRayForwardingCollector	curated-verified	0x141f68ee0	0x1f68ee0	0x141ea1630	addr-match		RE::RTTI_hkHeightFieldRayForwardingCollector	Code/client/Games/Skyrim/RTTI.cpp:4839
398776	rtti	hkpContinuousSimulation	curated-verified	0x141f68f20	0x1f68f20	0x141ea1670	addr-match		RE::RTTI_hkpContinuousSimulation	Code/client/Games/Skyrim/RTTI.cpp:4841
398777	rtti	hkpMultiThreadedSimulation	curated-verified	0x141f68f50	0x1f68f50	0x141ea16a0	addr-match		RE::RTTI_hkpMultiThreadedSimulation	Code/client/Games/Skyrim/RTTI.cpp:4843
398781	rtti	bhkCharacterPointCollector	curated-verified	0x141f69090	0x1f69090	0x141ea17e0	addr-match		RE::RTTI_bhkCharacterPointCollector	Code/client/Games/Skyrim/RTTI.cpp:4845
398783	rtti	ahkpCharacterProxy	curated-verified	0x141f69120	0x1f69120	0x141ea1870	addr-match		RE::RTTI_ahkpCharacterProxy	Code/client/Games/Skyrim/RTTI.cpp:4847
398784	rtti	ahkpCharacterRigidBody	curated-verified	0x141f69150	0x1f69150	0x141ea18a0	addr-match		RE::RTTI_ahkpCharacterRigidBody	Code/client/Games/Skyrim/RTTI.cpp:4849
398785	rtti	hkSolverAllocator	curated-verified	0x141f69180	0x1f69180	0x141ea18d0	addr-match		RE::RTTI_hkSolverAllocator	Code/client/Games/Skyrim/RTTI.cpp:4851
398786	rtti	bhkThreadMemorySource	curated-verified	0x141f691a8	0x1f691a8	0x141ea18f8	addr-match		RE::RTTI_bhkThreadMemorySource	Code/client/Games/Skyrim/RTTI.cpp:4853
398787	rtti	hkJobThreadPool	curated-verified	0x141f691d8	0x1f691d8	0x141ea1928	addr-match		RE::RTTI_hkJobThreadPool	Code/client/Games/Skyrim/RTTI.cpp:4855
398788	rtti	hkCpuJobThreadPool	curated-verified	0x141f69200	0x1f69200	0x141ea1950	addr-match		RE::RTTI_hkCpuJobThreadPool	Code/client/Games/Skyrim/RTTI.cpp:4857
398790	rtti	hkLiquidAction	curated-verified	0x141f692b0	0x1f692b0	0x141ea1a00	addr-match		RE::RTTI_hkLiquidAction	Code/client/Games/Skyrim/RTTI.cpp:4859
398791	rtti	hkOrientHingedBodyAction	curated-verified	0x141f692d8	0x1f692d8	0x141ea1a28	addr-match		RE::RTTI_hkOrientHingedBodyAction	Code/client/Games/Skyrim/RTTI.cpp:4861
398792	rtti	hkgpConvexHull	curated-verified	0x141f69308	0x1f69308	0x141ea1a58	addr-match		RE::RTTI_hkgpConvexHull	Code/client/Games/Skyrim/RTTI.cpp:4863
398794	rtti	bhkPointToPathConstraint	curated-verified	0x141f693a8	0x1f693a8	0x141ea1af8	addr-match		RE::RTTI_bhkPointToPathConstraint	Code/client/Games/Skyrim/RTTI.cpp:4865
398795	rtti	hkRemoteObjectClientSideListener	curated-verified	0x141f693d8	0x1f693d8	0x141ea1b28	addr-match		RE::RTTI_hkRemoteObjectClientSideListener	Code/client/Games/Skyrim/RTTI.cpp:4867
398796	rtti	hkbBehaviorClient	curated-verified	0x141f69410	0x1f69410	0x141ea1b60	addr-match		RE::RTTI_hkbBehaviorClient	Code/client/Games/Skyrim/RTTI.cpp:4869
398797	rtti	hkbClientCharacterState	curated-verified	0x141f69438	0x1f69438	0x141ea1b88	addr-match		RE::RTTI_hkbClientCharacterState	Code/client/Games/Skyrim/RTTI.cpp:4871
398798	rtti	hkpToiResourceMgr	curated-verified	0x141f69468	0x1f69468	0x141ea1bb8	addr-match		RE::RTTI_hkpToiResourceMgr	Code/client/Games/Skyrim/RTTI.cpp:4873
398799	rtti	hkpDefaultToiResourceMgr	curated-verified	0x141f69490	0x1f69490	0x141ea1be0	addr-match		RE::RTTI_hkpDefaultToiResourceMgr	Code/client/Games/Skyrim/RTTI.cpp:4875
398800	rtti	hkpDeferredConstraintOwner	curated-verified	0x141f694c0	0x1f694c0	0x141ea1c10	addr-match		RE::RTTI_hkpDeferredConstraintOwner	Code/client/Games/Skyrim/RTTI.cpp:4877
398801	rtti	hkgpIndexedMesh	curated-verified	0x141f694f8	0x1f694f8	0x141ea1c48	addr-match		RE::RTTI_hkgpIndexedMesh	Code/client/Games/Skyrim/RTTI.cpp:4879
398802	rtti	hkpMoppMediator	curated-verified	0x141f69520	0x1f69520	0x141ea1c70	addr-match		RE::RTTI_hkpMoppMediator	Code/client/Games/Skyrim/RTTI.cpp:4881
398803	rtti	hkpMoppShapeMediator	curated-verified	0x141f69548	0x1f69548	0x141ea1c98	addr-match		RE::RTTI_hkpMoppShapeMediator	Code/client/Games/Skyrim/RTTI.cpp:4883
398804	rtti	hkpMoppCachedShapeMediator	curated-verified	0x141f69578	0x1f69578	0x141ea1cc8	addr-match		RE::RTTI_hkpMoppCachedShapeMediator	Code/client/Games/Skyrim/RTTI.cpp:4885
398805	rtti	hkpMoppCostFunction	curated-verified	0x141f695b0	0x1f695b0	0x141ea1d00	addr-match		RE::RTTI_hkpMoppCostFunction	Code/client/Games/Skyrim/RTTI.cpp:4887
398812	rtti	hkProcess	curated-verified	0x141f69810	0x1f69810	0x141ea1f60	addr-match		RE::RTTI_hkProcess	Code/client/Games/Skyrim/RTTI.cpp:4889
398813	rtti	hkRemoteObjectProcess	curated-verified	0x141f69830	0x1f69830	0x141ea1f80	addr-match		RE::RTTI_hkRemoteObjectProcess	Code/client/Games/Skyrim/RTTI.cpp:4891
398814	rtti	hkKdTreeCastCollector	curated-verified	0x141f69860	0x1f69860	0x141ea1fb0	addr-match		RE::RTTI_hkKdTreeCastCollector	Code/client/Games/Skyrim/RTTI.cpp:4893
398815	rtti	hkCpuWorldGetClosestPointsCollector	curated-verified	0x141f69890	0x1f69890	0x141ea1fe0	addr-match		RE::RTTI_hkCpuWorldGetClosestPointsCollector	Code/client/Games/Skyrim/RTTI.cpp:4895
398817	rtti	hkCpuWorldLinearCastCollector	curated-verified	0x141f69930	0x1f69930	0x141ea2080	addr-match		RE::RTTI_hkCpuWorldLinearCastCollector	Code/client/Games/Skyrim/RTTI.cpp:4897
398819	rtti	hkpFixedBufferRayHitCollector	curated-verified	0x141f699d0	0x1f699d0	0x141ea2120	addr-match		RE::RTTI_hkpFixedBufferRayHitCollector	Code/client/Games/Skyrim/RTTI.cpp:4899
398820	rtti	hkCpuWorldRayCastCollector	curated-verified	0x141f69a08	0x1f69a08	0x141ea2158	addr-match		RE::RTTI_hkCpuWorldRayCastCollector	Code/client/Games/Skyrim/RTTI.cpp:4901
398821	rtti	hkpSimpleMeshShape	curated-verified	0x141f69a40	0x1f69a40	0x141ea2190	addr-match		RE::RTTI_hkpSimpleMeshShape	Code/client/Games/Skyrim/RTTI.cpp:4903
398822	rtti	hkpMoppNodeMgr	curated-verified	0x141f69a70	0x1f69a70	0x141ea21c0	addr-match		RE::RTTI_hkpMoppNodeMgr	Code/client/Games/Skyrim/RTTI.cpp:4905
398823	rtti	hkpMoppSplitter	curated-verified	0x141f69a98	0x1f69a98	0x141ea21e8	addr-match		RE::RTTI_hkpMoppSplitter	Code/client/Games/Skyrim/RTTI.cpp:4907
398824	rtti	hkpMoppDefaultSplitter	curated-verified	0x141f69ac0	0x1f69ac0	0x141ea2210	addr-match		RE::RTTI_hkpMoppDefaultSplitter	Code/client/Games/Skyrim/RTTI.cpp:4909
398825	rtti	hkpMoppCodeGenerator	curated-verified	0x141f69af0	0x1f69af0	0x141ea2240	addr-match		RE::RTTI_hkpMoppCodeGenerator	Code/client/Games/Skyrim/RTTI.cpp:4911
398826	rtti	hkpMoppAssembler	curated-verified	0x141f69b20	0x1f69b20	0x141ea2270	addr-match		RE::RTTI_hkpMoppAssembler	Code/client/Games/Skyrim/RTTI.cpp:4913
398827	rtti	hkpMoppDefaultAssembler	curated-verified	0x141f69b48	0x1f69b48	0x141ea2298	addr-match		RE::RTTI_hkpMoppDefaultAssembler	Code/client/Games/Skyrim/RTTI.cpp:4915
398851	rtti	hkgpTriangulatorBase	curated-verified	0x141f6a4f8	0x1f6a4f8	0x141ea2c48	addr-match		RE::RTTI_hkgpTriangulatorBase	Code/client/Games/Skyrim/RTTI.cpp:4917
398854	rtti	hkgpMesh	curated-verified	0x141f6a690	0x1f6a690	0x141ea2de0	addr-match		RE::RTTI_hkgpMesh	Code/client/Games/Skyrim/RTTI.cpp:4919
398870	rtti	hkProcessFactory	curated-verified	0x141f6ab88	0x1f6ab88	0x141ea32d8	addr-match		RE::RTTI_hkProcessFactory	Code/client/Games/Skyrim/RTTI.cpp:4921
398872	rtti	hkKdTreeBundleCastCollector	curated-verified	0x141f6abe8	0x1f6abe8	0x141ea3338	addr-match		RE::RTTI_hkKdTreeBundleCastCollector	Code/client/Games/Skyrim/RTTI.cpp:4923
398874	rtti	hkpCollidableMediator	curated-verified	0x141f6ac58	0x1f6ac58	0x141ea33a8	addr-match		RE::RTTI_hkpCollidableMediator	Code/client/Games/Skyrim/RTTI.cpp:4925
398875	rtti	hkKdTreeCpuBroadphaseBundleCastCollector	curated-verified	0x141f6ac88	0x1f6ac88	0x141ea33d8	addr-match		RE::RTTI_hkKdTreeCpuBroadphaseBundleCastCollector	Code/client/Games/Skyrim/RTTI.cpp:4927
398876	rtti	BSUIScaleformData	curated-verified	0x141f6ad98	0x1f6ad98	0x141ea34e8	addr-match		RE::RTTI_BSUIScaleformData	Code/client/Games/Skyrim/RTTI.cpp:4929
398886	rtti	GSysAllocBase	curated-verified	0x141f6b778	0x1f6b778	0x141ea3ec8	addr-match		RE::RTTI_GSysAllocBase	Code/client/Games/Skyrim/RTTI.cpp:4931
398887	rtti	GSysAllocPaged	curated-verified	0x141f6b7a0	0x1f6b7a0	0x141ea3ef0	addr-match		RE::RTTI_GSysAllocPaged	Code/client/Games/Skyrim/RTTI.cpp:4933
398888	rtti	GSysMemoryMap	curated-verified	0x141f6b7c8	0x1f6b7c8	0x141ea3f18	addr-match		RE::RTTI_GSysMemoryMap	Code/client/Games/Skyrim/RTTI.cpp:4935
398889	rtti	GFxLog	curated-verified	0x141f6b7f0	0x1f6b7f0	0x141ea3f40	addr-match		RE::RTTI_GFxLog	Code/client/Games/Skyrim/RTTI.cpp:4937
398890	rtti	GFxState	curated-verified	0x141f6b0e0	0x1f6b0e0	0x141ea3830	addr-match		RE::RTTI_GFxState	Code/client/Games/Skyrim/RTTI.cpp:4939
398893	rtti	GFxLogConstants	curated-weak	0x141f6b840	0x1f6b840	0x141ea3f90	addr-match		RE::RTTI_GFxLogConstants	Code/client/Games/Skyrim/RTTI.cpp:4941
398894	rtti	GFxTranslator	curated-verified	0x141f6b868	0x1f6b868	0x141ea3fb8	addr-match		RE::RTTI_GFxTranslator	Code/client/Games/Skyrim/RTTI.cpp:4943
398895	rtti	GFxZlibSupportBase	curated-verified	0x141f6b890	0x1f6b890	0x141ea3fe0	addr-match		RE::RTTI_GFxZlibSupportBase	Code/client/Games/Skyrim/RTTI.cpp:4945
398896	rtti	GFxZlibSupport	curated-verified	0x141f6b8c0	0x1f6b8c0	0x141ea4010	addr-match		RE::RTTI_GFxZlibSupport	Code/client/Games/Skyrim/RTTI.cpp:4947
398897	rtti	BSScaleformTranslator	curated-verified	0x141f6b8e8	0x1f6b8e8	0x141ea4038	addr-match		RE::RTTI_BSScaleformTranslator	Code/client/Games/Skyrim/RTTI.cpp:4949
398898	rtti	BSStreamParserData	curated-verified	0x141f6b918	0x1f6b918	0x141ea4068	addr-match		RE::RTTI_BSStreamParserData	Code/client/Games/Skyrim/RTTI.cpp:4951
398899	rtti	BSResourceStreamParser	curated-verified	0x141f6b948	0x1f6b948	0x141ea4098	addr-match		RE::RTTI_BSResourceStreamParser	Code/client/Games/Skyrim/RTTI.cpp:4953
398907	rtti	GFile	curated-verified	0x141f6b138	0x1f6b138	0x141ea3888	addr-match		RE::RTTI_GFile	Code/client/Games/Skyrim/RTTI.cpp:4955
398909	rtti	GFileConstants	curated-weak	0x141f6b190	0x1f6b190	0x141ea38e0	addr-match		RE::RTTI_GFileConstants	Code/client/Games/Skyrim/RTTI.cpp:4957
398910	rtti	GMemoryFile	curated-verified	0x141f6b1b8	0x1f6b1b8	0x141ea3908	addr-match		RE::RTTI_GMemoryFile	Code/client/Games/Skyrim/RTTI.cpp:4959
398911	rtti	GFxFileOpenerBase	curated-verified	0x141f6b1e0	0x1f6b1e0	0x141ea3930	addr-match		RE::RTTI_GFxFileOpenerBase	Code/client/Games/Skyrim/RTTI.cpp:4961
398912	rtti	BSScaleformFileOpener	curated-verified	0x141f6b208	0x1f6b208	0x141ea3958	addr-match		RE::RTTI_BSScaleformFileOpener	Code/client/Games/Skyrim/RTTI.cpp:4963
398923	rtti	IDebugText	curated-verified	0x141f6bc78	0x1f6bc78	0x141ea43c8	addr-match		RE::RTTI_IDebugText	Code/client/Games/Skyrim/RTTI.cpp:4965
398924	rtti	DebugText	curated-verified	0x141f6bca0	0x1f6bca0	0x141ea43f0	addr-match		RE::RTTI_DebugText	Code/client/Games/Skyrim/RTTI.cpp:4967
398925	rtti	GFxExternalInterface	curated-verified	0x141f6bcc0	0x1f6bcc0	0x141ea4410	addr-match		RE::RTTI_GFxExternalInterface	Code/client/Games/Skyrim/RTTI.cpp:4969
398926	rtti	FxDelegate	curated-verified	0x141f6bcf0	0x1f6bcf0	0x141ea4440	addr-match		RE::RTTI_FxDelegate	Code/client/Games/Skyrim/RTTI.cpp:4971
398928	rtti	AddCallbackVisitor	curated-verified	0x141f6bd58	0x1f6bd58	0x141ea44a8	addr-match		RE::RTTI_AddCallbackVisitor	Code/client/Games/Skyrim/RTTI.cpp:4973
398929	rtti	RemoveCallbackVisitor	curated-verified	0x141f6bd88	0x1f6bd88	0x141ea44d8	addr-match		RE::RTTI_RemoveCallbackVisitor	Code/client/Games/Skyrim/RTTI.cpp:4975
398930	rtti	GFxImageLoader	curated-verified	0x141f6bdb8	0x1f6bdb8	0x141ea4508	addr-match		RE::RTTI_GFxImageLoader	Code/client/Games/Skyrim/RTTI.cpp:4977
398931	rtti	BSScaleformImageLoader	curated-verified	0x141f6bde0	0x1f6bde0	0x141ea4530	addr-match		RE::RTTI_BSScaleformImageLoader	Code/client/Games/Skyrim/RTTI.cpp:4979
398932	rtti	BSScaleformMovieLoadTask	curated-verified	0x141f6be10	0x1f6be10	0x141ea4560	addr-match		RE::RTTI_BSScaleformMovieLoadTask	Code/client/Games/Skyrim/RTTI.cpp:4981
398934	rtti	BSMusicManager	curated-verified	0x141f6be40	0x1f6be40	0x141ea4590	addr-match		RE::RTTI_BSMusicManager	Code/client/Games/Skyrim/RTTI.cpp:4983
398949	rtti	BSNavmeshInfoSearch	curated-verified	0x141f6c2a0	0x1f6c2a0	0x141ea49f0	addr-match		RE::RTTI_BSNavmeshInfoSearch	Code/client/Games/Skyrim/RTTI.cpp:4985
398952	rtti	BSPrecomputedNavmeshInfoSearch	curated-verified	0x141f6c3b8	0x1f6c3b8	0x141ea4b08	addr-match		RE::RTTI_BSPrecomputedNavmeshInfoSearch	Code/client/Games/Skyrim/RTTI.cpp:4987
398957	rtti	IMovementSetState	curated-verified	0x141f6c3f0	0x1f6c3f0	0x141ea4b40	addr-match		RE::RTTI_IMovementSetState	Code/client/Games/Skyrim/RTTI.cpp:4989
398958	rtti	IMovementQueryState	curated-verified	0x141f6c418	0x1f6c418	0x141ea4b68	addr-match		RE::RTTI_IMovementQueryState	Code/client/Games/Skyrim/RTTI.cpp:4991
398959	rtti	MovementAgentActorState	curated-verified	0x141f6c448	0x1f6c448	0x141ea4b98	addr-match		RE::RTTI_MovementAgentActorState	Code/client/Games/Skyrim/RTTI.cpp:4993
398964	rtti	IPathBuilderTracker	curated-verified	0x141f6c678	0x1f6c678	0x141ea4dc8	addr-match		RE::RTTI_IPathBuilderTracker	Code/client/Games/Skyrim/RTTI.cpp:4995
398965	rtti	NullPathBuilderTracker	curated-verified	0x141f6c6a8	0x1f6c6a8	0x141ea4df8	addr-match		RE::RTTI_NullPathBuilderTracker	Code/client/Games/Skyrim/RTTI.cpp:4997
398972	rtti	IMovementQueryPathFollowing	curated-verified	0x141f6c968	0x1f6c968	0x141ea50b8	addr-match		RE::RTTI_IMovementQueryPathFollowing	Code/client/Games/Skyrim/RTTI.cpp:4999
398974	rtti	IMovementSetPathFollowing	curated-verified	0x141f6c9e0	0x1f6c9e0	0x141ea5130	addr-match		RE::RTTI_IMovementSetPathFollowing	Code/client/Games/Skyrim/RTTI.cpp:5001
398975	rtti	IMovementPlayIdleResult	curated-verified	0x141f6ca10	0x1f6ca10	0x141ea5160	addr-match		RE::RTTI_IMovementPlayIdleResult	Code/client/Games/Skyrim/RTTI.cpp:5003
398983	rtti	MovementAgentPathFollowerStandard	curated-verified	0x141f6cb98	0x1f6cb98	0x141ea52e8	addr-match		RE::RTTI_MovementAgentPathFollowerStandard	Code/client/Games/Skyrim/RTTI.cpp:5005
398992	rtti	MovementPathManagerAgent	curated-verified	0x141f6cee0	0x1f6cee0	0x141ea5630	addr-match		RE::RTTI_MovementPathManagerAgent	Code/client/Games/Skyrim/RTTI.cpp:5007
398993	rtti	IMovementSetGoal	curated-verified	0x141f6cf10	0x1f6cf10	0x141ea5660	addr-match		RE::RTTI_IMovementSetGoal	Code/client/Games/Skyrim/RTTI.cpp:5009
398994	rtti	IMovementQueryPathingState	curated-verified	0x141f6cf38	0x1f6cf38	0x141ea5688	addr-match		RE::RTTI_IMovementQueryPathingState	Code/client/Games/Skyrim/RTTI.cpp:5011
398995	rtti	IMovementPathManagerDataTracker	curated-verified	0x141f6cf70	0x1f6cf70	0x141ea56c0	addr-match		RE::RTTI_IMovementPathManagerDataTracker	Code/client/Games/Skyrim/RTTI.cpp:5013
398997	rtti	MovementPathManagerArbiter	curated-verified	0x141f6d038	0x1f6d038	0x141ea5788	addr-match		RE::RTTI_MovementPathManagerArbiter	Code/client/Games/Skyrim/RTTI.cpp:5015
398998	rtti	MovementArbiter	curated-verified	0x141f6d070	0x1f6d070	0x141ea57c0	addr-match		RE::RTTI_MovementArbiter	Code/client/Games/Skyrim/RTTI.cpp:5017
398999	rtti	MovementMessageNewPath	curated-verified	0x141f6d098	0x1f6d098	0x141ea57e8	addr-match		RE::RTTI_MovementMessageNewPath	Code/client/Games/Skyrim/RTTI.cpp:5019
399000	rtti	MovementMessagePathEvent	curated-verified	0x141f6d0c8	0x1f6d0c8	0x141ea5818	addr-match		RE::RTTI_MovementMessagePathEvent	Code/client/Games/Skyrim/RTTI.cpp:5021
399001	rtti	MovementPathManagerNullTracker	curated-verified	0x141f6d0f8	0x1f6d0f8	0x141ea5848	addr-match		RE::RTTI_MovementPathManagerNullTracker	Code/client/Games/Skyrim/RTTI.cpp:5023
399011	rtti	BSNavmeshObstacleData	curated-verified	0x141f6d710	0x1f6d710	0x141ea5e60	addr-match		RE::RTTI_BSNavmeshObstacleData	Code/client/Games/Skyrim/RTTI.cpp:5025
399012	rtti	PathingTaskData	curated-verified	0x141f6d740	0x1f6d740	0x141ea5e90	addr-match		RE::RTTI_PathingTaskData	Code/client/Games/Skyrim/RTTI.cpp:5027
399016	rtti	MovementArbitrationAverageFloat	curated-verified	0x141f6d868	0x1f6d868	0x141ea5fb8	addr-match		RE::RTTI_MovementArbitrationAverageFloat	Code/client/Games/Skyrim/RTTI.cpp:5029
399019	rtti	MovementArbitrationMaxWeightPoint	curated-verified	0x141f6d910	0x1f6d910	0x141ea6060	addr-match		RE::RTTI_MovementArbitrationMaxWeightPoint	Code/client/Games/Skyrim/RTTI.cpp:5031
399022	rtti	MovementArbitrationMaxWeightParameters	curated-verified	0x141f6d9d8	0x1f6d9d8	0x141ea6128	addr-match		RE::RTTI_MovementArbitrationMaxWeightParameters	Code/client/Games/Skyrim/RTTI.cpp:5033
399025	rtti	NullMovementSelectIdleResult	curated-verified	0x141f6db38	0x1f6db38	0x141ea6288	addr-match		RE::RTTI_NullMovementSelectIdleResult	Code/client/Games/Skyrim/RTTI.cpp:5035
399026	rtti	BSPathingLOSGridCell	curated-verified	0x141f6db70	0x1f6db70	0x141ea62c0	addr-match		RE::RTTI_BSPathingLOSGridCell	Code/client/Games/Skyrim/RTTI.cpp:5037
399027	rtti	BSPathingLOSGrid	curated-verified	0x141f6dba0	0x1f6dba0	0x141ea62f0	addr-match		RE::RTTI_BSPathingLOSGrid	Code/client/Games/Skyrim/RTTI.cpp:5039
399028	rtti	BSPathingLOSGridMap	curated-verified	0x141f6dbc8	0x1f6dbc8	0x141ea6318	addr-match		RE::RTTI_BSPathingLOSGridMap	Code/client/Games/Skyrim/RTTI.cpp:5041
399031	rtti	BSPathBuilder	curated-verified	0x141f6dbf8	0x1f6dbf8	0x141ea6348	addr-match		RE::RTTI_BSPathBuilder	Code/client/Games/Skyrim/RTTI.cpp:5043
399035	rtti	BSPathEventManager	curated-verified	0x141f6ddb0	0x1f6ddb0	0x141ea6500	addr-match		RE::RTTI_BSPathEventManager	Code/client/Games/Skyrim/RTTI.cpp:5045
399041	rtti	IMovementControllerDataTracker	curated-verified	0x141f6dfd8	0x1f6dfd8	0x141ea6728	addr-match		RE::RTTI_IMovementControllerDataTracker	Code/client/Games/Skyrim/RTTI.cpp:5047
399044	rtti	BSPathingStreamSimpleBufferRead	curated-verified	0x141f6e088	0x1f6e088	0x141ea67d8	addr-match		RE::RTTI_BSPathingStreamSimpleBufferRead	Code/client/Games/Skyrim/RTTI.cpp:5049
399045	rtti	MovementControllerNullDataTracker	curated-verified	0x141f6e0c0	0x1f6e0c0	0x141ea6810	addr-match		RE::RTTI_MovementControllerNullDataTracker	Code/client/Games/Skyrim/RTTI.cpp:5051
399051	rtti	MovementMessageDoor	curated-verified	0x141f6e158	0x1f6e158	0x141ea68a8	addr-match		RE::RTTI_MovementMessageDoor	Code/client/Games/Skyrim/RTTI.cpp:5053
399052	rtti	MovementMessageApproachingDoor	curated-verified	0x141f6e188	0x1f6e188	0x141ea68d8	addr-match		RE::RTTI_MovementMessageApproachingDoor	Code/client/Games/Skyrim/RTTI.cpp:5055
399053	rtti	MovementMessageActivateDoor	curated-verified	0x141f6e1c0	0x1f6e1c0	0x141ea6910	addr-match		RE::RTTI_MovementMessageActivateDoor	Code/client/Games/Skyrim/RTTI.cpp:5057
399058	rtti	MovementMessageWarpToLocation	curated-verified	0x141f6e440	0x1f6e440	0x141ea6b90	addr-match		RE::RTTI_MovementMessageWarpToLocation	Code/client/Games/Skyrim/RTTI.cpp:5059
399063	rtti	MovementMessageWarpToMultiple	curated-verified	0x141f6e6c0	0x1f6e6c0	0x141ea6e10	addr-match		RE::RTTI_MovementMessageWarpToMultiple	Code/client/Games/Skyrim/RTTI.cpp:5061
399068	rtti	MovementMessageBlocked	curated-verified	0x141f6e940	0x1f6e940	0x141ea7090	addr-match		RE::RTTI_MovementMessageBlocked	Code/client/Games/Skyrim/RTTI.cpp:5063
399073	rtti	MovementMessagePlayIdle	curated-verified	0x141f6eb98	0x1f6eb98	0x141ea72e8	addr-match		RE::RTTI_MovementMessagePlayIdle	Code/client/Games/Skyrim/RTTI.cpp:5065
399078	rtti	MovementMessageFreezeDirection	curated-verified	0x141f6ee08	0x1f6ee08	0x141ea7558	addr-match		RE::RTTI_MovementMessageFreezeDirection	Code/client/Games/Skyrim/RTTI.cpp:5067
399083	rtti	MovementMessageSetStaticPath	curated-verified	0x141f6f080	0x1f6f080	0x141ea77d0	addr-match		RE::RTTI_MovementMessageSetStaticPath	Code/client/Games/Skyrim/RTTI.cpp:5069
399088	rtti	MovementMessageJump	curated-verified	0x141f6f300	0x1f6f300	0x141ea7a50	addr-match		RE::RTTI_MovementMessageJump	Code/client/Games/Skyrim/RTTI.cpp:5071
399093	rtti	IMovementQueryDeltas	curated-verified	0x141f6f558	0x1f6f558	0x141ea7ca8	addr-match		RE::RTTI_IMovementQueryDeltas	Code/client/Games/Skyrim/RTTI.cpp:5073
399094	rtti	MovementPostUpdateArbiter	curated-verified	0x141f6f588	0x1f6f588	0x141ea7cd8	addr-match		RE::RTTI_MovementPostUpdateArbiter	Code/client/Games/Skyrim/RTTI.cpp:5075
399099	rtti	IMovementSetStaticAvoider	curated-verified	0x141f6f7d0	0x1f6f7d0	0x141ea7f20	addr-match		RE::RTTI_IMovementSetStaticAvoider	Code/client/Games/Skyrim/RTTI.cpp:5077
399100	rtti	IMovementQueryStaticAvoider	curated-verified	0x141f6f800	0x1f6f800	0x141ea7f50	addr-match		RE::RTTI_IMovementQueryStaticAvoider	Code/client/Games/Skyrim/RTTI.cpp:5079
399101	rtti	MovementPathManagerAgentStaticAvoider	curated-verified	0x141f6f838	0x1f6f838	0x141ea7f88	addr-match		RE::RTTI_MovementPathManagerAgentStaticAvoider	Code/client/Games/Skyrim/RTTI.cpp:5081
399106	rtti	IMovementQueryActorAvoidance	curated-verified	0x141f6fab8	0x1f6fab8	0x141ea8208	addr-match		RE::RTTI_IMovementQueryActorAvoidance	Code/client/Games/Skyrim/RTTI.cpp:5083
399107	rtti	MovementAgentActorAvoider	curated-verified	0x141f6faf0	0x1f6faf0	0x141ea8240	addr-match		RE::RTTI_MovementAgentActorAvoider	Code/client/Games/Skyrim/RTTI.cpp:5085
399113	rtti	MovementHandlerAgentTranslationController	curated-verified	0x141f6fd70	0x1f6fd70	0x141ea84c0	addr-match		RE::RTTI_MovementHandlerAgentTranslationController	Code/client/Games/Skyrim/RTTI.cpp:5087
399119	rtti	MovementTweenerAgentFixedDelta	curated-verified	0x141f70030	0x1f70030	0x141ea8780	addr-match		RE::RTTI_MovementTweenerAgentFixedDelta	Code/client/Games/Skyrim/RTTI.cpp:5089
399124	rtti	MovementHandlerArbiter	curated-verified	0x141f70280	0x1f70280	0x141ea89d0	addr-match		RE::RTTI_MovementHandlerArbiter	Code/client/Games/Skyrim/RTTI.cpp:5091
399135	rtti	IMovementPlannerSetArbitration	curated-verified	0x141f707c0	0x1f707c0	0x141ea8f10	addr-match		RE::RTTI_IMovementPlannerSetArbitration	Code/client/Games/Skyrim/RTTI.cpp:5093
399136	rtti	MovementPlannerArbiter	curated-verified	0x141f707f8	0x1f707f8	0x141ea8f48	addr-match		RE::RTTI_MovementPlannerArbiter	Code/client/Games/Skyrim/RTTI.cpp:5095
399151	rtti	MovementPathManagerAgentLoadedAreaMonitor	curated-verified	0x141f70e80	0x1f70e80	0x141ea95d0	addr-match		RE::RTTI_MovementPathManagerAgentLoadedAreaMonitor	Code/client/Games/Skyrim/RTTI.cpp:5097
399156	rtti	IMovementQueryFlight	curated-verified	0x141f71108	0x1f71108	0x141ea9858	addr-match		RE::RTTI_IMovementQueryFlight	Code/client/Games/Skyrim/RTTI.cpp:5099
399157	rtti	MovementAgentPathFollowerFlight	curated-verified	0x141f71138	0x1f71138	0x141ea9888	addr-match		RE::RTTI_MovementAgentPathFollowerFlight	Code/client/Games/Skyrim/RTTI.cpp:5101
399162	rtti	MovementAgentPathFollowerVirtual	curated-verified	0x141f71390	0x1f71390	0x141ea9ae0	addr-match		RE::RTTI_MovementAgentPathFollowerVirtual	Code/client/Games/Skyrim/RTTI.cpp:5103
399167	rtti	MovementHandlerAgentAngleController	curated-verified	0x141f715f0	0x1f715f0	0x141ea9d40	addr-match		RE::RTTI_MovementHandlerAgentAngleController	Code/client/Games/Skyrim/RTTI.cpp:5105
399172	rtti	MovementHandlerAgentAngleGain	curated-verified	0x141f71858	0x1f71858	0x141ea9fa8	addr-match		RE::RTTI_MovementHandlerAgentAngleGain	Code/client/Games/Skyrim/RTTI.cpp:5107
399177	rtti	MovementHandlerAgentSpeedPassThrough	curated-verified	0x141f71aa0	0x1f71aa0	0x141eaa1f0	addr-match		RE::RTTI_MovementHandlerAgentSpeedPassThrough	Code/client/Games/Skyrim/RTTI.cpp:5109
399182	rtti	MovementHandlerAgentAnglePassThrough	curated-verified	0x141f71d18	0x1f71d18	0x141eaa468	addr-match		RE::RTTI_MovementHandlerAgentAnglePassThrough	Code/client/Games/Skyrim/RTTI.cpp:5111
399187	rtti	MovementHandlerAgentDirectionPassThrough	curated-verified	0x141f71f98	0x1f71f98	0x141eaa6e8	addr-match		RE::RTTI_MovementHandlerAgentDirectionPassThrough	Code/client/Games/Skyrim/RTTI.cpp:5113
399192	rtti	MovementHandlerAgentStrafing	curated-verified	0x141f72228	0x1f72228	0x141eaa978	addr-match		RE::RTTI_MovementHandlerAgentStrafing	Code/client/Games/Skyrim/RTTI.cpp:5115
399197	rtti	MovementHandlerAgentLargeDeltaIdle	curated-verified	0x141f72470	0x1f72470	0x141eaabc0	addr-match		RE::RTTI_MovementHandlerAgentLargeDeltaIdle	Code/client/Games/Skyrim/RTTI.cpp:5117
399202	rtti	MovementPlannerAgentNavmeshBounds	curated-verified	0x141f726d0	0x1f726d0	0x141eaae20	addr-match		RE::RTTI_MovementPlannerAgentNavmeshBounds	Code/client/Games/Skyrim/RTTI.cpp:5119
399207	rtti	MovementPathManagerAgentAvoidBox	curated-verified	0x141f72930	0x1f72930	0x141eab080	addr-match		RE::RTTI_MovementPathManagerAgentAvoidBox	Code/client/Games/Skyrim/RTTI.cpp:5121
399214	rtti	IMovementQueryTweener	curated-verified	0x141f72bf8	0x1f72bf8	0x141eab348	addr-match		RE::RTTI_IMovementQueryTweener	Code/client/Games/Skyrim/RTTI.cpp:5123
399215	rtti	IMovementSetTweener	curated-verified	0x141f72c28	0x1f72c28	0x141eab378	addr-match		RE::RTTI_IMovementSetTweener	Code/client/Games/Skyrim/RTTI.cpp:5125
399216	rtti	MovementTweenerArbiter	curated-verified	0x141f72c58	0x1f72c58	0x141eab3a8	addr-match		RE::RTTI_MovementTweenerArbiter	Code/client/Games/Skyrim/RTTI.cpp:5127
399224	rtti	MovementStateTweener	curated-verified	0x141f73008	0x1f73008	0x141eab758	addr-match		RE::RTTI_MovementStateTweener	Code/client/Games/Skyrim/RTTI.cpp:5129
399229	rtti	MovementStateFollowPath	curated-verified	0x141f73238	0x1f73238	0x141eab988	addr-match		RE::RTTI_MovementStateFollowPath	Code/client/Games/Skyrim/RTTI.cpp:5131
399243	rtti	MovementMessagePathComplete	curated-verified	0x141f734b8	0x1f734b8	0x141eabc08	addr-match		RE::RTTI_MovementMessagePathComplete	Code/client/Games/Skyrim/RTTI.cpp:5133
399244	rtti	MovementMessagePathFailed	curated-verified	0x141f734f0	0x1f734f0	0x141eabc40	addr-match		RE::RTTI_MovementMessagePathFailed	Code/client/Games/Skyrim/RTTI.cpp:5135
399245	rtti	MovementMessagePathCleared	curated-verified	0x141f73520	0x1f73520	0x141eabc70	addr-match		RE::RTTI_MovementMessagePathCleared	Code/client/Games/Skyrim/RTTI.cpp:5137
399246	rtti	BSPathSmootherPOVSearch	curated-verified	0x141f73c10	0x1f73c10	0x141eac360	addr-match		RE::RTTI_BSPathSmootherPOVSearch	Code/client/Games/Skyrim/RTTI.cpp:5139
399249	rtti	BSPathingSearchRayCast	curated-verified	0x141f73cf8	0x1f73cf8	0x141eac448	addr-match		RE::RTTI_BSPathingSearchRayCast	Code/client/Games/Skyrim/RTTI.cpp:5141
399256	rtti	IPathFollowerState	curated-verified	0x141f73e58	0x1f73e58	0x141eac5a8	addr-match		RE::RTTI_IPathFollowerState	Code/client/Games/Skyrim/RTTI.cpp:5143
399257	rtti	PathFollowerStatePlayIdle	curated-verified	0x141f73e88	0x1f73e88	0x141eac5d8	addr-match		RE::RTTI_PathFollowerStatePlayIdle	Code/client/Games/Skyrim/RTTI.cpp:5145
399258	rtti	PathFollowerStateFollowPathToParameter	curated-verified	0x141f73eb8	0x1f73eb8	0x141eac608	addr-match		RE::RTTI_PathFollowerStateFollowPathToParameter	Code/client/Games/Skyrim/RTTI.cpp:5147
399259	rtti	PathFollowerStateTurnToAngle	curated-verified	0x141f73ef8	0x1f73ef8	0x141eac648	addr-match		RE::RTTI_PathFollowerStateTurnToAngle	Code/client/Games/Skyrim/RTTI.cpp:5149
399260	rtti	PathFollowerStateKeepLastDirection	curated-verified	0x141f73f30	0x1f73f30	0x141eac680	addr-match		RE::RTTI_PathFollowerStateKeepLastDirection	Code/client/Games/Skyrim/RTTI.cpp:5151
399262	rtti	BSNavmeshObstacleUndoData	curated-verified	0x141f73fc0	0x1f73fc0	0x141eac710	addr-match		RE::RTTI_BSNavmeshObstacleUndoData	Code/client/Games/Skyrim/RTTI.cpp:5153
399263	rtti	MovementArbitrationVectorAdd	curated-verified	0x141f73ff0	0x1f73ff0	0x141eac740	addr-match		RE::RTTI_MovementArbitrationVectorAdd	Code/client/Games/Skyrim/RTTI.cpp:5155
399916	rtti	BSFadeNode	curated-verified	0x141f7d738	0x1f7d738	0x141eb9540	addr-match		RE::RTTI_BSFadeNode	Code/client/Games/Skyrim/RTTI.cpp:5157
399917	rtti	BSShaderProperty	curated-verified	0x141f7d760	0x1f7d760	0x141eb9568	addr-match		RE::RTTI_BSShaderProperty	Code/client/Games/Skyrim/RTTI.cpp:5159
399918	rtti	BSLeafAnimNode	curated-verified	0x141f7d788	0x1f7d788	0x141eb9590	addr-match		RE::RTTI_BSLeafAnimNode	Code/client/Games/Skyrim/RTTI.cpp:5161
399919	rtti	BSTreeNode	curated-verified	0x141f7d7b0	0x1f7d7b0	0x141eb95b8	addr-match		RE::RTTI_BSTreeNode	Code/client/Games/Skyrim/RTTI.cpp:5163
399920	rtti	NiBoneMatrixSetterI	curated-verified	0x141f7d7d8	0x1f7d7d8	0x141eb95e0	addr-match		RE::RTTI_NiBoneMatrixSetterI	Code/client/Games/Skyrim/RTTI.cpp:5165
399923	rtti	BSImagespaceShaderAlphaBlend	curated-verified	0x141f7d8c8	0x1f7d8c8	0x141eb96c8	addr-match		RE::RTTI_BSImagespaceShaderAlphaBlend	Code/client/Games/Skyrim/RTTI.cpp:5167
399924	rtti	BSImagespaceShader	curated-verified	0x141f7d900	0x1f7d900	0x141eb9700	addr-match		RE::RTTI_BSImagespaceShader	Code/client/Games/Skyrim/RTTI.cpp:5169
399925	rtti	BSShader	curated-verified	0x141f7d930	0x1f7d930	0x141eb9730	addr-match		RE::RTTI_BSShader	Code/client/Games/Skyrim/RTTI.cpp:5171
399926	rtti	BSReloadShaderI	curated-verified	0x141f7d950	0x1f7d950	0x141eb9750	addr-match		RE::RTTI_BSReloadShaderI	Code/client/Games/Skyrim/RTTI.cpp:5173
399927	rtti	ImageSpaceEffect	curated-verified	0x141f7d978	0x1f7d978	0x141eb9778	addr-match		RE::RTTI_ImageSpaceEffect	Code/client/Games/Skyrim/RTTI.cpp:5175
399928	rtti	BSImagespaceShaderBlur3	curated-verified	0x141f7d9a0	0x1f7d9a0	0x141eb97a0	addr-match		RE::RTTI_BSImagespaceShaderBlur3	Code/client/Games/Skyrim/RTTI.cpp:5177
399929	rtti	BSImagespaceShaderBlur5	curated-verified	0x141f7d9d0	0x1f7d9d0	0x141eb97d0	addr-match		RE::RTTI_BSImagespaceShaderBlur5	Code/client/Games/Skyrim/RTTI.cpp:5179
399930	rtti	BSImagespaceShaderBlur7	curated-verified	0x141f7da00	0x1f7da00	0x141eb9800	addr-match		RE::RTTI_BSImagespaceShaderBlur7	Code/client/Games/Skyrim/RTTI.cpp:5181
399931	rtti	BSImagespaceShaderBlur9	curated-verified	0x141f7da30	0x1f7da30	0x141eb9830	addr-match		RE::RTTI_BSImagespaceShaderBlur9	Code/client/Games/Skyrim/RTTI.cpp:5183
399932	rtti	BSImagespaceShaderBlur11	curated-verified	0x141f7da60	0x1f7da60	0x141eb9860	addr-match		RE::RTTI_BSImagespaceShaderBlur11	Code/client/Games/Skyrim/RTTI.cpp:5185
399933	rtti	BSImagespaceShaderBlur13	curated-verified	0x141f7da90	0x1f7da90	0x141eb9890	addr-match		RE::RTTI_BSImagespaceShaderBlur13	Code/client/Games/Skyrim/RTTI.cpp:5187
399934	rtti	BSImagespaceShaderBlur15	curated-verified	0x141f7dac0	0x1f7dac0	0x141eb98c0	addr-match		RE::RTTI_BSImagespaceShaderBlur15	Code/client/Games/Skyrim/RTTI.cpp:5189
399935	rtti	BSImagespaceShaderNonHDRBlur3	curated-verified	0x141f7daf0	0x1f7daf0	0x141eb98f0	addr-match		RE::RTTI_BSImagespaceShaderNonHDRBlur3	Code/client/Games/Skyrim/RTTI.cpp:5191
399936	rtti	BSImagespaceShaderNonHDRBlur5	curated-verified	0x141f7db28	0x1f7db28	0x141eb9928	addr-match		RE::RTTI_BSImagespaceShaderNonHDRBlur5	Code/client/Games/Skyrim/RTTI.cpp:5193
399937	rtti	BSImagespaceShaderNonHDRBlur7	curated-verified	0x141f7db60	0x1f7db60	0x141eb9960	addr-match		RE::RTTI_BSImagespaceShaderNonHDRBlur7	Code/client/Games/Skyrim/RTTI.cpp:5195
399938	rtti	BSImagespaceShaderNonHDRBlur9	curated-verified	0x141f7db98	0x1f7db98	0x141eb9998	addr-match		RE::RTTI_BSImagespaceShaderNonHDRBlur9	Code/client/Games/Skyrim/RTTI.cpp:5197
399939	rtti	BSImagespaceShaderNonHDRBlur11	curated-verified	0x141f7dbd0	0x1f7dbd0	0x141eb99d0	addr-match		RE::RTTI_BSImagespaceShaderNonHDRBlur11	Code/client/Games/Skyrim/RTTI.cpp:5199
399940	rtti	BSImagespaceShaderNonHDRBlur13	curated-verified	0x141f7dc08	0x1f7dc08	0x141eb9a08	addr-match		RE::RTTI_BSImagespaceShaderNonHDRBlur13	Code/client/Games/Skyrim/RTTI.cpp:5201
399941	rtti	BSImagespaceShaderNonHDRBlur15	curated-verified	0x141f7dc40	0x1f7dc40	0x141eb9a40	addr-match		RE::RTTI_BSImagespaceShaderNonHDRBlur15	Code/client/Games/Skyrim/RTTI.cpp:5203
399942	rtti	BSImagespaceShaderBrightPassBlur3	curated-verified	0x141f7dc78	0x1f7dc78	0x141eb9a78	addr-match		RE::RTTI_BSImagespaceShaderBrightPassBlur3	Code/client/Games/Skyrim/RTTI.cpp:5205
399943	rtti	BSImagespaceShaderBrightPassBlur5	curated-verified	0x141f7dcb0	0x1f7dcb0	0x141eb9ab0	addr-match		RE::RTTI_BSImagespaceShaderBrightPassBlur5	Code/client/Games/Skyrim/RTTI.cpp:5207
399944	rtti	BSImagespaceShaderBrightPassBlur7	curated-verified	0x141f7dce8	0x1f7dce8	0x141eb9ae8	addr-match		RE::RTTI_BSImagespaceShaderBrightPassBlur7	Code/client/Games/Skyrim/RTTI.cpp:5209
399945	rtti	BSImagespaceShaderBrightPassBlur9	curated-verified	0x141f7dd20	0x1f7dd20	0x141eb9b20	addr-match		RE::RTTI_BSImagespaceShaderBrightPassBlur9	Code/client/Games/Skyrim/RTTI.cpp:5211
399946	rtti	BSImagespaceShaderBrightPassBlur11	curated-verified	0x141f7dd58	0x1f7dd58	0x141eb9b58	addr-match		RE::RTTI_BSImagespaceShaderBrightPassBlur11	Code/client/Games/Skyrim/RTTI.cpp:5213
399947	rtti	BSImagespaceShaderBrightPassBlur13	curated-verified	0x141f7dd98	0x1f7dd98	0x141eb9b98	addr-match		RE::RTTI_BSImagespaceShaderBrightPassBlur13	Code/client/Games/Skyrim/RTTI.cpp:5215
399948	rtti	BSImagespaceShaderBrightPassBlur15	curated-verified	0x141f7ddd8	0x1f7ddd8	0x141eb9bd8	addr-match		RE::RTTI_BSImagespaceShaderBrightPassBlur15	Code/client/Games/Skyrim/RTTI.cpp:5217
399949	rtti	BSImagespaceShaderCopy	curated-verified	0x141f7de18	0x1f7de18	0x141eb9c18	addr-match		RE::RTTI_BSImagespaceShaderCopy	Code/client/Games/Skyrim/RTTI.cpp:5219
399950	rtti	BSImagespaceShaderCopyDynamicFetchDisabled	curated-verified	0x141f7de50	0x1f7de50	0x141eb9c50	addr-match		RE::RTTI_BSImagespaceShaderCopyDynamicFetchDisabled	Code/client/Games/Skyrim/RTTI.cpp:5221
399951	rtti	BSImagespaceShaderCopyScaleBias	curated-verified	0x141f7de98	0x1f7de98	0x141eb9c98	addr-match		RE::RTTI_BSImagespaceShaderCopyScaleBias	Code/client/Games/Skyrim/RTTI.cpp:5223
399952	rtti	BSImagespaceShaderTextureMask	curated-verified	0x141f7ded0	0x1f7ded0	0x141eb9cd0	addr-match		RE::RTTI_BSImagespaceShaderTextureMask	Code/client/Games/Skyrim/RTTI.cpp:5225
399953	rtti	BSImagespaceShaderGreyScale	curated-verified	0x141f7df08	0x1f7df08	0x141eb9d08	addr-match		RE::RTTI_BSImagespaceShaderGreyScale	Code/client/Games/Skyrim/RTTI.cpp:5227
399954	rtti	BSImagespaceShaderCopyCustomViewport	curated-verified	0x141f7df40	0x1f7df40	0x141eb9d40	addr-match		RE::RTTI_BSImagespaceShaderCopyCustomViewport	Code/client/Games/Skyrim/RTTI.cpp:5229
399955	rtti	BSImagespaceShaderDepthOfField	curated-verified	0x141f7e038	0x1f7e038	0x141eb9d80	addr-match		RE::RTTI_BSImagespaceShaderDepthOfField	Code/client/Games/Skyrim/RTTI.cpp:5231
399956	rtti	BSImagespaceShaderDepthOfFieldFogged	curated-verified	0x141f7e070	0x1f7e070	0x141eb9db8	addr-match		RE::RTTI_BSImagespaceShaderDepthOfFieldFogged	Code/client/Games/Skyrim/RTTI.cpp:5233
399957	rtti	BSImagespaceShaderDepthOfFieldMaskedFogged	curated-verified	0x141f7e0b0	0x1f7e0b0	0x141eb9e00	addr-match		RE::RTTI_BSImagespaceShaderDepthOfFieldMaskedFogged	Code/client/Games/Skyrim/RTTI.cpp:5235
399958	rtti	BSImagespaceShaderDistantBlur	curated-verified	0x141f7e0f8	0x1f7e0f8	0x141eb9e48	addr-match		RE::RTTI_BSImagespaceShaderDistantBlur	Code/client/Games/Skyrim/RTTI.cpp:5237
399959	rtti	BSImagespaceShaderDistantBlurFogged	curated-verified	0x141f7e130	0x1f7e130	0x141eb9e80	addr-match		RE::RTTI_BSImagespaceShaderDistantBlurFogged	Code/client/Games/Skyrim/RTTI.cpp:5239
399960	rtti	BSImagespaceShaderDistantBlurMaskedFogged	curated-verified	0x141f7e170	0x1f7e170	0x141eb9ec0	addr-match		RE::RTTI_BSImagespaceShaderDistantBlurMaskedFogged	Code/client/Games/Skyrim/RTTI.cpp:5241
399961	rtti	BSImagespaceShaderDoubleVision	curated-verified	0x141f7e1b0	0x1f7e1b0	0x141eb9f00	addr-match		RE::RTTI_BSImagespaceShaderDoubleVision	Code/client/Games/Skyrim/RTTI.cpp:5243
399962	rtti	BSImagespaceShaderFXAA	curated-verified	0x141f7e1e8	0x1f7e1e8	0x141eb9f38	addr-match		RE::RTTI_BSImagespaceShaderFXAA	Code/client/Games/Skyrim/RTTI.cpp:5245
399963	rtti	BSImagespaceShaderHDRDownSample4	curated-verified	0x141f7e218	0x1f7e218	0x141eb9f68	addr-match		RE::RTTI_BSImagespaceShaderHDRDownSample4	Code/client/Games/Skyrim/RTTI.cpp:5247
399964	rtti	BSImagespaceShaderHDRDownSample16Lum	curated-verified	0x141f7e250	0x1f7e250	0x141eb9fa0	addr-match		RE::RTTI_BSImagespaceShaderHDRDownSample16Lum	Code/client/Games/Skyrim/RTTI.cpp:5249
399965	rtti	BSImagespaceShaderHDRDownSample4RGB2Lum	curated-verified	0x141f7e290	0x1f7e290	0x141eb9fe0	addr-match		RE::RTTI_BSImagespaceShaderHDRDownSample4RGB2Lum	Code/client/Games/Skyrim/RTTI.cpp:5251
399966	rtti	BSImagespaceShaderHDRDownSample16	curated-verified	0x141f7e2d0	0x1f7e2d0	0x141eba020	addr-match		RE::RTTI_BSImagespaceShaderHDRDownSample16	Code/client/Games/Skyrim/RTTI.cpp:5253
399967	rtti	BSImagespaceShaderHDRDownSample4LumClamp	curated-verified	0x141f7e308	0x1f7e308	0x141eba058	addr-match		RE::RTTI_BSImagespaceShaderHDRDownSample4LumClamp	Code/client/Games/Skyrim/RTTI.cpp:5255
399968	rtti	BSImagespaceShaderHDRDownSample16LumClamp	curated-verified	0x141f7e350	0x1f7e350	0x141eba0a0	addr-match		RE::RTTI_BSImagespaceShaderHDRDownSample16LumClamp	Code/client/Games/Skyrim/RTTI.cpp:5257
399969	rtti	BSImagespaceShaderHDRDownSample4LightAdapt	curated-verified	0x141f7e390	0x1f7e390	0x141eba0e0	addr-match		RE::RTTI_BSImagespaceShaderHDRDownSample4LightAdapt	Code/client/Games/Skyrim/RTTI.cpp:5259
399970	rtti	BSImagespaceShaderHDRDownSample16LightAdapt	curated-verified	0x141f7e3e0	0x1f7e3e0	0x141eba130	addr-match		RE::RTTI_BSImagespaceShaderHDRDownSample16LightAdapt	Code/client/Games/Skyrim/RTTI.cpp:5261
399971	rtti	BSImagespaceShaderHDRTonemapBlendCinematic	curated-verified	0x141f7e430	0x1f7e430	0x141eba180	addr-match		RE::RTTI_BSImagespaceShaderHDRTonemapBlendCinematic	Code/client/Games/Skyrim/RTTI.cpp:5263
399972	rtti	BSImagespaceShaderHDRTonemapBlendCinematicFade	curated-verified	0x141f7e480	0x1f7e480	0x141eba1d0	addr-match		RE::RTTI_BSImagespaceShaderHDRTonemapBlendCinematicFade	Code/client/Games/Skyrim/RTTI.cpp:5265
399973	rtti	BSImagespaceShaderLocalMap	curated-verified	0x141f7e4c8	0x1f7e4c8	0x141eba218	addr-match		RE::RTTI_BSImagespaceShaderLocalMap	Code/client/Games/Skyrim/RTTI.cpp:5267
399974	rtti	BSImagespaceShaderMap	curated-verified	0x141f7e500	0x1f7e500	0x141eba250	addr-match		RE::RTTI_BSImagespaceShaderMap	Code/client/Games/Skyrim/RTTI.cpp:5269
399975	rtti	BSImagespaceShaderWorldMap	curated-verified	0x141f7e530	0x1f7e530	0x141eba280	addr-match		RE::RTTI_BSImagespaceShaderWorldMap	Code/client/Games/Skyrim/RTTI.cpp:5271
399976	rtti	BSImagespaceShaderWorldMapNoSkyBlur	curated-verified	0x141f7e568	0x1f7e568	0x141eba2b8	addr-match		RE::RTTI_BSImagespaceShaderWorldMapNoSkyBlur	Code/client/Games/Skyrim/RTTI.cpp:5273
399977	rtti	BSImagespaceShaderNoiseScrollAndBlend	curated-verified	0x141f7e5a8	0x1f7e5a8	0x141eba2f8	addr-match		RE::RTTI_BSImagespaceShaderNoiseScrollAndBlend	Code/client/Games/Skyrim/RTTI.cpp:5275
399978	rtti	BSImagespaceShaderNoiseNormalmap	curated-verified	0x141f7e5e8	0x1f7e5e8	0x141eba338	addr-match		RE::RTTI_BSImagespaceShaderNoiseNormalmap	Code/client/Games/Skyrim/RTTI.cpp:5277
399979	rtti	BSImagespaceShaderRadialBlur	curated-verified	0x141f7e620	0x1f7e620	0x141eba370	addr-match		RE::RTTI_BSImagespaceShaderRadialBlur	Code/client/Games/Skyrim/RTTI.cpp:5279
399980	rtti	BSImagespaceShaderRadialBlurMedium	curated-verified	0x141f7e658	0x1f7e658	0x141eba3a8	addr-match		RE::RTTI_BSImagespaceShaderRadialBlurMedium	Code/client/Games/Skyrim/RTTI.cpp:5281
399981	rtti	BSImagespaceShaderRadialBlurHigh	curated-verified	0x141f7e698	0x1f7e698	0x141eba3e8	addr-match		RE::RTTI_BSImagespaceShaderRadialBlurHigh	Code/client/Games/Skyrim/RTTI.cpp:5283
399982	rtti	BSImagespaceShaderRefraction	curated-verified	0x141f7e6d0	0x1f7e6d0	0x141eba420	addr-match		RE::RTTI_BSImagespaceShaderRefraction	Code/client/Games/Skyrim/RTTI.cpp:5285
399983	rtti	BSImagespaceShaderWaterDisplacementClearSimulation	curated-verified	0x141f7e710	0x1f7e710	0x141eba460	addr-match		RE::RTTI_BSImagespaceShaderWaterDisplacementClearSimulation	Code/client/Games/Skyrim/RTTI.cpp:5287
399984	rtti	BSImagespaceShaderWaterDisplacementTexOffset	curated-verified	0x141f7e760	0x1f7e760	0x141eba4b0	addr-match		RE::RTTI_BSImagespaceShaderWaterDisplacementTexOffset	Code/client/Games/Skyrim/RTTI.cpp:5289
399985	rtti	BSImagespaceShaderWaterDisplacementWadingRipple	curated-verified	0x141f7e7b0	0x1f7e7b0	0x141eba500	addr-match		RE::RTTI_BSImagespaceShaderWaterDisplacementWadingRipple	Code/client/Games/Skyrim/RTTI.cpp:5291
399986	rtti	BSImagespaceShaderWaterDisplacementRainRipple	curated-verified	0x141f7e800	0x1f7e800	0x141eba550	addr-match		RE::RTTI_BSImagespaceShaderWaterDisplacementRainRipple	Code/client/Games/Skyrim/RTTI.cpp:5293
399987	rtti	BSImagespaceShaderWaterWadingHeightmap	curated-verified	0x141f7e848	0x1f7e848	0x141eba598	addr-match		RE::RTTI_BSImagespaceShaderWaterWadingHeightmap	Code/client/Games/Skyrim/RTTI.cpp:5295
399988	rtti	BSImagespaceShaderWaterRainHeightmap	curated-verified	0x141f7e888	0x1f7e888	0x141eba5d8	addr-match		RE::RTTI_BSImagespaceShaderWaterRainHeightmap	Code/client/Games/Skyrim/RTTI.cpp:5297
399989	rtti	BSImagespaceShaderWaterBlendHeightmaps	curated-verified	0x141f7e8c8	0x1f7e8c8	0x141eba618	addr-match		RE::RTTI_BSImagespaceShaderWaterBlendHeightmaps	Code/client/Games/Skyrim/RTTI.cpp:5299
399990	rtti	BSImagespaceShaderWaterSmoothHeightmap	curated-verified	0x141f7e908	0x1f7e908	0x141eba658	addr-match		RE::RTTI_BSImagespaceShaderWaterSmoothHeightmap	Code/client/Games/Skyrim/RTTI.cpp:5301
399991	rtti	BSImagespaceShaderWaterDisplacementNormals	curated-verified	0x141f7e950	0x1f7e950	0x141eba6a0	addr-match		RE::RTTI_BSImagespaceShaderWaterDisplacementNormals	Code/client/Games/Skyrim/RTTI.cpp:5303
399992	rtti	BSImagespaceShaderVolumetricLighting	curated-verified	0x141f7e998	0x1f7e998	0x141eba6e8	addr-match		RE::RTTI_BSImagespaceShaderVolumetricLighting	Code/client/Games/Skyrim/RTTI.cpp:5305
399993	rtti	BSImagespaceShaderWaterFlow	curated-verified	0x141f7e9d8	0x1f7e9d8	0x141eba728	addr-match		RE::RTTI_BSImagespaceShaderWaterFlow	Code/client/Games/Skyrim/RTTI.cpp:5307
399994	rtti	BSImagespaceShaderApplyReflections	curated-verified	0x141f7ea10	0x1f7ea10	0x141eba760	addr-match		RE::RTTI_BSImagespaceShaderApplyReflections	Code/client/Games/Skyrim/RTTI.cpp:5309
399995	rtti	BSImagespaceShaderISApplyVolumetricLighting	curated-verified	0x141f7ea50	0x1f7ea50	0x141eba7a0	addr-match		RE::RTTI_BSImagespaceShaderISApplyVolumetricLighting	Code/client/Games/Skyrim/RTTI.cpp:5311
399996	rtti	BSImagespaceShaderISBasicCopy	curated-verified	0x141f7ea98	0x1f7ea98	0x141eba7e8	addr-match		RE::RTTI_BSImagespaceShaderISBasicCopy	Code/client/Games/Skyrim/RTTI.cpp:5313
399997	rtti	BSImagespaceShaderISBlur	curated-verified	0x141f7ead0	0x1f7ead0	0x141eba820	addr-match		RE::RTTI_BSImagespaceShaderISBlur	Code/client/Games/Skyrim/RTTI.cpp:5315
399998	rtti	BSImagespaceShaderISVolumetricLightingBlurHCS	curated-verified	0x141f7eb00	0x1f7eb00	0x141eba850	addr-match		RE::RTTI_BSImagespaceShaderISVolumetricLightingBlurHCS	Code/client/Games/Skyrim/RTTI.cpp:5317
399999	rtti	BSImagespaceShaderISVolumetricLightingBlurVCS	curated-verified	0x141f7eb50	0x1f7eb50	0x141eba8a0	addr-match		RE::RTTI_BSImagespaceShaderISVolumetricLightingBlurVCS	Code/client/Games/Skyrim/RTTI.cpp:5319
400000	rtti	BSImagespaceShaderReflectionBlurHCS	curated-verified	0x141f7eb98	0x1f7eb98	0x141eba8e8	addr-match		RE::RTTI_BSImagespaceShaderReflectionBlurHCS	Code/client/Games/Skyrim/RTTI.cpp:5321
400001	rtti	BSImagespaceShaderReflectionBlurVCS	curated-verified	0x141f7ebd8	0x1f7ebd8	0x141eba928	addr-match		RE::RTTI_BSImagespaceShaderReflectionBlurVCS	Code/client/Games/Skyrim/RTTI.cpp:5323
400002	rtti	BSImagespaceShaderISParallaxMaskBlurHCS	curated-verified	0x141f7ec18	0x1f7ec18	0x141eba968	addr-match		RE::RTTI_BSImagespaceShaderISParallaxMaskBlurHCS	Code/client/Games/Skyrim/RTTI.cpp:5325
400003	rtti	BSImagespaceShaderISParallaxMaskBlurVCS	curated-verified	0x141f7ec58	0x1f7ec58	0x141eba9a8	addr-match		RE::RTTI_BSImagespaceShaderISParallaxMaskBlurVCS	Code/client/Games/Skyrim/RTTI.cpp:5327
400004	rtti	BSImagespaceShaderISDepthOfFieldBlurHCS	curated-verified	0x141f7ec98	0x1f7ec98	0x141eba9e8	addr-match		RE::RTTI_BSImagespaceShaderISDepthOfFieldBlurHCS	Code/client/Games/Skyrim/RTTI.cpp:5329
400005	rtti	BSImagespaceShaderISDepthOfFieldBlurVCS	curated-verified	0x141f7ecd8	0x1f7ecd8	0x141ebaa28	addr-match		RE::RTTI_BSImagespaceShaderISDepthOfFieldBlurVCS	Code/client/Games/Skyrim/RTTI.cpp:5331
400006	rtti	BSImagespaceShaderISCompositeVolumetricLighting	curated-verified	0x141f7ed20	0x1f7ed20	0x141ebaa70	addr-match		RE::RTTI_BSImagespaceShaderISCompositeVolumetricLighting	Code/client/Games/Skyrim/RTTI.cpp:5333
400007	rtti	BSImagespaceShaderISCompositeLensFlare	curated-verified	0x141f7ed68	0x1f7ed68	0x141ebaab8	addr-match		RE::RTTI_BSImagespaceShaderISCompositeLensFlare	Code/client/Games/Skyrim/RTTI.cpp:5335
400008	rtti	BSImagespaceShaderISCompositeLensFlareVolumetricLighting	curated-verified	0x141f7edb0	0x1f7edb0	0x141ebab00	addr-match		RE::RTTI_BSImagespaceShaderISCompositeLensFlareVolumetricLighting	Code/client/Games/Skyrim/RTTI.cpp:5337
400009	rtti	BSImagespaceShaderISCopySubRegionCS	curated-verified	0x141f7ee00	0x1f7ee00	0x141ebab50	addr-match		RE::RTTI_BSImagespaceShaderISCopySubRegionCS	Code/client/Games/Skyrim/RTTI.cpp:5339
400010	rtti	BSImagespaceShaderISDebugSnow	curated-verified	0x141f7ee40	0x1f7ee40	0x141ebab90	addr-match		RE::RTTI_BSImagespaceShaderISDebugSnow	Code/client/Games/Skyrim/RTTI.cpp:5341
400011	rtti	BSImagespaceShaderISDownsample	curated-verified	0x141f7ee78	0x1f7ee78	0x141ebabc8	addr-match		RE::RTTI_BSImagespaceShaderISDownsample	Code/client/Games/Skyrim/RTTI.cpp:5343
400012	rtti	BSImagespaceShaderISDownsampleIgnoreBrightest	curated-verified	0x141f7eeb0	0x1f7eeb0	0x141ebac00	addr-match		RE::RTTI_BSImagespaceShaderISDownsampleIgnoreBrightest	Code/client/Games/Skyrim/RTTI.cpp:5345
400013	rtti	BSImagespaceShaderISDownsampleCS	curated-verified	0x141f7eef8	0x1f7eef8	0x141ebac48	addr-match		RE::RTTI_BSImagespaceShaderISDownsampleCS	Code/client/Games/Skyrim/RTTI.cpp:5347
400014	rtti	BSImagespaceShaderISDownsampleIgnoreBrightestCS	curated-verified	0x141f7ef30	0x1f7ef30	0x141ebac80	addr-match		RE::RTTI_BSImagespaceShaderISDownsampleIgnoreBrightestCS	Code/client/Games/Skyrim/RTTI.cpp:5349
400015	rtti	BSImagespaceShaderISExp	curated-verified	0x141f7f020	0x1f7f020	0x141ebacc8	addr-match		RE::RTTI_BSImagespaceShaderISExp	Code/client/Games/Skyrim/RTTI.cpp:5351
400016	rtti	BSImagespaceShaderISIBLensFlares	curated-verified	0x141f7f088	0x1f7f088	0x141ebacf8	addr-match		RE::RTTI_BSImagespaceShaderISIBLensFlares	Code/client/Games/Skyrim/RTTI.cpp:5353
400017	rtti	BSImagespaceShaderISLightingComposite	curated-verified	0x141f7f0c0	0x1f7f0c0	0x141ebad30	addr-match		RE::RTTI_BSImagespaceShaderISLightingComposite	Code/client/Games/Skyrim/RTTI.cpp:5355
400018	rtti	BSImagespaceShaderISLightingCompositeNoDirectionalLight	curated-verified	0x141f7f100	0x1f7f100	0x141ebad70	addr-match		RE::RTTI_BSImagespaceShaderISLightingCompositeNoDirectionalLight	Code/client/Games/Skyrim/RTTI.cpp:5357
400019	rtti	BSImagespaceShaderISLightingCompositeMenu	curated-verified	0x141f7f150	0x1f7f150	0x141ebadc0	addr-match		RE::RTTI_BSImagespaceShaderISLightingCompositeMenu	Code/client/Games/Skyrim/RTTI.cpp:5359
400020	rtti	BSImagespaceShaderISPerlinNoiseCS	curated-verified	0x141f7f190	0x1f7f190	0x141ebae00	addr-match		RE::RTTI_BSImagespaceShaderISPerlinNoiseCS	Code/client/Games/Skyrim/RTTI.cpp:5361
400021	rtti	BSImagespaceShaderISPerlinNoise2DCS	curated-verified	0x141f7f1c8	0x1f7f1c8	0x141ebae38	addr-match		RE::RTTI_BSImagespaceShaderISPerlinNoise2DCS	Code/client/Games/Skyrim/RTTI.cpp:5363
400022	rtti	BSImagespaceShaderReflectionsRayTracing	curated-verified	0x141f7f408	0x1f7f408	0x141ebae78	addr-match		RE::RTTI_BSImagespaceShaderReflectionsRayTracing	Code/client/Games/Skyrim/RTTI.cpp:5365
400023	rtti	BSImagespaceShaderReflectionsDebugSpecMask	curated-verified	0x141f7f450	0x1f7f450	0x141ebaec0	addr-match		RE::RTTI_BSImagespaceShaderReflectionsDebugSpecMask	Code/client/Games/Skyrim/RTTI.cpp:5367
400024	rtti	BSImagespaceShaderISSAOBlurH	curated-verified	0x141f7f498	0x1f7f498	0x141ebaf08	addr-match		RE::RTTI_BSImagespaceShaderISSAOBlurH	Code/client/Games/Skyrim/RTTI.cpp:5369
400025	rtti	BSImagespaceShaderISSAOBlurV	curated-verified	0x141f7f4d0	0x1f7f4d0	0x141ebaf40	addr-match		RE::RTTI_BSImagespaceShaderISSAOBlurV	Code/client/Games/Skyrim/RTTI.cpp:5371
400026	rtti	BSImagespaceShaderISSAOBlurHCS	curated-verified	0x141f7f508	0x1f7f508	0x141ebaf78	addr-match		RE::RTTI_BSImagespaceShaderISSAOBlurHCS	Code/client/Games/Skyrim/RTTI.cpp:5373
400027	rtti	BSImagespaceShaderISSAOBlurVCS	curated-verified	0x141f7f540	0x1f7f540	0x141ebafb0	addr-match		RE::RTTI_BSImagespaceShaderISSAOBlurVCS	Code/client/Games/Skyrim/RTTI.cpp:5375
400028	rtti	BSImagespaceShaderISSAOCameraZ	curated-verified	0x141f7f578	0x1f7f578	0x141ebafe8	addr-match		RE::RTTI_BSImagespaceShaderISSAOCameraZ	Code/client/Games/Skyrim/RTTI.cpp:5377
400029	rtti	BSImagespaceShaderISSAOCameraZAndMipsCS	curated-verified	0x141f7f5b0	0x1f7f5b0	0x141ebb020	addr-match		RE::RTTI_BSImagespaceShaderISSAOCameraZAndMipsCS	Code/client/Games/Skyrim/RTTI.cpp:5379
400030	rtti	BSImagespaceShaderISSAOCompositeSAO	curated-verified	0x141f7f5f0	0x1f7f5f0	0x141ebb060	addr-match		RE::RTTI_BSImagespaceShaderISSAOCompositeSAO	Code/client/Games/Skyrim/RTTI.cpp:5381
400031	rtti	BSImagespaceShaderISSAOCompositeFog	curated-verified	0x141f7f630	0x1f7f630	0x141ebb0a0	addr-match		RE::RTTI_BSImagespaceShaderISSAOCompositeFog	Code/client/Games/Skyrim/RTTI.cpp:5383
400032	rtti	BSImagespaceShaderISSAOCompositeSAOFog	curated-verified	0x141f7f670	0x1f7f670	0x141ebb0e0	addr-match		RE::RTTI_BSImagespaceShaderISSAOCompositeSAOFog	Code/client/Games/Skyrim/RTTI.cpp:5385
400033	rtti	BSImagespaceShaderISMinify	curated-verified	0x141f7f6b0	0x1f7f6b0	0x141ebb120	addr-match		RE::RTTI_BSImagespaceShaderISMinify	Code/client/Games/Skyrim/RTTI.cpp:5387
400034	rtti	BSImagespaceShaderISMinifyContrast	curated-verified	0x141f7f6e8	0x1f7f6e8	0x141ebb158	addr-match		RE::RTTI_BSImagespaceShaderISMinifyContrast	Code/client/Games/Skyrim/RTTI.cpp:5389
400035	rtti	BSImagespaceShaderISSAORawAO	curated-verified	0x141f7f728	0x1f7f728	0x141ebb198	addr-match		RE::RTTI_BSImagespaceShaderISSAORawAO	Code/client/Games/Skyrim/RTTI.cpp:5391
400036	rtti	BSImagespaceShaderISSAORawAONoTemporal	curated-verified	0x141f7f760	0x1f7f760	0x141ebb1d0	addr-match		RE::RTTI_BSImagespaceShaderISSAORawAONoTemporal	Code/client/Games/Skyrim/RTTI.cpp:5393
400037	rtti	BSImagespaceShaderISSAORawAOCS	curated-verified	0x141f7f7a0	0x1f7f7a0	0x141ebb210	addr-match		RE::RTTI_BSImagespaceShaderISSAORawAOCS	Code/client/Games/Skyrim/RTTI.cpp:5395
400038	rtti	BSImagespaceShaderISSILComposite	curated-verified	0x141f7f7d8	0x1f7f7d8	0x141ebb248	addr-match		RE::RTTI_BSImagespaceShaderISSILComposite	Code/client/Games/Skyrim/RTTI.cpp:5397
400039	rtti	BSImagespaceShaderISSILRawInd	curated-verified	0x141f7f810	0x1f7f810	0x141ebb280	addr-match		RE::RTTI_BSImagespaceShaderISSILRawInd	Code/client/Games/Skyrim/RTTI.cpp:5399
400040	rtti	BSImagespaceShaderISSimpleColor	curated-verified	0x141f7f848	0x1f7f848	0x141ebb2b8	addr-match		RE::RTTI_BSImagespaceShaderISSimpleColor	Code/client/Games/Skyrim/RTTI.cpp:5401
400041	rtti	BSImagespaceShaderISDisplayDepth	curated-verified	0x141f7f880	0x1f7f880	0x141ebb2f0	addr-match		RE::RTTI_BSImagespaceShaderISDisplayDepth	Code/client/Games/Skyrim/RTTI.cpp:5403
400042	rtti	BSImagespaceShaderISSnowSSS	curated-verified	0x141f7f8b8	0x1f7f8b8	0x141ebb328	addr-match		RE::RTTI_BSImagespaceShaderISSnowSSS	Code/client/Games/Skyrim/RTTI.cpp:5405
400043	rtti	BSImagespaceShaderISTemporalAA	curated-verified	0x141f7f8f0	0x1f7f8f0	0x141ebb360	addr-match		RE::RTTI_BSImagespaceShaderISTemporalAA	Code/client/Games/Skyrim/RTTI.cpp:5407
400046	rtti	BSImagespaceShaderISUpsampleDynamicResolution	curated-verified	0x141f7f9a0	0x1f7f9a0	0x141ebb410	addr-match		RE::RTTI_BSImagespaceShaderISUpsampleDynamicResolution	Code/client/Games/Skyrim/RTTI.cpp:5409
400047	rtti	BSImagespaceShaderISWaterBlend	curated-verified	0x141f7f9e8	0x1f7f9e8	0x141ebb458	addr-match		RE::RTTI_BSImagespaceShaderISWaterBlend	Code/client/Games/Skyrim/RTTI.cpp:5411
400048	rtti	BSImagespaceShaderISUnderwaterMask	curated-verified	0x141f7fa20	0x1f7fa20	0x141ebb490	addr-match		RE::RTTI_BSImagespaceShaderISUnderwaterMask	Code/client/Games/Skyrim/RTTI.cpp:5413
400049	rtti	ShadowSceneNode	curated-verified	0x141f7fa60	0x1f7fa60	0x141ebb4d0	addr-match		RE::RTTI_ShadowSceneNode	Code/client/Games/Skyrim/RTTI.cpp:5415
400050	rtti	BSLightingShaderProperty	curated-verified	0x141f7fa88	0x1f7fa88	0x141ebb4f8	addr-match		RE::RTTI_BSLightingShaderProperty	Code/client/Games/Skyrim/RTTI.cpp:5417
400051	rtti	BSGrassShaderProperty	curated-verified	0x141f7fab8	0x1f7fab8	0x141ebb528	addr-match		RE::RTTI_BSGrassShaderProperty	Code/client/Games/Skyrim/RTTI.cpp:5419
400052	rtti	BSShaderAccumulator	curated-verified	0x141f7fae8	0x1f7fae8	0x141ebb558	addr-match		RE::RTTI_BSShaderAccumulator	Code/client/Games/Skyrim/RTTI.cpp:5421
400055	rtti	BSGrassShader	curated-verified	0x141f7fb80	0x1f7fb80	0x141ebb5f0	addr-match		RE::RTTI_BSGrassShader	Code/client/Games/Skyrim/RTTI.cpp:5423
400056	rtti	BSLightingShaderMaterialEnvmap	curated-verified	0x141f7fba8	0x1f7fba8	0x141ebb618	addr-match		RE::RTTI_BSLightingShaderMaterialEnvmap	Code/client/Games/Skyrim/RTTI.cpp:5425
400057	rtti	BSLightingShaderMaterialEye	curated-verified	0x141f7fbe0	0x1f7fbe0	0x141ebb650	addr-match		RE::RTTI_BSLightingShaderMaterialEye	Code/client/Games/Skyrim/RTTI.cpp:5427
400058	rtti	BSLightingShaderMaterialGlowmap	curated-verified	0x141f7fc18	0x1f7fc18	0x141ebb688	addr-match		RE::RTTI_BSLightingShaderMaterialGlowmap	Code/client/Games/Skyrim/RTTI.cpp:5429
400059	rtti	BSLightingShaderMaterialParallax	curated-verified	0x141f7fc50	0x1f7fc50	0x141ebb6c0	addr-match		RE::RTTI_BSLightingShaderMaterialParallax	Code/client/Games/Skyrim/RTTI.cpp:5431
400060	rtti	BSLightingShaderMaterialParallaxOcc	curated-verified	0x141f7fc88	0x1f7fc88	0x141ebb6f8	addr-match		RE::RTTI_BSLightingShaderMaterialParallaxOcc	Code/client/Games/Skyrim/RTTI.cpp:5433
400061	rtti	BSLightingShaderMaterialFacegen	curated-verified	0x141f7fcc8	0x1f7fcc8	0x141ebb738	addr-match		RE::RTTI_BSLightingShaderMaterialFacegen	Code/client/Games/Skyrim/RTTI.cpp:5435
400062	rtti	BSLightingShaderMaterialFacegenTint	curated-verified	0x141f7fd00	0x1f7fd00	0x141ebb770	addr-match		RE::RTTI_BSLightingShaderMaterialFacegenTint	Code/client/Games/Skyrim/RTTI.cpp:5437
400063	rtti	BSLightingShaderMaterialHairTint	curated-verified	0x141f7fd40	0x1f7fd40	0x141ebb7b0	addr-match		RE::RTTI_BSLightingShaderMaterialHairTint	Code/client/Games/Skyrim/RTTI.cpp:5439
400064	rtti	BSLightingShaderMaterialLandscape	curated-verified	0x141f7fd78	0x1f7fd78	0x141ebb7e8	addr-match		RE::RTTI_BSLightingShaderMaterialLandscape	Code/client/Games/Skyrim/RTTI.cpp:5441
400065	rtti	BSLightingShaderMaterialLODLandscape	curated-verified	0x141f7fdb0	0x1f7fdb0	0x141ebb820	addr-match		RE::RTTI_BSLightingShaderMaterialLODLandscape	Code/client/Games/Skyrim/RTTI.cpp:5443
400066	rtti	BSLightingShaderMaterialSnow	curated-verified	0x141f7fdf0	0x1f7fdf0	0x141ebb860	addr-match		RE::RTTI_BSLightingShaderMaterialSnow	Code/client/Games/Skyrim/RTTI.cpp:5445
400067	rtti	BSLightingShaderMaterialMultiLayerParallax	curated-verified	0x141f7fe30	0x1f7fe30	0x141ebb8a0	addr-match		RE::RTTI_BSLightingShaderMaterialMultiLayerParallax	Code/client/Games/Skyrim/RTTI.cpp:5447
400068	rtti	BSEffectShaderProperty	curated-verified	0x141f7fe78	0x1f7fe78	0x141ebb8e8	addr-match		RE::RTTI_BSEffectShaderProperty	Code/client/Games/Skyrim/RTTI.cpp:5449
400069	rtti	ImageSpaceEffectParam	curated-verified	0x141f7fea8	0x1f7fea8	0x141ebb918	addr-match		RE::RTTI_ImageSpaceEffectParam	Code/client/Games/Skyrim/RTTI.cpp:5451
400070	rtti	ImageSpaceShaderParam	curated-verified	0x141f7fed8	0x1f7fed8	0x141ebb948	addr-match		RE::RTTI_ImageSpaceShaderParam	Code/client/Games/Skyrim/RTTI.cpp:5453
400075	rtti	BSWaterShaderProperty	curated-verified	0x141f800a0	0x1f800a0	0x141ebbb10	addr-match		RE::RTTI_BSWaterShaderProperty	Code/client/Games/Skyrim/RTTI.cpp:5455
400076	rtti	BSBloodSplatterShaderProperty	curated-verified	0x141f800d0	0x1f800d0	0x141ebbb40	addr-match		RE::RTTI_BSBloodSplatterShaderProperty	Code/client/Games/Skyrim/RTTI.cpp:5457
400077	rtti	BSBloodSplatterShader	curated-verified	0x141f80108	0x1f80108	0x141ebbb78	addr-match		RE::RTTI_BSBloodSplatterShader	Code/client/Games/Skyrim/RTTI.cpp:5459
400078	rtti	BSImagespaceShaderLensFlare	curated-verified	0x141f80138	0x1f80138	0x141ebbba8	addr-match		RE::RTTI_BSImagespaceShaderLensFlare	Code/client/Games/Skyrim/RTTI.cpp:5461
400079	rtti	BSImagespaceShaderLensFlareVisibility	curated-verified	0x141f80170	0x1f80170	0x141ebbbe0	addr-match		RE::RTTI_BSImagespaceShaderLensFlareVisibility	Code/client/Games/Skyrim/RTTI.cpp:5463
400080	rtti	BSParticleShaderProperty	curated-verified	0x141f801b0	0x1f801b0	0x141ebbc20	addr-match		RE::RTTI_BSParticleShaderProperty	Code/client/Games/Skyrim/RTTI.cpp:5465
400081	rtti	ImageSpaceEffectHDR	curated-verified	0x141f801e0	0x1f801e0	0x141ebbc50	addr-match		RE::RTTI_ImageSpaceEffectHDR	Code/client/Games/Skyrim/RTTI.cpp:5467
400082	rtti	BSLightingShader	curated-verified	0x141f80310	0x1f80310	0x141ebbc80	addr-match		RE::RTTI_BSLightingShader	Code/client/Games/Skyrim/RTTI.cpp:5469
400083	rtti	BSWaterShader	curated-verified	0x141f80210	0x1f80210	0x141ebbca8	addr-match		RE::RTTI_BSWaterShader	Code/client/Games/Skyrim/RTTI.cpp:5471
400084	rtti	ImageSpaceEffectVolumetricLighting	curated-verified	0x141f80860	0x1f80860	0x141ebbcd0	addr-match		RE::RTTI_ImageSpaceEffectVolumetricLighting	Code/client/Games/Skyrim/RTTI.cpp:5473
400085	rtti	ImageSpaceEffectOption	curated-verified	0x141f80238	0x1f80238	0x141ebbd10	addr-match		RE::RTTI_ImageSpaceEffectOption	Code/client/Games/Skyrim/RTTI.cpp:5475
400088	rtti	ImageSpaceEffectDepthOfField	curated-verified	0x141f802d8	0x1f802d8	0x141ebbdb0	addr-match		RE::RTTI_ImageSpaceEffectDepthOfField	Code/client/Games/Skyrim/RTTI.cpp:5477
400089	rtti	BSSkyShader	curated-verified	0x141f80338	0x1f80338	0x141ebbde8	addr-match		RE::RTTI_BSSkyShader	Code/client/Games/Skyrim/RTTI.cpp:5479
400090	rtti	BSSkyShaderProperty	curated-verified	0x141f80360	0x1f80360	0x141ebbe10	addr-match		RE::RTTI_BSSkyShaderProperty	Code/client/Games/Skyrim/RTTI.cpp:5481
400099	rtti	BSEffectShaderMaterial	curated-verified	0x141f80650	0x1f80650	0x141ebc100	addr-match		RE::RTTI_BSEffectShaderMaterial	Code/client/Games/Skyrim/RTTI.cpp:5483
400100	rtti	BSEffectShader	curated-verified	0x141f80680	0x1f80680	0x141ebc130	addr-match		RE::RTTI_BSEffectShader	Code/client/Games/Skyrim/RTTI.cpp:5485
400101	rtti	BSDistantTreeShaderProperty	curated-verified	0x141f806a8	0x1f806a8	0x141ebc158	addr-match		RE::RTTI_BSDistantTreeShaderProperty	Code/client/Games/Skyrim/RTTI.cpp:5487
400102	rtti	BSDistantTreeShader	curated-verified	0x141f806e0	0x1f806e0	0x141ebc190	addr-match		RE::RTTI_BSDistantTreeShader	Code/client/Games/Skyrim/RTTI.cpp:5489
400103	rtti	BSCubeMapCamera	curated-verified	0x141f80710	0x1f80710	0x141ebc1c0	addr-match		RE::RTTI_BSCubeMapCamera	Code/client/Games/Skyrim/RTTI.cpp:5491
400104	rtti	BSWaterShaderMaterial	curated-verified	0x141f80738	0x1f80738	0x141ebc1e8	addr-match		RE::RTTI_BSWaterShaderMaterial	Code/client/Games/Skyrim/RTTI.cpp:5493
400105	rtti	ImageSpaceEffectWaterDisplacement	curated-verified	0x141f80768	0x1f80768	0x141ebc218	addr-match		RE::RTTI_ImageSpaceEffectWaterDisplacement	Code/client/Games/Skyrim/RTTI.cpp:5495
400106	rtti	BSFogProperty	curated-verified	0x141f807a0	0x1f807a0	0x141ebc250	addr-match		RE::RTTI_BSFogProperty	Code/client/Games/Skyrim/RTTI.cpp:5497
400107	rtti	BSLight	curated-verified	0x141f807f0	0x1f807f0	0x141ebc278	addr-match		RE::RTTI_BSLight	Code/client/Games/Skyrim/RTTI.cpp:5499
400108	rtti	BSShadowLight	curated-verified	0x141f80810	0x1f80810	0x141ebc298	addr-match		RE::RTTI_BSShadowLight	Code/client/Games/Skyrim/RTTI.cpp:5501
400109	rtti	BSBatchRenderer	curated-verified	0x141f807c8	0x1f807c8	0x141ebc2c0	addr-match		RE::RTTI_BSBatchRenderer	Code/client/Games/Skyrim/RTTI.cpp:5503
400110	rtti	BSClearZNode	curated-verified	0x141f80838	0x1f80838	0x141ebc2e8	addr-match		RE::RTTI_BSClearZNode	Code/client/Games/Skyrim/RTTI.cpp:5505
400111	rtti	ImageSpaceEffectRefraction	curated-verified	0x141f808a0	0x1f808a0	0x141ebc310	addr-match		RE::RTTI_ImageSpaceEffectRefraction	Code/client/Games/Skyrim/RTTI.cpp:5507
400112	rtti	ImageSpaceEffectRadialBlur	curated-verified	0x141f808d8	0x1f808d8	0x141ebc348	addr-match		RE::RTTI_ImageSpaceEffectRadialBlur	Code/client/Games/Skyrim/RTTI.cpp:5509
400113	rtti	BSUtilityShader	curated-verified	0x141f80910	0x1f80910	0x141ebc380	addr-match		RE::RTTI_BSUtilityShader	Code/client/Games/Skyrim/RTTI.cpp:5511
400114	rtti	ImageSpaceEffectWorldMap	curated-verified	0x141f809a0	0x1f809a0	0x141ebc3a8	addr-match		RE::RTTI_ImageSpaceEffectWorldMap	Code/client/Games/Skyrim/RTTI.cpp:5513
400115	rtti	NiMemStream	curated-verified	0x141f809d0	0x1f809d0	0x141ebc3d8	addr-match		RE::RTTI_NiMemStream	Code/client/Games/Skyrim/RTTI.cpp:5515
400116	rtti	BSOrderedNode	curated-verified	0x141f809f8	0x1f809f8	0x141ebc400	addr-match		RE::RTTI_BSOrderedNode	Code/client/Games/Skyrim/RTTI.cpp:5517
400117	rtti	BSLines	curated-verified	0x141f80a20	0x1f80a20	0x141ebc428	addr-match		RE::RTTI_BSLines	Code/client/Games/Skyrim/RTTI.cpp:5519
400118	rtti	BSDynamicLines	curated-verified	0x141f80a40	0x1f80a40	0x141ebc448	addr-match		RE::RTTI_BSDynamicLines	Code/client/Games/Skyrim/RTTI.cpp:5521
400121	rtti	BSShapeConstructor	curated-verified	0x141f66760	0x1f66760	0x141ebc4e0	addr-match		RE::RTTI_BSShapeConstructor	Code/client/Games/Skyrim/RTTI.cpp:5523
400122	rtti	BSBoxConstructor	curated-verified	0x141f66790	0x1f66790	0x141ebc510	addr-match		RE::RTTI_BSBoxConstructor	Code/client/Games/Skyrim/RTTI.cpp:5525
400123	rtti	BSOrientedBoxConstructor	curated-verified	0x141f667b8	0x1f667b8	0x141ebc538	addr-match		RE::RTTI_BSOrientedBoxConstructor	Code/client/Games/Skyrim/RTTI.cpp:5527
400124	rtti	BSSphereConstructor	curated-verified	0x141f667e8	0x1f667e8	0x141ebc568	addr-match		RE::RTTI_BSSphereConstructor	Code/client/Games/Skyrim/RTTI.cpp:5529
400125	rtti	BSCylinderConstructor	curated-verified	0x141f66818	0x1f66818	0x141ebc598	addr-match		RE::RTTI_BSCylinderConstructor	Code/client/Games/Skyrim/RTTI.cpp:5531
400126	rtti	BSCapsuleConstructor	curated-verified	0x141f66848	0x1f66848	0x141ebc5c8	addr-match		RE::RTTI_BSCapsuleConstructor	Code/client/Games/Skyrim/RTTI.cpp:5533
400127	rtti	BSArrowConstructor	curated-verified	0x141f66878	0x1f66878	0x141ebc5f8	addr-match		RE::RTTI_BSArrowConstructor	Code/client/Games/Skyrim/RTTI.cpp:5535
400128	rtti	BSCircleConstructor	curated-verified	0x141f668a8	0x1f668a8	0x141ebc628	addr-match		RE::RTTI_BSCircleConstructor	Code/client/Games/Skyrim/RTTI.cpp:5537
400129	rtti	BSRingConstructor	curated-verified	0x141f668d8	0x1f668d8	0x141ebc658	addr-match		RE::RTTI_BSRingConstructor	Code/client/Games/Skyrim/RTTI.cpp:5539
400130	rtti	BSFlatQuadConstructor	curated-verified	0x141f66900	0x1f66900	0x141ebc680	addr-match		RE::RTTI_BSFlatQuadConstructor	Code/client/Games/Skyrim/RTTI.cpp:5541
400131	rtti	BSDiskConstructor	curated-verified	0x141f66930	0x1f66930	0x141ebc6b0	addr-match		RE::RTTI_BSDiskConstructor	Code/client/Games/Skyrim/RTTI.cpp:5543
400132	rtti	BSMultiIndexTriShape	curated-verified	0x141f80ad8	0x1f80ad8	0x141ebc6d8	addr-match		RE::RTTI_BSMultiIndexTriShape	Code/client/Games/Skyrim/RTTI.cpp:5545
400133	rtti	BSParticleShader	curated-verified	0x141f80b08	0x1f80b08	0x141ebc708	addr-match		RE::RTTI_BSParticleShader	Code/client/Games/Skyrim/RTTI.cpp:5547
400134	rtti	BSLightingShaderPropertyFloatController	curated-verified	0x141f80b30	0x1f80b30	0x141ebc730	addr-match		RE::RTTI_BSLightingShaderPropertyFloatController	Code/client/Games/Skyrim/RTTI.cpp:5549
400135	rtti	BSLightingShaderPropertyUShortController	curated-verified	0x141f80b70	0x1f80b70	0x141ebc770	addr-match		RE::RTTI_BSLightingShaderPropertyUShortController	Code/client/Games/Skyrim/RTTI.cpp:5551
400136	rtti	BSLightingShaderPropertyColorController	curated-verified	0x141f80bb0	0x1f80bb0	0x141ebc7b0	addr-match		RE::RTTI_BSLightingShaderPropertyColorController	Code/client/Games/Skyrim/RTTI.cpp:5553
400137	rtti	BSEffectShaderPropertyFloatController	curated-verified	0x141f80bf0	0x1f80bf0	0x141ebc7f0	addr-match		RE::RTTI_BSEffectShaderPropertyFloatController	Code/client/Games/Skyrim/RTTI.cpp:5555
400138	rtti	BSEffectShaderPropertyColorController	curated-verified	0x141f80c30	0x1f80c30	0x141ebc830	addr-match		RE::RTTI_BSEffectShaderPropertyColorController	Code/client/Games/Skyrim/RTTI.cpp:5557
400139	rtti	BSNiAlphaPropertyTestRefController	curated-verified	0x141f80c70	0x1f80c70	0x141ebc870	addr-match		RE::RTTI_BSNiAlphaPropertyTestRefController	Code/client/Games/Skyrim/RTTI.cpp:5559
400140	rtti	BSPSysSimpleColorModifier	curated-verified	0x141f80cb0	0x1f80cb0	0x141ebc8b0	addr-match		RE::RTTI_BSPSysSimpleColorModifier	Code/client/Games/Skyrim/RTTI.cpp:5561
400141	rtti	BSPSysLODModifier	curated-verified	0x141f80ce0	0x1f80ce0	0x141ebc8e0	addr-match		RE::RTTI_BSPSysLODModifier	Code/client/Games/Skyrim/RTTI.cpp:5563
400142	rtti	BSShadowDirectionalLight	curated-verified	0x141f80970	0x1f80970	0x141ebc908	addr-match		RE::RTTI_BSShadowDirectionalLight	Code/client/Games/Skyrim/RTTI.cpp:5565
400143	rtti	BSShaderResourceManager	curated-verified	0x141f80d38	0x1f80d38	0x141ebc968	addr-match		RE::RTTI_BSShaderResourceManager	Code/client/Games/Skyrim/RTTI.cpp:5567
400144	rtti	IRendererResourceManager	curated-verified	0x141f80d08	0x1f80d08	0x141ebc938	addr-match		RE::RTTI_IRendererResourceManager	Code/client/Games/Skyrim/RTTI.cpp:5569
400145	rtti	ImageSpaceEffectGetHit	curated-verified	0x141f80d68	0x1f80d68	0x141ebc998	addr-match		RE::RTTI_ImageSpaceEffectGetHit	Code/client/Games/Skyrim/RTTI.cpp:5571
400146	rtti	ImageSpaceEffectBlur	curated-verified	0x141f80d98	0x1f80d98	0x141ebc9c8	addr-match		RE::RTTI_ImageSpaceEffectBlur	Code/client/Games/Skyrim/RTTI.cpp:5573
400147	rtti	ImageSpaceEffectFullScreenBlur	curated-verified	0x141f80dc8	0x1f80dc8	0x141ebc9f8	addr-match		RE::RTTI_ImageSpaceEffectFullScreenBlur	Code/client/Games/Skyrim/RTTI.cpp:5575
400148	rtti	ImageSpaceEffectMap	curated-verified	0x141f80e00	0x1f80e00	0x141ebca30	addr-match		RE::RTTI_ImageSpaceEffectMap	Code/client/Games/Skyrim/RTTI.cpp:5577
400149	rtti	ImageSpaceEffectNoise	curated-verified	0x141f80e30	0x1f80e30	0x141ebca60	addr-match		RE::RTTI_ImageSpaceEffectNoise	Code/client/Games/Skyrim/RTTI.cpp:5579
400150	rtti	BSParabolicCullingProcess	curated-verified	0x141f80e60	0x1f80e60	0x141ebca90	addr-match		RE::RTTI_BSParabolicCullingProcess	Code/client/Games/Skyrim/RTTI.cpp:5581
400151	rtti	BSShadowFrustumLight	curated-verified	0x141f80e90	0x1f80e90	0x141ebcac0	addr-match		RE::RTTI_BSShadowFrustumLight	Code/client/Games/Skyrim/RTTI.cpp:5583
400152	rtti	BSShadowParabolicLight	curated-verified	0x141f80ec0	0x1f80ec0	0x141ebcaf0	addr-match		RE::RTTI_BSShadowParabolicLight	Code/client/Games/Skyrim/RTTI.cpp:5585
400153	rtti	BSComputeShader	curated-verified	0x141f80ef0	0x1f80ef0	0x141ebcb20	addr-match		RE::RTTI_BSComputeShader	Code/client/Games/Skyrim/RTTI.cpp:5587
400154	rtti	BSMeshLODTriShape	curated-verified	0x141f66738	0x1f66738	0x141ebcb48	addr-match		RE::RTTI_BSMeshLODTriShape	Code/client/Games/Skyrim/RTTI.cpp:5589
400155	rtti	BSLODMultiIndexTriShape	curated-verified	0x141f80f18	0x1f80f18	0x141ebcb70	addr-match		RE::RTTI_BSLODMultiIndexTriShape	Code/client/Games/Skyrim/RTTI.cpp:5591
400156	rtti	BSSubIndexLandTriShape	curated-verified	0x141f80f48	0x1f80f48	0x141ebcba0	addr-match		RE::RTTI_BSSubIndexLandTriShape	Code/client/Games/Skyrim/RTTI.cpp:5593
400159	rtti	CCallbackBase	curated-verified	0x141f80fe8	0x1f80fe8	0x141ebcc40	addr-match		RE::RTTI_CCallbackBase	Code/client/Games/Skyrim/RTTI.cpp:5595
400163	rtti	BSSystemUtility	curated-verified	0x141f81108	0x1f81108	0x141ebcd68	addr-match		RE::RTTI_BSSystemUtility	Code/client/Games/Skyrim/RTTI.cpp:5597
400165	rtti	BSGameDataSystemUtility	curated-verified	0x141f81168	0x1f81168	0x141ebcdc8	addr-match		RE::RTTI_BSGameDataSystemUtility	Code/client/Games/Skyrim/RTTI.cpp:5599
400166	rtti	BSWin32SaveDataSystemUtility	curated-verified	0x141f81198	0x1f81198	0x141ebcdf8	addr-match		RE::RTTI_BSWin32SaveDataSystemUtility	Code/client/Games/Skyrim/RTTI.cpp:5601
400167	rtti	BSSaveDataSystemUtility	curated-verified	0x141f811d0	0x1f811d0	0x141ebce30	addr-match		RE::RTTI_BSSaveDataSystemUtility	Code/client/Games/Skyrim/RTTI.cpp:5603
400173	rtti	BSSaveDataSystemUtilityFile	curated-verified	0x141f812e0	0x1f812e0	0x141ebcf78	addr-match		RE::RTTI_BSSaveDataSystemUtilityFile	Code/client/Games/Skyrim/RTTI.cpp:5605
400175	rtti	BSSystemUtilitiesStrings	curated-verified	0x141f81350	0x1f81350	0x141ebcfe8	addr-match		RE::RTTI_BSSystemUtilitiesStrings	Code/client/Games/Skyrim/RTTI.cpp:5607
400176	rtti	BSStreamSystemUtility	curated-verified	0x141f81380	0x1f81380	0x141ebd018	addr-match		RE::RTTI_BSStreamSystemUtility	Code/client/Games/Skyrim/RTTI.cpp:5609
400177	rtti	BSWin32SystemUtility	curated-verified	0x141f813b0	0x1f813b0	0x141ebd048	addr-match		RE::RTTI_BSWin32SystemUtility	Code/client/Games/Skyrim/RTTI.cpp:5611
400178	rtti	BSCacheDriveSystemUtility	curated-verified	0x141f81420	0x1f81420	0x141ebd078	addr-match		RE::RTTI_BSCacheDriveSystemUtility	Code/client/Games/Skyrim/RTTI.cpp:5613
400179	rtti	BSSysInfoSystemUtility	curated-verified	0x141f81450	0x1f81450	0x141ebd0a8	addr-match		RE::RTTI_BSSysInfoSystemUtility	Code/client/Games/Skyrim/RTTI.cpp:5615
400180	rtti	BSWin32GameDataSystemUtility	UNMAPPED				none			Code/client/Games/Skyrim/RTTI.cpp:5617
400181	rtti	BSAwardsSystemUtility	curated-verified	0x141f814b0	0x1f814b0	0x141ebd108	addr-match		RE::RTTI_BSAwardsSystemUtility	Code/client/Games/Skyrim/RTTI.cpp:5619
400182	rtti	BSWin32AwardsSystemUtility	curated-verified	0x141f814e0	0x1f814e0	0x141ebd138	addr-match		RE::RTTI_BSWin32AwardsSystemUtility	Code/client/Games/Skyrim/RTTI.cpp:5621
400183	rtti	BSMsgDialogSystemUtility	curated-verified	0x141f81480	0x1f81480	0x141ebd0d8	addr-match		RE::RTTI_BSMsgDialogSystemUtility	Code/client/Games/Skyrim/RTTI.cpp:5623
400184	rtti	BSDiscBootSystemUtility	curated-verified	0x141f81590	0x1f81590	0x141ebd170	addr-match		RE::RTTI_BSDiscBootSystemUtility	Code/client/Games/Skyrim/RTTI.cpp:5625
400186	rtti	BSSocket	curated-verified	0x141f81860	0x1f81860	0x141ebd1c0	addr-match		RE::RTTI_BSSocket	Code/client/Games/Skyrim/RTTI.cpp:5627
400187	rtti	BSSocketServer	curated-verified	0x141f81880	0x1f81880	0x141ebd1e0	addr-match		RE::RTTI_BSSocketServer	Code/client/Games/Skyrim/RTTI.cpp:5629
400188	pointer	s_gameHeap	override	0x141f81900	0x1f81900		none		MemoryManager singleton - lea target of MemoryManager::GetSingleton at VR 0x14010D590	Code/client/Games/Memory.cpp:15
400269	pointer	modManager	curated-verified	0x141f82ad8	0x1f82ad8	0x141ebe428	addr-match		RE::TESDataHandler::Singleton	Code/client/Games/ModManager.cpp:9
400312	pointer	s_nullHandle	curated-weak	0x141f8319c	0x1f8319c	0x141ebeabc	addr-match		GetInvalidRefHandle	Code/client/Games/Skyrim/TESObjectREFR.cpp:133
400315	pointer	processLists	curated-verified	0x141f831b0	0x1f831b0	0x141ebead0	both		ProcessLists* GetSingleton()	Code/client/Games/TES.cpp:14
400320	pointer	pObjManager	curated-identical	0x141f831c8	0x1f831c8	0x141ebeae8	addr-match		BGSCreatedObjectManager::GetSingleton()	Code/client/Games/BGSCreatedObjectManager.cpp:5
400327	pointer	s_instance	curated-verified	0x141f83200	0x1f83200	0x141ebeb20	addr-match		RE::UI::Singleton	Code/client/Games/Skyrim/Interface/UI.cpp:13
400441	pointer	tes	auto-diff	0x141f850d8	0x1f850d8	0x141ec0a50	addr-match			Code/client/Games/TES.cpp:7
400443	pointer	s_singleton	curated-weak	0x141f850e8	0x1f850e8	0x141ec0a60	addr-match		SubtitleManager* GetSingleton()	Code/client/Games/Misc/SubtitleManager.cpp:13
400447	pointer	s_instance	curated-verified	0x141f85108	0x1f85108	0x141ec0a80	addr-match		RE::Calendar::Singleton	Code/client/Games/TimeManager.cpp:6
400475	pointer	s_instance	curated-verified	0x141f889d8	0x1f889d8	0x141ec3b78	addr-match		RE::SkyrimVM::Singleton	Code/client/Games/Skyrim/Misc/GameVM.cpp:7
400508	pointer	s_factories	curated-weak	0x141f88b40	0x1f88b40	0x141ec3ce0	both		RE::FormFactory::FormFactories	Code/client/Games/FormFactory.cpp:10
400636	pointer	s_singleton	curated-verified	0x142f896d8	0x2f896d8	0x142ec4838	addr-match		RE::ActorEquipManager::Singleton	Code/client/Games/Skyrim/EquipManager.cpp:65
400802	pointer	s_instance	curated-verified	0x142f8a888	0x2f8a888	0x142ec59b8	addr-match		RE::PlayerCamera::Singleton	Code/client/Games/Skyrim/Camera/PlayerCamera.cpp:8
400863	pointer	s_instance	curated-identical	0x142f8aaa0	0x2f8aaa0	0x142ec5bd0	addr-match		RE::ControlMap::Singleton	Code/client/Games/Skyrim/AI/Movement/PlayerControls.cpp:24
400864	pointer	s_instance	curated-verified	0x142f8aaa8	0x2f8aaa8	0x142ec5bd8	addr-match		RE::PlayerControls::Singleton	Code/client/Games/Skyrim/AI/Movement/PlayerControls.cpp:6
401069	pointer	s_character	auto-diff	0x142fc46a8	0x2fc46a8	0x142eff7d8	addr-match			Code/client/Games/Skyrim/PlayerCharacter.cpp:45
401099	pointer	s_singleton	curated-verified	0x142fc4878	0x2fc4878	0x142eff988	both		MenuTopicManager* GetSingleton()	Code/client/Games/Misc/MenuTopicManager.cpp:10
401100	pointer	qword_142EFF990	auto-diff	0x142fc4880	0x2fc4880	0x142eff990	addr-match			Code/client/Games/Skyrim/AnimationExperiments.cpp:341
401263	pointer	s_instance	curated-weak	0x142fc52e8	0x2fc52e8	0x142f003f8	addr-match		RE::MenuControls::Singleton	Code/client/Games/Skyrim/Interface/MenuControls.cpp:11
403330	pointer	s_singleton	curated-identical	0x142feb200	0x2feb200	0x142f266f8	addr-match		BGSSaveLoadGame* GetSingleton()	Code/client/Games/Forms.cpp:104
403566	pointer	qword_142F271B8	auto-diff	0x142febcb0	0x2febcb0	0x142f271b8	addr-match			Code/client/Games/Animation.cpp:112
403567	pointer	s_actorMediator	auto-diff	0x142febcb8	0x2febcb8	0x142f271c0	addr-match			Code/client/Games/Animation.cpp:69
403568	pointer	qword_142F271C8	auto-diff	0x142febcc0	0x2febcc0	0x142f271c8	addr-match			Code/client/Games/Skyrim/AnimationExperiments.cpp:340
403759	pointer	s_instance	curated-verified	0x142ffd778	0x2ffd778	0x142f38978	both		TaskQueueInterface* GetSingleton()	Code/client/Games/Skyrim/Misc/WeatherManager.cpp:7
403988	pointer	qword_142F3A1E8	auto-diff	0x142fff008	0x2fff008	0x142f3a1e8	addr-match			Code/client/Games/Skyrim/AnimationExperiments.cpp:379
404125	pointer	s_value	curated-verified	0x142fff43c	0x2fff43c	0x142f3a644	addr-match		AITimer* GetSingleton()	Code/client/Games/Skyrim/AI/AITimer.h:7
404238	pointer	bGodMode	curated-identical	0x142fffdea	0x2fffdea	0x142f3afb6	addr-match		bool IsGodMode()	Code/client/Games/Skyrim/PlayerCharacter.cpp:60
405282	pointer	s_value	auto-diff	0x143010168	0x3010168	0x142f4aeb8	addr-match			Code/client/Services/Debug/Views/CombatView.cpp:90
406126	pointer	s_matrix	curated-identical	0x143011d40	0x3011d40	0x142f4c910	addr-match		TrueHUD::g_worldToCamMatrix	Code/client/Games/Skyrim/Interface/Menus/HUDMenuUtils.cpp:19
406160	pointer	s_port	override	0x1430133a8	0x30133a8		none		HUD camera viewport rect - movups destination in VR 0x1408AD5B0, matching SE 0x14091FCC0	Code/client/Games/Skyrim/Interface/Menus/HUDMenuUtils.cpp:20
410506	pointer	NiCameraRTTI	curated-verified	0x14316ad98	0x316ad98	0x143012598	both		RE::NiRTTI_NiCamera	Code/client/Games/Skyrim/Camera/TESCamera.cpp:8
411155	pointer	settingCollection	curated-verified	0x143175fe0	0x3175fe0	0x14301d758	addr-match		RE::INISettingCollection::Singleton	Code/client/Games/INISettingCollection.cpp:7
411347	pointer	s_instance	curated-identical	0x14317e790	0x317e790	0x143025f00	addr-match		gUnkWindow_*	Code/client/Games/Renderer.cpp:21
411348	pointer	s_device	curated-identical	0x14317e798	0x317e798	0x143025f08	addr-match		RE::g_ID3D11Device	Code/client/Games/Renderer.cpp:28
411393	pointer	s_textureHolder	curated-verified	0x143181700	0x3181700	0x143028490	both		BSRenderManager* GetSingleton()	Code/client/Systems/FaceGenSystem.cpp:65
414391	pointer	s_policy	auto-diff	0x143422948	0x3422948	0x1431d07a8	addr-match			Code/client/Games/Skyrim/Misc/BSScript.cpp:108
414675	pointer	NiMaskedShaderRTTI	curated-verified	0x143423e20	0x3423e20	0x1431d1af8	addr-match		RE::NiRTTI_BSLightingShaderProperty	Code/client/Systems/FaceGenSystem.cpp:61
